Unique Track Name,Unique URL,Album Name,Artist Name,Hour,Time of Day,Year,Path Order,Track by Artist,Table Name,Track Name,"Track Name No ""-""",Uri,Duration Listened
Harvest Moon,https://open.spotify.com/embed/track/2nekCvC9XRXQckWNnkIp2l,Harvest Moon,Neil Young,16,Afternoon,2021,0,Harvest Moon -- Neil Young,Spotify Listening History 2019 - 2022.csv,Harvest Moon,Harvest Moon,5l9c6bJmzvftumhz4TMPgk,5.05355
Harvest Moon,https://open.spotify.com/embed/track/2nekCvC9XRXQckWNnkIp2l,Harvest Moon,Neil Young,13,Afternoon,2021,0,Harvest Moon -- Neil Young,Spotify Listening History 2019 - 2022.csv,Harvest Moon,Harvest Moon,5l9c6bJmzvftumhz4TMPgk,5.05355
Harvest Moon,https://open.spotify.com/embed/track/2nekCvC9XRXQckWNnkIp2l,Harvest Moon,Neil Young,20,Evening,2021,0,Harvest Moon -- Neil Young,Spotify Listening History 2019 - 2022.csv,Harvest Moon,Harvest Moon,5l9c6bJmzvftumhz4TMPgk,2.940666667
Harvest Moon,https://open.spotify.com/embed/track/2nekCvC9XRXQckWNnkIp2l,Harvest Moon,Neil Young,23,Evening,2021,0,Harvest Moon -- Neil Young,Spotify Listening History 2019 - 2022.csv,Harvest Moon,Harvest Moon,5l9c6bJmzvftumhz4TMPgk,5.05355
Harvest Moon,https://open.spotify.com/embed/track/2nekCvC9XRXQckWNnkIp2l,Harvest Moon,Neil Young,22,Evening,2021,0,Harvest Moon -- Neil Young,Spotify Listening History 2019 - 2022.csv,Harvest Moon,Harvest Moon,5l9c6bJmzvftumhz4TMPgk,5.05355
Harvest Moon,https://open.spotify.com/embed/track/2nekCvC9XRXQckWNnkIp2l,Harvest Moon,Neil Young,20,Evening,2021,0,Harvest Moon -- Neil Young,Spotify Listening History 2019 - 2022.csv,Harvest Moon,Harvest Moon,5l9c6bJmzvftumhz4TMPgk,5.05355
Harvest Moon,https://open.spotify.com/embed/track/2nekCvC9XRXQckWNnkIp2l,Harvest Moon,Neil Young,10,Morning,2021,0,Harvest Moon -- Neil Young,Spotify Listening History 2019 - 2022.csv,Harvest Moon,Harvest Moon,5l9c6bJmzvftumhz4TMPgk,5.05355
Harvest Moon,https://open.spotify.com/embed/track/2nekCvC9XRXQckWNnkIp2l,Harvest Moon,Neil Young,8,Morning,2021,0,Harvest Moon -- Neil Young,Spotify Listening History 2019 - 2022.csv,Harvest Moon,Harvest Moon,5l9c6bJmzvftumhz4TMPgk,1.61955
Harvest Moon,https://open.spotify.com/embed/track/2nekCvC9XRXQckWNnkIp2l,Harvest Moon,Neil Young,14,Afternoon,2021,0,Harvest Moon -- Neil Young,Spotify Listening History 2019 - 2022.csv,Harvest Moon,Harvest Moon,5l9c6bJmzvftumhz4TMPgk,1.092333333
Harvest Moon,https://open.spotify.com/embed/track/2nekCvC9XRXQckWNnkIp2l,Harvest Moon,Neil Young,12,Afternoon,2021,0,Harvest Moon -- Neil Young,Spotify Listening History 2019 - 2022.csv,Harvest Moon,Harvest Moon,5l9c6bJmzvftumhz4TMPgk,4.37475
Harvest Moon,https://open.spotify.com/embed/track/2nekCvC9XRXQckWNnkIp2l,Harvest Moon,Neil Young,17,Afternoon,2021,0,Harvest Moon -- Neil Young,Spotify Listening History 2019 - 2022.csv,Harvest Moon,Harvest Moon,5l9c6bJmzvftumhz4TMPgk,5.05355
Harvest Moon,https://open.spotify.com/embed/track/2nekCvC9XRXQckWNnkIp2l,Harvest Moon,Neil Young,7,Morning,2021,0,Harvest Moon -- Neil Young,Spotify Listening History 2019 - 2022.csv,Harvest Moon,Harvest Moon,5l9c6bJmzvftumhz4TMPgk,5.05355
Harvest Moon,https://open.spotify.com/embed/track/2nekCvC9XRXQckWNnkIp2l,Harvest Moon,Neil Young,1,Night,2021,0,Harvest Moon -- Neil Young,Spotify Listening History 2019 - 2022.csv,Harvest Moon,Harvest Moon,5l9c6bJmzvftumhz4TMPgk,5.05355
Harvest Moon,https://open.spotify.com/embed/track/2nekCvC9XRXQckWNnkIp2l,Harvest Moon,Neil Young,23,Evening,2021,0,Harvest Moon -- Neil Young,Spotify Listening History 2019 - 2022.csv,Harvest Moon,Harvest Moon,5l9c6bJmzvftumhz4TMPgk,5.05355
Harvest Moon,https://open.spotify.com/embed/track/2nekCvC9XRXQckWNnkIp2l,Harvest Moon,Neil Young,0,Night,2021,0,Harvest Moon -- Neil Young,Spotify Listening History 2019 - 2022.csv,Harvest Moon,Harvest Moon,5l9c6bJmzvftumhz4TMPgk,5.05355
Harvest Moon,https://open.spotify.com/embed/track/2nekCvC9XRXQckWNnkIp2l,Harvest Moon,Neil Young,15,Afternoon,2021,0,Harvest Moon -- Neil Young,Spotify Listening History 2019 - 2022.csv,Harvest Moon,Harvest Moon,5l9c6bJmzvftumhz4TMPgk,5.05355
Harvest Moon,https://open.spotify.com/embed/track/2nekCvC9XRXQckWNnkIp2l,Harvest Moon,Neil Young,16,Afternoon,2019,0,Harvest Moon -- Neil Young,Spotify Listening History 2019 - 2022.csv,Harvest Moon,Harvest Moon,5l9c6bJmzvftumhz4TMPgk,5.05355
Harvest Moon,https://open.spotify.com/embed/track/2nekCvC9XRXQckWNnkIp2l,Harvest Moon,Neil Young,18,Evening,2021,0,Harvest Moon -- Neil Young,Spotify Listening History 2019 - 2022.csv,Harvest Moon,Harvest Moon,5l9c6bJmzvftumhz4TMPgk,3.90185
Harvest Moon,https://open.spotify.com/embed/track/2nekCvC9XRXQckWNnkIp2l,"Eat, Pray, Love",Neil Young,9,Morning,2022,0,Harvest Moon -- Neil Young,Spotify Listening History 2019 - 2022.csv,Harvest Moon,Harvest Moon,2nekCvC9XRXQckWNnkIp2l,3.836266667
Harvest Moon,https://open.spotify.com/embed/track/2nekCvC9XRXQckWNnkIp2l,"Eat, Pray, Love",Neil Young,23,Evening,2022,0,Harvest Moon -- Neil Young,Spotify Listening History 2019 - 2022.csv,Harvest Moon,Harvest Moon,2nekCvC9XRXQckWNnkIp2l,4.9851
Harvest Moon,https://open.spotify.com/embed/track/2nekCvC9XRXQckWNnkIp2l,Harvest Moon,Neil Young,18,Evening,2019,0,Harvest Moon -- Neil Young,Spotify Listening History 2019 - 2022.csv,Harvest Moon,Harvest Moon,5l9c6bJmzvftumhz4TMPgk,5.05355
Harvest Moon,https://open.spotify.com/embed/track/2nekCvC9XRXQckWNnkIp2l,Harvest Moon,Neil Young,0,Night,2021,0,Harvest Moon -- Neil Young,Spotify Listening History 2019 - 2022.csv,Harvest Moon,Harvest Moon,5l9c6bJmzvftumhz4TMPgk,3.6743
Harvest Moon,https://open.spotify.com/embed/track/2nekCvC9XRXQckWNnkIp2l,Harvest Moon,Neil Young,14,Afternoon,2021,0,Harvest Moon -- Neil Young,Spotify Listening History 2019 - 2022.csv,Harvest Moon,Harvest Moon,5l9c6bJmzvftumhz4TMPgk,4.052966667
Harvest Moon,https://open.spotify.com/embed/track/2nekCvC9XRXQckWNnkIp2l,Harvest Moon,Neil Young,21,Evening,2019,0,Harvest Moon -- Neil Young,Spotify Listening History 2019 - 2022.csv,Harvest Moon,Harvest Moon,5l9c6bJmzvftumhz4TMPgk,5.05355
Harvest Moon,https://open.spotify.com/embed/track/2nekCvC9XRXQckWNnkIp2l,Harvest Moon,Neil Young,21,Evening,2021,0,Harvest Moon -- Neil Young,Spotify Listening History 2019 - 2022.csv,Harvest Moon,Harvest Moon,5l9c6bJmzvftumhz4TMPgk,5.05355
Harvest Moon,https://open.spotify.com/embed/track/2nekCvC9XRXQckWNnkIp2l,Harvest Moon,Neil Young,8,Morning,2021,0,Harvest Moon -- Neil Young,Spotify Listening History 2019 - 2022.csv,Harvest Moon,Harvest Moon,5l9c6bJmzvftumhz4TMPgk,3.5904
Harvest Moon,https://open.spotify.com/embed/track/2nekCvC9XRXQckWNnkIp2l,Harvest Moon,Neil Young,15,Afternoon,2019,0,Harvest Moon -- Neil Young,Spotify Listening History 2019 - 2022.csv,Harvest Moon,Harvest Moon,5l9c6bJmzvftumhz4TMPgk,5.05355
Harvest Moon,https://open.spotify.com/embed/track/2nekCvC9XRXQckWNnkIp2l,Harvest Moon,Neil Young,18,Evening,2019,0,Harvest Moon -- Neil Young,Spotify Listening History 2019 - 2022.csv,Harvest Moon,Harvest Moon,5l9c6bJmzvftumhz4TMPgk,5.05355
Harvest Moon,https://open.spotify.com/embed/track/2nekCvC9XRXQckWNnkIp2l,Harvest Moon,Neil Young,23,Evening,2020,0,Harvest Moon -- Neil Young,Spotify Listening History 2019 - 2022.csv,Harvest Moon,Harvest Moon,5l9c6bJmzvftumhz4TMPgk,5.05355
Harvest Moon,https://open.spotify.com/embed/track/2nekCvC9XRXQckWNnkIp2l,Harvest Moon,Neil Young,9,Morning,2019,0,Harvest Moon -- Neil Young,Spotify Listening History 2019 - 2022.csv,Harvest Moon,Harvest Moon,5l9c6bJmzvftumhz4TMPgk,5.05355
Harvest Moon,https://open.spotify.com/embed/track/2nekCvC9XRXQckWNnkIp2l,Harvest Moon,Neil Young,6,Morning,2019,0,Harvest Moon -- Neil Young,Spotify Listening History 2019 - 2022.csv,Harvest Moon,Harvest Moon,5l9c6bJmzvftumhz4TMPgk,5.05355
Harvest Moon,https://open.spotify.com/embed/track/2nekCvC9XRXQckWNnkIp2l,Harvest Moon,Neil Young,14,Afternoon,2020,0,Harvest Moon -- Neil Young,Spotify Listening History 2019 - 2022.csv,Harvest Moon,Harvest Moon,5l9c6bJmzvftumhz4TMPgk,5.05355
Harvest Moon,https://open.spotify.com/embed/track/2nekCvC9XRXQckWNnkIp2l,"Eat, Pray, Love",Neil Young,17,Afternoon,2022,0,Harvest Moon -- Neil Young,Spotify Listening History 2019 - 2022.csv,Harvest Moon,Harvest Moon,2nekCvC9XRXQckWNnkIp2l,4.689266667
Harvest Moon,https://open.spotify.com/embed/track/2nekCvC9XRXQckWNnkIp2l,"Eat, Pray, Love",Neil Young,13,Afternoon,2022,0,Harvest Moon -- Neil Young,Spotify Listening History 2019 - 2022.csv,Harvest Moon,Harvest Moon,2nekCvC9XRXQckWNnkIp2l,2.228166667
Harvest Moon,https://open.spotify.com/embed/track/2nekCvC9XRXQckWNnkIp2l,"Eat, Pray, Love",Neil Young,10,Morning,2022,0,Harvest Moon -- Neil Young,Spotify Listening History 2019 - 2022.csv,Harvest Moon,Harvest Moon,2nekCvC9XRXQckWNnkIp2l,1.475166667
Harvest Moon,https://open.spotify.com/embed/track/2nekCvC9XRXQckWNnkIp2l,"Eat, Pray, Love",Neil Young,13,Afternoon,2022,0,Harvest Moon -- Neil Young,Spotify Listening History 2019 - 2022.csv,Harvest Moon,Harvest Moon,2nekCvC9XRXQckWNnkIp2l,2.1127
Harvest Moon,https://open.spotify.com/embed/track/2nekCvC9XRXQckWNnkIp2l,"Eat, Pray, Love",Neil Young,9,Morning,2022,0,Harvest Moon -- Neil Young,Spotify Listening History 2019 - 2022.csv,Harvest Moon,Harvest Moon,2nekCvC9XRXQckWNnkIp2l,4.9851
Harvest Moon,https://open.spotify.com/embed/track/2nekCvC9XRXQckWNnkIp2l,Harvest Moon,Neil Young,0,Night,2019,0,Harvest Moon -- Neil Young,Spotify Listening History 2019 - 2022.csv,Harvest Moon,Harvest Moon,5l9c6bJmzvftumhz4TMPgk,5.05355
Harvest Moon,https://open.spotify.com/embed/track/2nekCvC9XRXQckWNnkIp2l,"Eat, Pray, Love",Neil Young,17,Afternoon,2022,0,Harvest Moon -- Neil Young,Spotify Listening History 2019 - 2022.csv,Harvest Moon,Harvest Moon,2nekCvC9XRXQckWNnkIp2l,4.9851
Harvest Moon,https://open.spotify.com/embed/track/2nekCvC9XRXQckWNnkIp2l,Harvest Moon,Neil Young,16,Afternoon,2019,0,Harvest Moon -- Neil Young,Spotify Listening History 2019 - 2022.csv,Harvest Moon,Harvest Moon,5l9c6bJmzvftumhz4TMPgk,5.05355
Harvest Moon,https://open.spotify.com/embed/track/2nekCvC9XRXQckWNnkIp2l,Harvest Moon,Neil Young,15,Afternoon,2019,0,Harvest Moon -- Neil Young,Spotify Listening History 2019 - 2022.csv,Harvest Moon,Harvest Moon,5l9c6bJmzvftumhz4TMPgk,5.05355
Harvest Moon,https://open.spotify.com/embed/track/2nekCvC9XRXQckWNnkIp2l,"Eat, Pray, Love",Neil Young,11,Morning,2022,0,Harvest Moon -- Neil Young,Spotify Listening History 2019 - 2022.csv,Harvest Moon,Harvest Moon,2nekCvC9XRXQckWNnkIp2l,1.6519
Harvest Moon,https://open.spotify.com/embed/track/2nekCvC9XRXQckWNnkIp2l,Harvest Moon,Neil Young,12,Afternoon,2021,0,Harvest Moon -- Neil Young,Spotify Listening History 2019 - 2022.csv,Harvest Moon,Harvest Moon,5l9c6bJmzvftumhz4TMPgk,5.05355
Harvest Moon,https://open.spotify.com/embed/track/2nekCvC9XRXQckWNnkIp2l,Harvest Moon,Neil Young,22,Evening,2019,0,Harvest Moon -- Neil Young,Spotify Listening History 2019 - 2022.csv,Harvest Moon,Harvest Moon,5l9c6bJmzvftumhz4TMPgk,5.05355
Harvest Moon,https://open.spotify.com/embed/track/2nekCvC9XRXQckWNnkIp2l,"Eat, Pray, Love",Neil Young,9,Morning,2022,0,Harvest Moon -- Neil Young,Spotify Listening History 2019 - 2022.csv,Harvest Moon,Harvest Moon,2nekCvC9XRXQckWNnkIp2l,4.9851
Harvest Moon,https://open.spotify.com/embed/track/2nekCvC9XRXQckWNnkIp2l,Harvest Moon,Neil Young,19,Evening,2019,0,Harvest Moon -- Neil Young,Spotify Listening History 2019 - 2022.csv,Harvest Moon,Harvest Moon,5l9c6bJmzvftumhz4TMPgk,5.05355
Harvest Moon,https://open.spotify.com/embed/track/2nekCvC9XRXQckWNnkIp2l,Harvest Moon,Neil Young,17,Afternoon,2019,0,Harvest Moon -- Neil Young,Spotify Listening History 2019 - 2022.csv,Harvest Moon,Harvest Moon,5l9c6bJmzvftumhz4TMPgk,5.05355
Harvest Moon,https://open.spotify.com/embed/track/2nekCvC9XRXQckWNnkIp2l,Harvest Moon,Neil Young,16,Afternoon,2019,0,Harvest Moon -- Neil Young,Spotify Listening History 2019 - 2022.csv,Harvest Moon,Harvest Moon,5l9c6bJmzvftumhz4TMPgk,9.214183333
Harvest Moon,https://open.spotify.com/embed/track/2nekCvC9XRXQckWNnkIp2l,Harvest Moon,Neil Young,14,Afternoon,2019,0,Harvest Moon -- Neil Young,Spotify Listening History 2019 - 2022.csv,Harvest Moon,Harvest Moon,5l9c6bJmzvftumhz4TMPgk,5.05355
Harvest Moon,https://open.spotify.com/embed/track/2nekCvC9XRXQckWNnkIp2l,Harvest Moon,Neil Young,12,Afternoon,2019,0,Harvest Moon -- Neil Young,Spotify Listening History 2019 - 2022.csv,Harvest Moon,Harvest Moon,5l9c6bJmzvftumhz4TMPgk,5.05355
Harvest Moon,https://open.spotify.com/embed/track/2nekCvC9XRXQckWNnkIp2l,Harvest Moon,Neil Young,12,Afternoon,2019,0,Harvest Moon -- Neil Young,Spotify Listening History 2019 - 2022.csv,Harvest Moon,Harvest Moon,5l9c6bJmzvftumhz4TMPgk,5.05355
Harvest Moon,https://open.spotify.com/embed/track/2nekCvC9XRXQckWNnkIp2l,Harvest Moon,Neil Young,11,Morning,2019,0,Harvest Moon -- Neil Young,Spotify Listening History 2019 - 2022.csv,Harvest Moon,Harvest Moon,5l9c6bJmzvftumhz4TMPgk,5.05355
Harvest Moon,https://open.spotify.com/embed/track/2nekCvC9XRXQckWNnkIp2l,Harvest Moon,Neil Young,11,Morning,2019,0,Harvest Moon -- Neil Young,Spotify Listening History 2019 - 2022.csv,Harvest Moon,Harvest Moon,5l9c6bJmzvftumhz4TMPgk,5.05355
Harvest Moon,https://open.spotify.com/embed/track/2nekCvC9XRXQckWNnkIp2l,Harvest Moon,Neil Young,11,Morning,2019,0,Harvest Moon -- Neil Young,Spotify Listening History 2019 - 2022.csv,Harvest Moon,Harvest Moon,5l9c6bJmzvftumhz4TMPgk,5.05355
Harvest Moon,https://open.spotify.com/embed/track/2nekCvC9XRXQckWNnkIp2l,Harvest Moon,Neil Young,10,Morning,2019,0,Harvest Moon -- Neil Young,Spotify Listening History 2019 - 2022.csv,Harvest Moon,Harvest Moon,5l9c6bJmzvftumhz4TMPgk,5.05355
Harvest Moon,https://open.spotify.com/embed/track/2nekCvC9XRXQckWNnkIp2l,Harvest Moon,Neil Young,10,Morning,2019,0,Harvest Moon -- Neil Young,Spotify Listening History 2019 - 2022.csv,Harvest Moon,Harvest Moon,5l9c6bJmzvftumhz4TMPgk,5.05355
Harvest Moon,https://open.spotify.com/embed/track/2nekCvC9XRXQckWNnkIp2l,Harvest Moon,Neil Young,10,Morning,2019,0,Harvest Moon -- Neil Young,Spotify Listening History 2019 - 2022.csv,Harvest Moon,Harvest Moon,5l9c6bJmzvftumhz4TMPgk,5.05355
Harvest Moon,https://open.spotify.com/embed/track/2nekCvC9XRXQckWNnkIp2l,Harvest Moon,Neil Young,0,Night,2020,0,Harvest Moon -- Neil Young,Spotify Listening History 2019 - 2022.csv,Harvest Moon,Harvest Moon,5l9c6bJmzvftumhz4TMPgk,5.05355
Harvest Moon,https://open.spotify.com/embed/track/2nekCvC9XRXQckWNnkIp2l,Harvest Moon,Neil Young,18,Evening,2021,0,Harvest Moon -- Neil Young,Spotify Listening History 2019 - 2022.csv,Harvest Moon,Harvest Moon,5l9c6bJmzvftumhz4TMPgk,5.05355
Harvest Moon,https://open.spotify.com/embed/track/2nekCvC9XRXQckWNnkIp2l,Harvest Moon,Neil Young,5,Night,2020,0,Harvest Moon -- Neil Young,Spotify Listening History 2019 - 2022.csv,Harvest Moon,Harvest Moon,5l9c6bJmzvftumhz4TMPgk,5.05355
Harvest Moon,https://open.spotify.com/embed/track/2nekCvC9XRXQckWNnkIp2l,Harvest Moon,Neil Young,5,Night,2021,0,Harvest Moon -- Neil Young,Spotify Listening History 2019 - 2022.csv,Harvest Moon,Harvest Moon,5l9c6bJmzvftumhz4TMPgk,5.05355
Harvest Moon,https://open.spotify.com/embed/track/2nekCvC9XRXQckWNnkIp2l,Harvest Moon,Neil Young,17,Afternoon,2021,0,Harvest Moon -- Neil Young,Spotify Listening History 2019 - 2022.csv,Harvest Moon,Harvest Moon,5l9c6bJmzvftumhz4TMPgk,5.05355
Harvest Moon,https://open.spotify.com/embed/track/2nekCvC9XRXQckWNnkIp2l,Harvest Moon,Neil Young,17,Afternoon,2021,0,Harvest Moon -- Neil Young,Spotify Listening History 2019 - 2022.csv,Harvest Moon,Harvest Moon,5l9c6bJmzvftumhz4TMPgk,5.05355
Harvest Moon,https://open.spotify.com/embed/track/2nekCvC9XRXQckWNnkIp2l,Harvest Moon,Neil Young,0,Night,2021,0,Harvest Moon -- Neil Young,Spotify Listening History 2019 - 2022.csv,Harvest Moon,Harvest Moon,5l9c6bJmzvftumhz4TMPgk,5.05355
Harvest Moon,https://open.spotify.com/embed/track/2nekCvC9XRXQckWNnkIp2l,Harvest Moon,Neil Young,12,Afternoon,2020,0,Harvest Moon -- Neil Young,Spotify Listening History 2019 - 2022.csv,Harvest Moon,Harvest Moon,5l9c6bJmzvftumhz4TMPgk,4.6347
Harvest Moon,https://open.spotify.com/embed/track/2nekCvC9XRXQckWNnkIp2l,Harvest Moon,Neil Young,6,Morning,2020,0,Harvest Moon -- Neil Young,Spotify Listening History 2019 - 2022.csv,Harvest Moon,Harvest Moon,5l9c6bJmzvftumhz4TMPgk,3.998083333
Harvest Moon,https://open.spotify.com/embed/track/2nekCvC9XRXQckWNnkIp2l,Harvest Moon,Neil Young,11,Morning,2020,0,Harvest Moon -- Neil Young,Spotify Listening History 2019 - 2022.csv,Harvest Moon,Harvest Moon,5l9c6bJmzvftumhz4TMPgk,5.05355
Harvest Moon,https://open.spotify.com/embed/track/2nekCvC9XRXQckWNnkIp2l,Harvest Moon,Neil Young,19,Evening,2020,0,Harvest Moon -- Neil Young,Spotify Listening History 2019 - 2022.csv,Harvest Moon,Harvest Moon,5l9c6bJmzvftumhz4TMPgk,5.05355
Harvest Moon,https://open.spotify.com/embed/track/2nekCvC9XRXQckWNnkIp2l,Harvest Moon,Neil Young,15,Afternoon,2020,0,Harvest Moon -- Neil Young,Spotify Listening History 2019 - 2022.csv,Harvest Moon,Harvest Moon,5l9c6bJmzvftumhz4TMPgk,5.05355
Harvest Moon,https://open.spotify.com/embed/track/2nekCvC9XRXQckWNnkIp2l,Harvest Moon,Neil Young,23,Evening,2020,0,Harvest Moon -- Neil Young,Spotify Listening History 2019 - 2022.csv,Harvest Moon,Harvest Moon,5l9c6bJmzvftumhz4TMPgk,5.05355
Harvest Moon,https://open.spotify.com/embed/track/2nekCvC9XRXQckWNnkIp2l,Harvest Moon,Neil Young,10,Morning,2021,0,Harvest Moon -- Neil Young,Spotify Listening History 2019 - 2022.csv,Harvest Moon,Harvest Moon,5l9c6bJmzvftumhz4TMPgk,2.77545
Harvest Moon,https://open.spotify.com/embed/track/2nekCvC9XRXQckWNnkIp2l,Harvest Moon,Neil Young,10,Morning,2021,0,Harvest Moon -- Neil Young,Spotify Listening History 2019 - 2022.csv,Harvest Moon,Harvest Moon,5l9c6bJmzvftumhz4TMPgk,5.05355
Harvest Moon,https://open.spotify.com/embed/track/2nekCvC9XRXQckWNnkIp2l,Harvest Moon,Neil Young,20,Evening,2021,0,Harvest Moon -- Neil Young,Spotify Listening History 2019 - 2022.csv,Harvest Moon,Harvest Moon,5l9c6bJmzvftumhz4TMPgk,5.05355
Harvest Moon,https://open.spotify.com/embed/track/2nekCvC9XRXQckWNnkIp2l,Harvest Moon,Neil Young,16,Afternoon,2019,0,Harvest Moon -- Neil Young,Spotify Listening History 2019 - 2022.csv,Harvest Moon,Harvest Moon,5l9c6bJmzvftumhz4TMPgk,5.05355
Harvest Moon,https://open.spotify.com/embed/track/2nekCvC9XRXQckWNnkIp2l,Harvest Moon,Neil Young,14,Afternoon,2021,0,Harvest Moon -- Neil Young,Spotify Listening History 2019 - 2022.csv,Harvest Moon,Harvest Moon,5l9c6bJmzvftumhz4TMPgk,8.2795
Harvest Moon,https://open.spotify.com/embed/track/2nekCvC9XRXQckWNnkIp2l,Harvest Moon,Neil Young,10,Morning,2020,0,Harvest Moon -- Neil Young,Spotify Listening History 2019 - 2022.csv,Harvest Moon,Harvest Moon,5l9c6bJmzvftumhz4TMPgk,5.05355
Harvest Moon,https://open.spotify.com/embed/track/2nekCvC9XRXQckWNnkIp2l,Harvest Moon,Neil Young,6,Morning,2020,0,Harvest Moon -- Neil Young,Spotify Listening History 2019 - 2022.csv,Harvest Moon,Harvest Moon,5l9c6bJmzvftumhz4TMPgk,5.05355
Harvest Moon,https://open.spotify.com/embed/track/2nekCvC9XRXQckWNnkIp2l,Harvest Moon,Neil Young,16,Afternoon,2019,0,Harvest Moon -- Neil Young,Spotify Listening History 2019 - 2022.csv,Harvest Moon,Harvest Moon,5l9c6bJmzvftumhz4TMPgk,5.05355
Harvest Moon,https://open.spotify.com/embed/track/2nekCvC9XRXQckWNnkIp2l,Harvest Moon,Neil Young,3,Night,2020,0,Harvest Moon -- Neil Young,Spotify Listening History 2019 - 2022.csv,Harvest Moon,Harvest Moon,5l9c6bJmzvftumhz4TMPgk,5.05355
Harvest Moon,https://open.spotify.com/embed/track/2nekCvC9XRXQckWNnkIp2l,Harvest Moon,Neil Young,17,Afternoon,2021,0,Harvest Moon -- Neil Young,Spotify Listening History 2019 - 2022.csv,Harvest Moon,Harvest Moon,5l9c6bJmzvftumhz4TMPgk,7.4155
Harvest Moon,https://open.spotify.com/embed/track/2nekCvC9XRXQckWNnkIp2l,Harvest Moon,Neil Young,0,Night,2021,0,Harvest Moon -- Neil Young,Spotify Listening History 2019 - 2022.csv,Harvest Moon,Harvest Moon,5l9c6bJmzvftumhz4TMPgk,5.05355
Harvest Moon,https://open.spotify.com/embed/track/2nekCvC9XRXQckWNnkIp2l,Harvest Moon,Neil Young,9,Morning,2019,0,Harvest Moon -- Neil Young,Spotify Listening History 2019 - 2022.csv,Harvest Moon,Harvest Moon,5l9c6bJmzvftumhz4TMPgk,5.05355
Harvest Moon,https://open.spotify.com/embed/track/2nekCvC9XRXQckWNnkIp2l,Harvest Moon,Neil Young,18,Evening,2019,0,Harvest Moon -- Neil Young,Spotify Listening History 2019 - 2022.csv,Harvest Moon,Harvest Moon,5l9c6bJmzvftumhz4TMPgk,2.045383333
Harvest Moon,https://open.spotify.com/embed/track/2nekCvC9XRXQckWNnkIp2l,Harvest Moon,Neil Young,10,Morning,2021,0,Harvest Moon -- Neil Young,Spotify Listening History 2019 - 2022.csv,Harvest Moon,Harvest Moon,5l9c6bJmzvftumhz4TMPgk,5.05355
Harvest Moon,https://open.spotify.com/embed/track/2nekCvC9XRXQckWNnkIp2l,Harvest Moon,Neil Young,15,Afternoon,2020,0,Harvest Moon -- Neil Young,Spotify Listening History 2019 - 2022.csv,Harvest Moon,Harvest Moon,5l9c6bJmzvftumhz4TMPgk,5.05355
Harvest Moon,https://open.spotify.com/embed/track/2nekCvC9XRXQckWNnkIp2l,Harvest Moon,Neil Young,14,Afternoon,2021,0,Harvest Moon -- Neil Young,Spotify Listening History 2019 - 2022.csv,Harvest Moon,Harvest Moon,5l9c6bJmzvftumhz4TMPgk,5.05355
Harvest Moon,https://open.spotify.com/embed/track/2nekCvC9XRXQckWNnkIp2l,Harvest Moon,Neil Young,16,Afternoon,2021,0,Harvest Moon -- Neil Young,Spotify Listening History 2019 - 2022.csv,Harvest Moon,Harvest Moon,5l9c6bJmzvftumhz4TMPgk,5.05355
Harvest Moon,https://open.spotify.com/embed/track/2nekCvC9XRXQckWNnkIp2l,Harvest Moon,Neil Young,16,Afternoon,2020,0,Harvest Moon -- Neil Young,Spotify Listening History 2019 - 2022.csv,Harvest Moon,Harvest Moon,5l9c6bJmzvftumhz4TMPgk,5.05355
Harvest Moon,https://open.spotify.com/embed/track/2nekCvC9XRXQckWNnkIp2l,Harvest Moon,Neil Young,17,Afternoon,2019,0,Harvest Moon -- Neil Young,Spotify Listening History 2019 - 2022.csv,Harvest Moon,Harvest Moon,5l9c6bJmzvftumhz4TMPgk,4.037883333
Harvest Moon,https://open.spotify.com/embed/track/2nekCvC9XRXQckWNnkIp2l,Harvest Moon,Neil Young,12,Afternoon,2019,0,Harvest Moon -- Neil Young,Spotify Listening History 2019 - 2022.csv,Harvest Moon,Harvest Moon,5l9c6bJmzvftumhz4TMPgk,4.178416667
Harvest Moon,https://open.spotify.com/embed/track/2nekCvC9XRXQckWNnkIp2l,Harvest Moon,Neil Young,10,Morning,2019,0,Harvest Moon -- Neil Young,Spotify Listening History 2019 - 2022.csv,Harvest Moon,Harvest Moon,5l9c6bJmzvftumhz4TMPgk,3.21635
Harvest Moon,https://open.spotify.com/embed/track/2nekCvC9XRXQckWNnkIp2l,Harvest Moon,Neil Young,17,Afternoon,2019,0,Harvest Moon -- Neil Young,Spotify Listening History 2019 - 2022.csv,Harvest Moon,Harvest Moon,5l9c6bJmzvftumhz4TMPgk,4.847216667
Harvest Moon,https://open.spotify.com/embed/track/2nekCvC9XRXQckWNnkIp2l,Harvest Moon,Neil Young,22,Evening,2021,0,Harvest Moon -- Neil Young,Spotify Listening History 2019 - 2022.csv,Harvest Moon,Harvest Moon,5l9c6bJmzvftumhz4TMPgk,5.05355
Harvest Moon,https://open.spotify.com/embed/track/2nekCvC9XRXQckWNnkIp2l,Harvest Moon,Neil Young,13,Afternoon,2021,0,Harvest Moon -- Neil Young,Spotify Listening History 2019 - 2022.csv,Harvest Moon,Harvest Moon,5l9c6bJmzvftumhz4TMPgk,5.05355
Harvest Moon,https://open.spotify.com/embed/track/2nekCvC9XRXQckWNnkIp2l,Harvest Moon,Neil Young,12,Afternoon,2021,0,Harvest Moon -- Neil Young,Spotify Listening History 2019 - 2022.csv,Harvest Moon,Harvest Moon,5l9c6bJmzvftumhz4TMPgk,5.05355
Harvest Moon,https://open.spotify.com/embed/track/2nekCvC9XRXQckWNnkIp2l,Harvest Moon,Neil Young,1,Night,2020,0,Harvest Moon -- Neil Young,Spotify Listening History 2019 - 2022.csv,Harvest Moon,Harvest Moon,5l9c6bJmzvftumhz4TMPgk,3.257233333
Harvest Moon,https://open.spotify.com/embed/track/2nekCvC9XRXQckWNnkIp2l,Harvest Moon,Neil Young,2,Night,2021,0,Harvest Moon -- Neil Young,Spotify Listening History 2019 - 2022.csv,Harvest Moon,Harvest Moon,5l9c6bJmzvftumhz4TMPgk,1.370666667
Harvest Moon,https://open.spotify.com/embed/track/2nekCvC9XRXQckWNnkIp2l,Harvest Moon,Neil Young,12,Afternoon,2020,0,Harvest Moon -- Neil Young,Spotify Listening History 2019 - 2022.csv,Harvest Moon,Harvest Moon,5l9c6bJmzvftumhz4TMPgk,5.05355
Harvest Moon,https://open.spotify.com/embed/track/2nekCvC9XRXQckWNnkIp2l,Harvest Moon,Neil Young,12,Afternoon,2019,0,Harvest Moon -- Neil Young,Spotify Listening History 2019 - 2022.csv,Harvest Moon,Harvest Moon,5l9c6bJmzvftumhz4TMPgk,2.25985
Harvest Moon,https://open.spotify.com/embed/track/2nekCvC9XRXQckWNnkIp2l,Harvest Moon,Neil Young,16,Afternoon,2020,0,Harvest Moon -- Neil Young,Spotify Listening History 2019 - 2022.csv,Harvest Moon,Harvest Moon,5l9c6bJmzvftumhz4TMPgk,5.05355
Harvest Moon,https://open.spotify.com/embed/track/2nekCvC9XRXQckWNnkIp2l,Harvest Moon,Neil Young,18,Evening,2021,0,Harvest Moon -- Neil Young,Spotify Listening History 2019 - 2022.csv,Harvest Moon,Harvest Moon,5l9c6bJmzvftumhz4TMPgk,1.454933333
Harvest Moon,https://open.spotify.com/embed/track/2nekCvC9XRXQckWNnkIp2l,Harvest Moon,Neil Young,16,Afternoon,2019,0,Harvest Moon -- Neil Young,Spotify Listening History 2019 - 2022.csv,Harvest Moon,Harvest Moon,5l9c6bJmzvftumhz4TMPgk,3.643283333
Harvest Moon,https://open.spotify.com/embed/track/2nekCvC9XRXQckWNnkIp2l,Harvest Moon,Neil Young,17,Afternoon,2020,0,Harvest Moon -- Neil Young,Spotify Listening History 2019 - 2022.csv,Harvest Moon,Harvest Moon,5l9c6bJmzvftumhz4TMPgk,3.707733333
Harvest Moon,https://open.spotify.com/embed/track/2nekCvC9XRXQckWNnkIp2l,Harvest Moon,Neil Young,16,Afternoon,2019,0,Harvest Moon -- Neil Young,Spotify Listening History 2019 - 2022.csv,Harvest Moon,Harvest Moon,5l9c6bJmzvftumhz4TMPgk,5.05355
Harvest Moon,https://open.spotify.com/embed/track/2nekCvC9XRXQckWNnkIp2l,Harvest Moon,Neil Young,20,Evening,2020,0,Harvest Moon -- Neil Young,Spotify Listening History 2019 - 2022.csv,Harvest Moon,Harvest Moon,5l9c6bJmzvftumhz4TMPgk,1.215283333
Harvest Moon,https://open.spotify.com/embed/track/2nekCvC9XRXQckWNnkIp2l,Harvest Moon,Neil Young,22,Evening,2020,0,Harvest Moon -- Neil Young,Spotify Listening History 2019 - 2022.csv,Harvest Moon,Harvest Moon,5l9c6bJmzvftumhz4TMPgk,2.1255
Harvest Moon,https://open.spotify.com/embed/track/2nekCvC9XRXQckWNnkIp2l,Harvest Moon,Neil Young,10,Morning,2019,0,Harvest Moon -- Neil Young,Spotify Listening History 2019 - 2022.csv,Harvest Moon,Harvest Moon,5l9c6bJmzvftumhz4TMPgk,8.96105
Harvest Moon,https://open.spotify.com/embed/track/2nekCvC9XRXQckWNnkIp2l,Harvest Moon,Neil Young,0,Night,2021,0,Harvest Moon -- Neil Young,Spotify Listening History 2019 - 2022.csv,Harvest Moon,Harvest Moon,5l9c6bJmzvftumhz4TMPgk,5.05355
Harvest Moon,https://open.spotify.com/embed/track/2nekCvC9XRXQckWNnkIp2l,Harvest Moon,Neil Young,18,Evening,2020,0,Harvest Moon -- Neil Young,Spotify Listening History 2019 - 2022.csv,Harvest Moon,Harvest Moon,5l9c6bJmzvftumhz4TMPgk,5.05355
Harvest Moon,https://open.spotify.com/embed/track/2nekCvC9XRXQckWNnkIp2l,Harvest Moon,Neil Young,9,Morning,2019,0,Harvest Moon -- Neil Young,Spotify Listening History 2019 - 2022.csv,Harvest Moon,Harvest Moon,5l9c6bJmzvftumhz4TMPgk,4.9684
Harvest Moon,https://open.spotify.com/embed/track/2nekCvC9XRXQckWNnkIp2l,Harvest Moon,Neil Young,10,Morning,2020,0,Harvest Moon -- Neil Young,Spotify Listening History 2019 - 2022.csv,Harvest Moon,Harvest Moon,5l9c6bJmzvftumhz4TMPgk,5.05355
Harvest Moon,https://open.spotify.com/embed/track/2nekCvC9XRXQckWNnkIp2l,Harvest Moon,Neil Young,11,Morning,2020,0,Harvest Moon -- Neil Young,Spotify Listening History 2019 - 2022.csv,Harvest Moon,Harvest Moon,5l9c6bJmzvftumhz4TMPgk,1.625233333
Harvest Moon,https://open.spotify.com/embed/track/2nekCvC9XRXQckWNnkIp2l,Harvest Moon,Neil Young,14,Afternoon,2021,0,Harvest Moon -- Neil Young,Spotify Listening History 2019 - 2022.csv,Harvest Moon,Harvest Moon,5l9c6bJmzvftumhz4TMPgk,3.41805
Harvest Moon,https://open.spotify.com/embed/track/2nekCvC9XRXQckWNnkIp2l,Harvest Moon,Neil Young,15,Afternoon,2020,0,Harvest Moon -- Neil Young,Spotify Listening History 2019 - 2022.csv,Harvest Moon,Harvest Moon,5l9c6bJmzvftumhz4TMPgk,4.3576
Harvest Moon,https://open.spotify.com/embed/track/2nekCvC9XRXQckWNnkIp2l,Harvest Moon,Neil Young,23,Evening,2020,0,Harvest Moon -- Neil Young,Spotify Listening History 2019 - 2022.csv,Harvest Moon,Harvest Moon,5l9c6bJmzvftumhz4TMPgk,5.05355
Harvest Moon,https://open.spotify.com/embed/track/2nekCvC9XRXQckWNnkIp2l,Harvest Moon,Neil Young,22,Evening,2020,0,Harvest Moon -- Neil Young,Spotify Listening History 2019 - 2022.csv,Harvest Moon,Harvest Moon,5l9c6bJmzvftumhz4TMPgk,5.05355
Harvest Moon,https://open.spotify.com/embed/track/2nekCvC9XRXQckWNnkIp2l,Harvest Moon,Neil Young,14,Afternoon,2020,0,Harvest Moon -- Neil Young,Spotify Listening History 2019 - 2022.csv,Harvest Moon,Harvest Moon,5l9c6bJmzvftumhz4TMPgk,3.287466667
Harvest Moon,https://open.spotify.com/embed/track/2nekCvC9XRXQckWNnkIp2l,Harvest Moon,Neil Young,12,Afternoon,2021,0,Harvest Moon -- Neil Young,Spotify Listening History 2019 - 2022.csv,Harvest Moon,Harvest Moon,5l9c6bJmzvftumhz4TMPgk,5.05355
Harvest Moon,https://open.spotify.com/embed/track/2nekCvC9XRXQckWNnkIp2l,Harvest Moon,Neil Young,19,Evening,2019,0,Harvest Moon -- Neil Young,Spotify Listening History 2019 - 2022.csv,Harvest Moon,Harvest Moon,5l9c6bJmzvftumhz4TMPgk,4.88685
Harvest Moon,https://open.spotify.com/embed/track/2nekCvC9XRXQckWNnkIp2l,Harvest Moon,Neil Young,11,Morning,2019,0,Harvest Moon -- Neil Young,Spotify Listening History 2019 - 2022.csv,Harvest Moon,Harvest Moon,5l9c6bJmzvftumhz4TMPgk,3.811933333
Harvest Moon,https://open.spotify.com/embed/track/2nekCvC9XRXQckWNnkIp2l,Harvest Moon,Neil Young,13,Afternoon,2021,0,Harvest Moon -- Neil Young,Spotify Listening History 2019 - 2022.csv,Harvest Moon,Harvest Moon,5l9c6bJmzvftumhz4TMPgk,5.05355
Harvest Moon,https://open.spotify.com/embed/track/2nekCvC9XRXQckWNnkIp2l,Harvest Moon,Neil Young,11,Morning,2019,0,Harvest Moon -- Neil Young,Spotify Listening History 2019 - 2022.csv,Harvest Moon,Harvest Moon,5l9c6bJmzvftumhz4TMPgk,4.546616667
Harvest Moon,https://open.spotify.com/embed/track/2nekCvC9XRXQckWNnkIp2l,Harvest Moon,Neil Young,13,Afternoon,2020,0,Harvest Moon -- Neil Young,Spotify Listening History 2019 - 2022.csv,Harvest Moon,Harvest Moon,5l9c6bJmzvftumhz4TMPgk,5.05355
Harvest Moon,https://open.spotify.com/embed/track/2nekCvC9XRXQckWNnkIp2l,Harvest Moon,Neil Young,15,Afternoon,2019,0,Harvest Moon -- Neil Young,Spotify Listening History 2019 - 2022.csv,Harvest Moon,Harvest Moon,5l9c6bJmzvftumhz4TMPgk,2.185383333
Harvest Moon,https://open.spotify.com/embed/track/2nekCvC9XRXQckWNnkIp2l,Harvest Moon,Neil Young,12,Afternoon,2019,0,Harvest Moon -- Neil Young,Spotify Listening History 2019 - 2022.csv,Harvest Moon,Harvest Moon,5l9c6bJmzvftumhz4TMPgk,4.065533333
Harvest Moon,https://open.spotify.com/embed/track/2nekCvC9XRXQckWNnkIp2l,Harvest Moon,Neil Young,12,Afternoon,2021,0,Harvest Moon -- Neil Young,Spotify Listening History 2019 - 2022.csv,Harvest Moon,Harvest Moon,5l9c6bJmzvftumhz4TMPgk,2.54115
Harvest Moon,https://open.spotify.com/embed/track/2nekCvC9XRXQckWNnkIp2l,Harvest Moon,Neil Young,9,Morning,2019,0,Harvest Moon -- Neil Young,Spotify Listening History 2019 - 2022.csv,Harvest Moon,Harvest Moon,5l9c6bJmzvftumhz4TMPgk,2.941566667
Harvest Moon,https://open.spotify.com/embed/track/2nekCvC9XRXQckWNnkIp2l,Harvest Moon,Neil Young,14,Afternoon,2020,0,Harvest Moon -- Neil Young,Spotify Listening History 2019 - 2022.csv,Harvest Moon,Harvest Moon,5l9c6bJmzvftumhz4TMPgk,2.4775
Harvest Moon,https://open.spotify.com/embed/track/2nekCvC9XRXQckWNnkIp2l,Harvest Moon,Neil Young,15,Afternoon,2019,0,Harvest Moon -- Neil Young,Spotify Listening History 2019 - 2022.csv,Harvest Moon,Harvest Moon,5l9c6bJmzvftumhz4TMPgk,3.186933333
Harvest Moon,https://open.spotify.com/embed/track/2nekCvC9XRXQckWNnkIp2l,Harvest Moon,Neil Young,12,Afternoon,2019,0,Harvest Moon -- Neil Young,Spotify Listening History 2019 - 2022.csv,Harvest Moon,Harvest Moon,5l9c6bJmzvftumhz4TMPgk,2.169333333
Harvest Moon,https://open.spotify.com/embed/track/2nekCvC9XRXQckWNnkIp2l,Harvest Moon,Neil Young,10,Morning,2019,0,Harvest Moon -- Neil Young,Spotify Listening History 2019 - 2022.csv,Harvest Moon,Harvest Moon,5l9c6bJmzvftumhz4TMPgk,4.441966667
Harvest Moon,https://open.spotify.com/embed/track/2nekCvC9XRXQckWNnkIp2l,Harvest Moon,Neil Young,1,Night,2021,0,Harvest Moon -- Neil Young,Spotify Listening History 2019 - 2022.csv,Harvest Moon,Harvest Moon,5l9c6bJmzvftumhz4TMPgk,3.205683333
Harvest Moon,https://open.spotify.com/embed/track/2nekCvC9XRXQckWNnkIp2l,Harvest Moon,Neil Young,20,Evening,2020,0,Harvest Moon -- Neil Young,Spotify Listening History 2019 - 2022.csv,Harvest Moon,Harvest Moon,5l9c6bJmzvftumhz4TMPgk,4.872533333
Harvest Moon,https://open.spotify.com/embed/track/2nekCvC9XRXQckWNnkIp2l,Harvest Moon,Neil Young,19,Evening,2019,0,Harvest Moon -- Neil Young,Spotify Listening History 2019 - 2022.csv,Harvest Moon,Harvest Moon,5l9c6bJmzvftumhz4TMPgk,1.229883333
Harvest Moon,https://open.spotify.com/embed/track/2nekCvC9XRXQckWNnkIp2l,Harvest Moon,Neil Young,18,Evening,2019,0,Harvest Moon -- Neil Young,Spotify Listening History 2019 - 2022.csv,Harvest Moon,Harvest Moon,5l9c6bJmzvftumhz4TMPgk,7.63355
Harvest Moon,https://open.spotify.com/embed/track/2nekCvC9XRXQckWNnkIp2l,Harvest Moon,Neil Young,12,Afternoon,2020,0,Harvest Moon -- Neil Young,Spotify Listening History 2019 - 2022.csv,Harvest Moon,Harvest Moon,5l9c6bJmzvftumhz4TMPgk,5.198566667
Harvest Moon,https://open.spotify.com/embed/track/2nekCvC9XRXQckWNnkIp2l,Harvest Moon,Neil Young,5,Night,2019,0,Harvest Moon -- Neil Young,Spotify Listening History 2019 - 2022.csv,Harvest Moon,Harvest Moon,5l9c6bJmzvftumhz4TMPgk,1.934216667
Harvest Moon,https://open.spotify.com/embed/track/2nekCvC9XRXQckWNnkIp2l,Harvest Moon,Neil Young,14,Afternoon,2019,0,Harvest Moon -- Neil Young,Spotify Listening History 2019 - 2022.csv,Harvest Moon,Harvest Moon,5l9c6bJmzvftumhz4TMPgk,3.698933333
Harvest Moon,https://open.spotify.com/embed/track/2nekCvC9XRXQckWNnkIp2l,Harvest Moon,Neil Young,22,Evening,2020,0,Harvest Moon -- Neil Young,Spotify Listening History 2019 - 2022.csv,Harvest Moon,Harvest Moon,5l9c6bJmzvftumhz4TMPgk,5.05355
Harvest Moon,https://open.spotify.com/embed/track/2nekCvC9XRXQckWNnkIp2l,Harvest Moon,Neil Young,21,Evening,2019,0,Harvest Moon -- Neil Young,Spotify Listening History 2019 - 2022.csv,Harvest Moon,Harvest Moon,5l9c6bJmzvftumhz4TMPgk,3.605283333
Harvest Moon,https://open.spotify.com/embed/track/2nekCvC9XRXQckWNnkIp2l,Harvest Moon,Neil Young,17,Afternoon,2020,0,Harvest Moon -- Neil Young,Spotify Listening History 2019 - 2022.csv,Harvest Moon,Harvest Moon,5l9c6bJmzvftumhz4TMPgk,5.05355
Harvest Moon,https://open.spotify.com/embed/track/2nekCvC9XRXQckWNnkIp2l,Harvest Moon,Neil Young,15,Afternoon,2020,0,Harvest Moon -- Neil Young,Spotify Listening History 2019 - 2022.csv,Harvest Moon,Harvest Moon,5l9c6bJmzvftumhz4TMPgk,3.845983333
Harvest Moon,https://open.spotify.com/embed/track/2nekCvC9XRXQckWNnkIp2l,Harvest Moon,Neil Young,20,Evening,2019,0,Harvest Moon -- Neil Young,Spotify Listening History 2019 - 2022.csv,Harvest Moon,Harvest Moon,5l9c6bJmzvftumhz4TMPgk,2.5689
Harvest Moon,https://open.spotify.com/embed/track/2nekCvC9XRXQckWNnkIp2l,Harvest Moon,Neil Young,22,Evening,2020,0,Harvest Moon -- Neil Young,Spotify Listening History 2019 - 2022.csv,Harvest Moon,Harvest Moon,5l9c6bJmzvftumhz4TMPgk,4.234816667
Harvest Moon,https://open.spotify.com/embed/track/2nekCvC9XRXQckWNnkIp2l,Harvest Moon,Neil Young,22,Evening,2019,0,Harvest Moon -- Neil Young,Spotify Listening History 2019 - 2022.csv,Harvest Moon,Harvest Moon,5l9c6bJmzvftumhz4TMPgk,3.837366667
Harvest Moon,https://open.spotify.com/embed/track/2nekCvC9XRXQckWNnkIp2l,Harvest Moon,Neil Young,10,Morning,2019,0,Harvest Moon -- Neil Young,Spotify Listening History 2019 - 2022.csv,Harvest Moon,Harvest Moon,5l9c6bJmzvftumhz4TMPgk,4.629666667
Harvest Moon,https://open.spotify.com/embed/track/2nekCvC9XRXQckWNnkIp2l,Harvest Moon,Neil Young,3,Night,2019,0,Harvest Moon -- Neil Young,Spotify Listening History 2019 - 2022.csv,Harvest Moon,Harvest Moon,5l9c6bJmzvftumhz4TMPgk,5.05355
Harvest Moon,https://open.spotify.com/embed/track/2nekCvC9XRXQckWNnkIp2l,Harvest Moon,Neil Young,5,Night,2020,0,Harvest Moon -- Neil Young,Spotify Listening History 2019 - 2022.csv,Harvest Moon,Harvest Moon,5l9c6bJmzvftumhz4TMPgk,5.05355
Harvest Moon,https://open.spotify.com/embed/track/2nekCvC9XRXQckWNnkIp2l,Harvest Moon,Neil Young,11,Morning,2019,0,Harvest Moon -- Neil Young,Spotify Listening History 2019 - 2022.csv,Harvest Moon,Harvest Moon,5l9c6bJmzvftumhz4TMPgk,4.663416667
Harvest Moon,https://open.spotify.com/embed/track/2nekCvC9XRXQckWNnkIp2l,Harvest Moon,Neil Young,22,Evening,2021,0,Harvest Moon -- Neil Young,Spotify Listening History 2019 - 2022.csv,Harvest Moon,Harvest Moon,5l9c6bJmzvftumhz4TMPgk,2.78185
Harvest Moon,https://open.spotify.com/embed/track/2nekCvC9XRXQckWNnkIp2l,Harvest Moon,Neil Young,14,Afternoon,2019,0,Harvest Moon -- Neil Young,Spotify Listening History 2019 - 2022.csv,Harvest Moon,Harvest Moon,5l9c6bJmzvftumhz4TMPgk,5.05355
Harvest Moon,https://open.spotify.com/embed/track/2nekCvC9XRXQckWNnkIp2l,Harvest Moon,Neil Young,14,Afternoon,2019,0,Harvest Moon -- Neil Young,Spotify Listening History 2019 - 2022.csv,Harvest Moon,Harvest Moon,5l9c6bJmzvftumhz4TMPgk,1.895516667
Harvest Moon,https://open.spotify.com/embed/track/2nekCvC9XRXQckWNnkIp2l,Harvest Moon,Neil Young,14,Afternoon,2019,0,Harvest Moon -- Neil Young,Spotify Listening History 2019 - 2022.csv,Harvest Moon,Harvest Moon,5l9c6bJmzvftumhz4TMPgk,1.014316667
Harvest Moon,https://open.spotify.com/embed/track/2nekCvC9XRXQckWNnkIp2l,Harvest Moon,Neil Young,16,Afternoon,2019,0,Harvest Moon -- Neil Young,Spotify Listening History 2019 - 2022.csv,Harvest Moon,Harvest Moon,5l9c6bJmzvftumhz4TMPgk,1.846766667
Harvest Moon,https://open.spotify.com/embed/track/2nekCvC9XRXQckWNnkIp2l,Harvest Moon,Neil Young,10,Morning,2019,0,Harvest Moon -- Neil Young,Spotify Listening History 2019 - 2022.csv,Harvest Moon,Harvest Moon,5l9c6bJmzvftumhz4TMPgk,3.64205
Harvest Moon,https://open.spotify.com/embed/track/2nekCvC9XRXQckWNnkIp2l,"Eat, Pray, Love",Neil Young,8,Morning,2022,0,Harvest Moon -- Neil Young,Spotify Listening History 2019 - 2022.csv,Harvest Moon,Harvest Moon,2nekCvC9XRXQckWNnkIp2l,4.9851
Harvest Moon,https://open.spotify.com/embed/track/2nekCvC9XRXQckWNnkIp2l,Harvest Moon,Neil Young,16,Afternoon,2019,0,Harvest Moon -- Neil Young,Spotify Listening History 2019 - 2022.csv,Harvest Moon,Harvest Moon,5l9c6bJmzvftumhz4TMPgk,5.05355
Harvest Moon,https://open.spotify.com/embed/track/2nekCvC9XRXQckWNnkIp2l,Harvest Moon,Neil Young,0,Night,2019,0,Harvest Moon -- Neil Young,Spotify Listening History 2019 - 2022.csv,Harvest Moon,Harvest Moon,5l9c6bJmzvftumhz4TMPgk,5.05355
Harvest Moon,https://open.spotify.com/embed/track/2nekCvC9XRXQckWNnkIp2l,Harvest Moon,Neil Young,16,Afternoon,2019,0,Harvest Moon -- Neil Young,Spotify Listening History 2019 - 2022.csv,Harvest Moon,Harvest Moon,5l9c6bJmzvftumhz4TMPgk,5.05355
Harvest Moon,https://open.spotify.com/embed/track/2nekCvC9XRXQckWNnkIp2l,Harvest Moon,Neil Young,17,Afternoon,2020,0,Harvest Moon -- Neil Young,Spotify Listening History 2019 - 2022.csv,Harvest Moon,Harvest Moon,5l9c6bJmzvftumhz4TMPgk,5.05355
Harvest Moon,https://open.spotify.com/embed/track/2nekCvC9XRXQckWNnkIp2l,Harvest Moon,Neil Young,0,Night,2020,0,Harvest Moon -- Neil Young,Spotify Listening History 2019 - 2022.csv,Harvest Moon,Harvest Moon,5l9c6bJmzvftumhz4TMPgk,5.05355
Harvest Moon,https://open.spotify.com/embed/track/2nekCvC9XRXQckWNnkIp2l,Harvest Moon,Neil Young,18,Evening,2020,0,Harvest Moon -- Neil Young,Spotify Listening History 2019 - 2022.csv,Harvest Moon,Harvest Moon,5l9c6bJmzvftumhz4TMPgk,5.05355
Harvest Moon,https://open.spotify.com/embed/track/2nekCvC9XRXQckWNnkIp2l,Harvest Moon,Neil Young,16,Afternoon,2020,0,Harvest Moon -- Neil Young,Spotify Listening History 2019 - 2022.csv,Harvest Moon,Harvest Moon,5l9c6bJmzvftumhz4TMPgk,5.05355
Harvest Moon,https://open.spotify.com/embed/track/2nekCvC9XRXQckWNnkIp2l,Harvest Moon,Neil Young,22,Evening,2020,0,Harvest Moon -- Neil Young,Spotify Listening History 2019 - 2022.csv,Harvest Moon,Harvest Moon,5l9c6bJmzvftumhz4TMPgk,5.05355
Harvest Moon,https://open.spotify.com/embed/track/2nekCvC9XRXQckWNnkIp2l,Harvest Moon,Neil Young,21,Evening,2019,0,Harvest Moon -- Neil Young,Spotify Listening History 2019 - 2022.csv,Harvest Moon,Harvest Moon,5l9c6bJmzvftumhz4TMPgk,5.05355
Harvest Moon,https://open.spotify.com/embed/track/2nekCvC9XRXQckWNnkIp2l,Harvest Moon,Neil Young,17,Afternoon,2021,0,Harvest Moon -- Neil Young,Spotify Listening History 2019 - 2022.csv,Harvest Moon,Harvest Moon,5l9c6bJmzvftumhz4TMPgk,5.05355
Harvest Moon,https://open.spotify.com/embed/track/2nekCvC9XRXQckWNnkIp2l,Harvest Moon,Neil Young,19,Evening,2019,0,Harvest Moon -- Neil Young,Spotify Listening History 2019 - 2022.csv,Harvest Moon,Harvest Moon,5l9c6bJmzvftumhz4TMPgk,5.05355
Harvest Moon,https://open.spotify.com/embed/track/2nekCvC9XRXQckWNnkIp2l,Harvest Moon,Neil Young,12,Afternoon,2020,0,Harvest Moon -- Neil Young,Spotify Listening History 2019 - 2022.csv,Harvest Moon,Harvest Moon,5l9c6bJmzvftumhz4TMPgk,1.594683333
Harvest Moon,https://open.spotify.com/embed/track/2nekCvC9XRXQckWNnkIp2l,Harvest Moon,Neil Young,12,Afternoon,2020,0,Harvest Moon -- Neil Young,Spotify Listening History 2019 - 2022.csv,Harvest Moon,Harvest Moon,5l9c6bJmzvftumhz4TMPgk,1.594683333
Harvest Moon,https://open.spotify.com/embed/track/2nekCvC9XRXQckWNnkIp2l,Harvest Moon,Neil Young,19,Evening,2019,0,Harvest Moon -- Neil Young,Spotify Listening History 2019 - 2022.csv,Harvest Moon,Harvest Moon,5l9c6bJmzvftumhz4TMPgk,1.568116667
Harvest Moon,https://open.spotify.com/embed/track/2nekCvC9XRXQckWNnkIp2l,Harvest Moon,Neil Young,9,Morning,2019,0,Harvest Moon -- Neil Young,Spotify Listening History 2019 - 2022.csv,Harvest Moon,Harvest Moon,5l9c6bJmzvftumhz4TMPgk,4.861866667
Harvest Moon,https://open.spotify.com/embed/track/2nekCvC9XRXQckWNnkIp2l,Harvest Moon,Neil Young,10,Morning,2020,0,Harvest Moon -- Neil Young,Spotify Listening History 2019 - 2022.csv,Harvest Moon,Harvest Moon,5l9c6bJmzvftumhz4TMPgk,5.05355
Harvest Moon,https://open.spotify.com/embed/track/2nekCvC9XRXQckWNnkIp2l,Harvest Moon,Neil Young,22,Evening,2019,0,Harvest Moon -- Neil Young,Spotify Listening History 2019 - 2022.csv,Harvest Moon,Harvest Moon,5l9c6bJmzvftumhz4TMPgk,4.9946
Harvest Moon,https://open.spotify.com/embed/track/2nekCvC9XRXQckWNnkIp2l,Harvest Moon,Neil Young,23,Evening,2021,0,Harvest Moon -- Neil Young,Spotify Listening History 2019 - 2022.csv,Harvest Moon,Harvest Moon,5l9c6bJmzvftumhz4TMPgk,5.05355
Harvest Moon,https://open.spotify.com/embed/track/2nekCvC9XRXQckWNnkIp2l,Harvest Moon,Neil Young,20,Evening,2019,0,Harvest Moon -- Neil Young,Spotify Listening History 2019 - 2022.csv,Harvest Moon,Harvest Moon,5l9c6bJmzvftumhz4TMPgk,4.021366667
Harvest Moon,https://open.spotify.com/embed/track/2nekCvC9XRXQckWNnkIp2l,"Eat, Pray, Love",Neil Young,8,Morning,2022,0,Harvest Moon -- Neil Young,Spotify Listening History 2019 - 2022.csv,Harvest Moon,Harvest Moon,2nekCvC9XRXQckWNnkIp2l,7.761633333
Harvest Moon,https://open.spotify.com/embed/track/2nekCvC9XRXQckWNnkIp2l,"Eat, Pray, Love",Neil Young,1,Night,2022,0,Harvest Moon -- Neil Young,Spotify Listening History 2019 - 2022.csv,Harvest Moon,Harvest Moon,2nekCvC9XRXQckWNnkIp2l,4.9851
Harvest Moon,https://open.spotify.com/embed/track/2nekCvC9XRXQckWNnkIp2l,"Eat, Pray, Love",Neil Young,12,Afternoon,2022,0,Harvest Moon -- Neil Young,Spotify Listening History 2019 - 2022.csv,Harvest Moon,Harvest Moon,2nekCvC9XRXQckWNnkIp2l,4.9851
Harvest Moon,https://open.spotify.com/embed/track/2nekCvC9XRXQckWNnkIp2l,Harvest Moon,Neil Young,16,Afternoon,2019,0,Harvest Moon -- Neil Young,Spotify Listening History 2019 - 2022.csv,Harvest Moon,Harvest Moon,5l9c6bJmzvftumhz4TMPgk,5.05355
Harvest Moon,https://open.spotify.com/embed/track/2nekCvC9XRXQckWNnkIp2l,Harvest Moon,Neil Young,10,Morning,2020,0,Harvest Moon -- Neil Young,Spotify Listening History 2019 - 2022.csv,Harvest Moon,Harvest Moon,5l9c6bJmzvftumhz4TMPgk,5.05355
Harvest Moon,https://open.spotify.com/embed/track/2nekCvC9XRXQckWNnkIp2l,Harvest Moon,Neil Young,12,Afternoon,2019,0,Harvest Moon -- Neil Young,Spotify Listening History 2019 - 2022.csv,Harvest Moon,Harvest Moon,5l9c6bJmzvftumhz4TMPgk,5.05355
Harvest Moon,https://open.spotify.com/embed/track/2nekCvC9XRXQckWNnkIp2l,Harvest Moon,Neil Young,16,Afternoon,2021,0,Harvest Moon -- Neil Young,Spotify Listening History 2019 - 2022.csv,Harvest Moon,Harvest Moon,5l9c6bJmzvftumhz4TMPgk,2.648166667
Harvest Moon,https://open.spotify.com/embed/track/2nekCvC9XRXQckWNnkIp2l,"Eat, Pray, Love",Neil Young,16,Afternoon,2022,0,Harvest Moon -- Neil Young,Spotify Listening History 2019 - 2022.csv,Harvest Moon,Harvest Moon,2nekCvC9XRXQckWNnkIp2l,4.9851
Harvest Moon,https://open.spotify.com/embed/track/2nekCvC9XRXQckWNnkIp2l,Harvest Moon,Neil Young,16,Afternoon,2021,0,Harvest Moon -- Neil Young,Spotify Listening History 2019 - 2022.csv,Harvest Moon,Harvest Moon,5l9c6bJmzvftumhz4TMPgk,5.05355
Harvest Moon,https://open.spotify.com/embed/track/2nekCvC9XRXQckWNnkIp2l,"Eat, Pray, Love",Neil Young,23,Evening,2022,0,Harvest Moon -- Neil Young,Spotify Listening History 2019 - 2022.csv,Harvest Moon,Harvest Moon,2nekCvC9XRXQckWNnkIp2l,4.9851
Harvest Moon,https://open.spotify.com/embed/track/2nekCvC9XRXQckWNnkIp2l,Harvest Moon,Neil Young,11,Morning,2019,0,Harvest Moon -- Neil Young,Spotify Listening History 2019 - 2022.csv,Harvest Moon,Harvest Moon,5l9c6bJmzvftumhz4TMPgk,4.85605
Harvest Moon,https://open.spotify.com/embed/track/2nekCvC9XRXQckWNnkIp2l,Harvest Moon,Neil Young,23,Evening,2020,0,Harvest Moon -- Neil Young,Spotify Listening History 2019 - 2022.csv,Harvest Moon,Harvest Moon,5l9c6bJmzvftumhz4TMPgk,5.05355
Harvest Moon,https://open.spotify.com/embed/track/2nekCvC9XRXQckWNnkIp2l,Harvest Moon,Neil Young,21,Evening,2020,0,Harvest Moon -- Neil Young,Spotify Listening History 2019 - 2022.csv,Harvest Moon,Harvest Moon,5l9c6bJmzvftumhz4TMPgk,5.05355
Harvest Moon,https://open.spotify.com/embed/track/2nekCvC9XRXQckWNnkIp2l,Harvest Moon,Neil Young,12,Afternoon,2021,0,Harvest Moon -- Neil Young,Spotify Listening History 2019 - 2022.csv,Harvest Moon,Harvest Moon,5l9c6bJmzvftumhz4TMPgk,1.792566667
Harvest Moon,https://open.spotify.com/embed/track/2nekCvC9XRXQckWNnkIp2l,Harvest Moon,Neil Young,16,Afternoon,2019,0,Harvest Moon -- Neil Young,Spotify Listening History 2019 - 2022.csv,Harvest Moon,Harvest Moon,5l9c6bJmzvftumhz4TMPgk,5.05355
Harvest Moon,https://open.spotify.com/embed/track/2nekCvC9XRXQckWNnkIp2l,"Eat, Pray, Love",Neil Young,0,Night,2022,0,Harvest Moon -- Neil Young,Spotify Listening History 2019 - 2022.csv,Harvest Moon,Harvest Moon,2nekCvC9XRXQckWNnkIp2l,4.9851
Harvest Moon,https://open.spotify.com/embed/track/2nekCvC9XRXQckWNnkIp2l,"Eat, Pray, Love",Neil Young,23,Evening,2022,0,Harvest Moon -- Neil Young,Spotify Listening History 2019 - 2022.csv,Harvest Moon,Harvest Moon,2nekCvC9XRXQckWNnkIp2l,4.9851
Harvest Moon,https://open.spotify.com/embed/track/2nekCvC9XRXQckWNnkIp2l,Harvest Moon,Neil Young,22,Evening,2019,0,Harvest Moon -- Neil Young,Spotify Listening History 2019 - 2022.csv,Harvest Moon,Harvest Moon,5l9c6bJmzvftumhz4TMPgk,5.05355
Harvest Moon,https://open.spotify.com/embed/track/2nekCvC9XRXQckWNnkIp2l,Harvest Moon,Neil Young,20,Evening,2019,0,Harvest Moon -- Neil Young,Spotify Listening History 2019 - 2022.csv,Harvest Moon,Harvest Moon,5l9c6bJmzvftumhz4TMPgk,5.05355
Harvest Moon,https://open.spotify.com/embed/track/2nekCvC9XRXQckWNnkIp2l,Harvest Moon,Neil Young,18,Evening,2019,0,Harvest Moon -- Neil Young,Spotify Listening History 2019 - 2022.csv,Harvest Moon,Harvest Moon,5l9c6bJmzvftumhz4TMPgk,1.609516667
Harvest Moon,https://open.spotify.com/embed/track/2nekCvC9XRXQckWNnkIp2l,Harvest Moon,Neil Young,11,Morning,2019,0,Harvest Moon -- Neil Young,Spotify Listening History 2019 - 2022.csv,Harvest Moon,Harvest Moon,5l9c6bJmzvftumhz4TMPgk,5.05355
Harvest Moon,https://open.spotify.com/embed/track/2nekCvC9XRXQckWNnkIp2l,"Eat, Pray, Love",Neil Young,23,Evening,2022,0,Harvest Moon -- Neil Young,Spotify Listening History 2019 - 2022.csv,Harvest Moon,Harvest Moon,2nekCvC9XRXQckWNnkIp2l,4.9851
Harvest Moon,https://open.spotify.com/embed/track/2nekCvC9XRXQckWNnkIp2l,"Eat, Pray, Love",Neil Young,23,Evening,2022,0,Harvest Moon -- Neil Young,Spotify Listening History 2019 - 2022.csv,Harvest Moon,Harvest Moon,2nekCvC9XRXQckWNnkIp2l,4.9851
Harvest Moon,https://open.spotify.com/embed/track/2nekCvC9XRXQckWNnkIp2l,Harvest Moon,Neil Young,10,Morning,2019,0,Harvest Moon -- Neil Young,Spotify Listening History 2019 - 2022.csv,Harvest Moon,Harvest Moon,5l9c6bJmzvftumhz4TMPgk,5.05355
Harvest Moon,https://open.spotify.com/embed/track/2nekCvC9XRXQckWNnkIp2l,Harvest Moon,Neil Young,10,Morning,2019,0,Harvest Moon -- Neil Young,Spotify Listening History 2019 - 2022.csv,Harvest Moon,Harvest Moon,5l9c6bJmzvftumhz4TMPgk,5.05355
Harvest Moon,https://open.spotify.com/embed/track/2nekCvC9XRXQckWNnkIp2l,"Eat, Pray, Love",Neil Young,11,Morning,2022,0,Harvest Moon -- Neil Young,Spotify Listening History 2019 - 2022.csv,Harvest Moon,Harvest Moon,2nekCvC9XRXQckWNnkIp2l,4.9851
Harvest Moon,https://open.spotify.com/embed/track/2nekCvC9XRXQckWNnkIp2l,Harvest Moon,Neil Young,12,Afternoon,2019,0,Harvest Moon -- Neil Young,Spotify Listening History 2019 - 2022.csv,Harvest Moon,Harvest Moon,5l9c6bJmzvftumhz4TMPgk,3.33205
Harvest Moon,https://open.spotify.com/embed/track/2nekCvC9XRXQckWNnkIp2l,"Eat, Pray, Love",Neil Young,19,Evening,2022,0,Harvest Moon -- Neil Young,Spotify Listening History 2019 - 2022.csv,Harvest Moon,Harvest Moon,2nekCvC9XRXQckWNnkIp2l,1.577016667
Harvest Moon,https://open.spotify.com/embed/track/2nekCvC9XRXQckWNnkIp2l,"Eat, Pray, Love",Neil Young,19,Evening,2022,0,Harvest Moon -- Neil Young,Spotify Listening History 2019 - 2022.csv,Harvest Moon,Harvest Moon,2nekCvC9XRXQckWNnkIp2l,1.577016667
Harvest Moon,https://open.spotify.com/embed/track/2nekCvC9XRXQckWNnkIp2l,Harvest Moon,Neil Young,1,Night,2020,0,Harvest Moon -- Neil Young,Spotify Listening History 2019 - 2022.csv,Harvest Moon,Harvest Moon,5l9c6bJmzvftumhz4TMPgk,5.05355
Harvest Moon,https://open.spotify.com/embed/track/2nekCvC9XRXQckWNnkIp2l,Harvest Moon,Neil Young,0,Night,2020,0,Harvest Moon -- Neil Young,Spotify Listening History 2019 - 2022.csv,Harvest Moon,Harvest Moon,5l9c6bJmzvftumhz4TMPgk,5.05355
Harvest Moon,https://open.spotify.com/embed/track/2nekCvC9XRXQckWNnkIp2l,Harvest Moon,Neil Young,16,Afternoon,2019,0,Harvest Moon -- Neil Young,Spotify Listening History 2019 - 2022.csv,Harvest Moon,Harvest Moon,5l9c6bJmzvftumhz4TMPgk,5.05355
Harvest Moon,https://open.spotify.com/embed/track/2nekCvC9XRXQckWNnkIp2l,Harvest Moon,Neil Young,14,Afternoon,2019,0,Harvest Moon -- Neil Young,Spotify Listening History 2019 - 2022.csv,Harvest Moon,Harvest Moon,5l9c6bJmzvftumhz4TMPgk,5.05355
Harvest Moon,https://open.spotify.com/embed/track/2nekCvC9XRXQckWNnkIp2l,Harvest Moon,Neil Young,21,Evening,2020,0,Harvest Moon -- Neil Young,Spotify Listening History 2019 - 2022.csv,Harvest Moon,Harvest Moon,5l9c6bJmzvftumhz4TMPgk,5.05355
Harvest Moon,https://open.spotify.com/embed/track/2nekCvC9XRXQckWNnkIp2l,Harvest Moon,Neil Young,23,Evening,2020,0,Harvest Moon -- Neil Young,Spotify Listening History 2019 - 2022.csv,Harvest Moon,Harvest Moon,5l9c6bJmzvftumhz4TMPgk,5.05355
Harvest Moon,https://open.spotify.com/embed/track/2nekCvC9XRXQckWNnkIp2l,Harvest Moon,Neil Young,22,Evening,2019,0,Harvest Moon -- Neil Young,Spotify Listening History 2019 - 2022.csv,Harvest Moon,Harvest Moon,5l9c6bJmzvftumhz4TMPgk,2.995383333
Harvest Moon,https://open.spotify.com/embed/track/2nekCvC9XRXQckWNnkIp2l,Harvest Moon,Neil Young,1,Night,2020,0,Harvest Moon -- Neil Young,Spotify Listening History 2019 - 2022.csv,Harvest Moon,Harvest Moon,5l9c6bJmzvftumhz4TMPgk,1.8003
Harvest Moon,https://open.spotify.com/embed/track/2nekCvC9XRXQckWNnkIp2l,Harvest Moon,Neil Young,14,Afternoon,2020,0,Harvest Moon -- Neil Young,Spotify Listening History 2019 - 2022.csv,Harvest Moon,Harvest Moon,5l9c6bJmzvftumhz4TMPgk,5.05355
Harvest Moon,https://open.spotify.com/embed/track/2nekCvC9XRXQckWNnkIp2l,"Eat, Pray, Love",Neil Young,22,Evening,2022,0,Harvest Moon -- Neil Young,Spotify Listening History 2019 - 2022.csv,Harvest Moon,Harvest Moon,2nekCvC9XRXQckWNnkIp2l,4.9851
Harvest Moon,https://open.spotify.com/embed/track/2nekCvC9XRXQckWNnkIp2l,Harvest Moon,Neil Young,16,Afternoon,2020,0,Harvest Moon -- Neil Young,Spotify Listening History 2019 - 2022.csv,Harvest Moon,Harvest Moon,5l9c6bJmzvftumhz4TMPgk,5.05355
Harvest Moon,https://open.spotify.com/embed/track/2nekCvC9XRXQckWNnkIp2l,Harvest Moon,Neil Young,18,Evening,2020,0,Harvest Moon -- Neil Young,Spotify Listening History 2019 - 2022.csv,Harvest Moon,Harvest Moon,5l9c6bJmzvftumhz4TMPgk,5.2275
Harvest Moon,https://open.spotify.com/embed/track/2nekCvC9XRXQckWNnkIp2l,Harvest Moon,Neil Young,18,Evening,2019,0,Harvest Moon -- Neil Young,Spotify Listening History 2019 - 2022.csv,Harvest Moon,Harvest Moon,5l9c6bJmzvftumhz4TMPgk,4.282916667
Harvest Moon,https://open.spotify.com/embed/track/2nekCvC9XRXQckWNnkIp2l,"Eat, Pray, Love",Neil Young,22,Evening,2022,0,Harvest Moon -- Neil Young,Spotify Listening History 2019 - 2022.csv,Harvest Moon,Harvest Moon,2nekCvC9XRXQckWNnkIp2l,2.838333333
Harvest Moon,https://open.spotify.com/embed/track/2nekCvC9XRXQckWNnkIp2l,Harvest Moon,Neil Young,14,Afternoon,2021,0,Harvest Moon -- Neil Young,Spotify Listening History 2019 - 2022.csv,Harvest Moon,Harvest Moon,5l9c6bJmzvftumhz4TMPgk,5.05355
Harvest Moon,https://open.spotify.com/embed/track/2nekCvC9XRXQckWNnkIp2l,"Eat, Pray, Love",Neil Young,8,Morning,2022,0,Harvest Moon -- Neil Young,Spotify Listening History 2019 - 2022.csv,Harvest Moon,Harvest Moon,2nekCvC9XRXQckWNnkIp2l,1.002666667
Harvest Moon,https://open.spotify.com/embed/track/2nekCvC9XRXQckWNnkIp2l,Harvest Moon,Neil Young,17,Afternoon,2019,0,Harvest Moon -- Neil Young,Spotify Listening History 2019 - 2022.csv,Harvest Moon,Harvest Moon,5l9c6bJmzvftumhz4TMPgk,4.941083333
Harvest Moon,https://open.spotify.com/embed/track/2nekCvC9XRXQckWNnkIp2l,Harvest Moon,Neil Young,17,Afternoon,2019,0,Harvest Moon -- Neil Young,Spotify Listening History 2019 - 2022.csv,Harvest Moon,Harvest Moon,5l9c6bJmzvftumhz4TMPgk,3.3968
Harvest Moon,https://open.spotify.com/embed/track/2nekCvC9XRXQckWNnkIp2l,"Eat, Pray, Love",Neil Young,10,Morning,2022,0,Harvest Moon -- Neil Young,Spotify Listening History 2019 - 2022.csv,Harvest Moon,Harvest Moon,2nekCvC9XRXQckWNnkIp2l,4.1225
Harvest Moon,https://open.spotify.com/embed/track/2nekCvC9XRXQckWNnkIp2l,"Eat, Pray, Love",Neil Young,0,Night,2022,0,Harvest Moon -- Neil Young,Spotify Listening History 2019 - 2022.csv,Harvest Moon,Harvest Moon,2nekCvC9XRXQckWNnkIp2l,4.9851
Harvest Moon,https://open.spotify.com/embed/track/2nekCvC9XRXQckWNnkIp2l,Harvest Moon,Neil Young,17,Afternoon,2020,0,Harvest Moon -- Neil Young,Spotify Listening History 2019 - 2022.csv,Harvest Moon,Harvest Moon,5l9c6bJmzvftumhz4TMPgk,1.024966667
Harvest Moon,https://open.spotify.com/embed/track/2nekCvC9XRXQckWNnkIp2l,"Eat, Pray, Love",Neil Young,8,Morning,2022,0,Harvest Moon -- Neil Young,Spotify Listening History 2019 - 2022.csv,Harvest Moon,Harvest Moon,2nekCvC9XRXQckWNnkIp2l,3.996333333
Harvest Moon,https://open.spotify.com/embed/track/2nekCvC9XRXQckWNnkIp2l,Harvest Moon,Neil Young,12,Afternoon,2019,0,Harvest Moon -- Neil Young,Spotify Listening History 2019 - 2022.csv,Harvest Moon,Harvest Moon,5l9c6bJmzvftumhz4TMPgk,5.05355
Harvest Moon,https://open.spotify.com/embed/track/2nekCvC9XRXQckWNnkIp2l,"Eat, Pray, Love",Neil Young,17,Afternoon,2022,0,Harvest Moon -- Neil Young,Spotify Listening History 2019 - 2022.csv,Harvest Moon,Harvest Moon,2nekCvC9XRXQckWNnkIp2l,4.9851
Harvest Moon,https://open.spotify.com/embed/track/2nekCvC9XRXQckWNnkIp2l,"Eat, Pray, Love",Neil Young,19,Evening,2022,0,Harvest Moon -- Neil Young,Spotify Listening History 2019 - 2022.csv,Harvest Moon,Harvest Moon,2nekCvC9XRXQckWNnkIp2l,3.408133333
Harvest Moon,https://open.spotify.com/embed/track/2nekCvC9XRXQckWNnkIp2l,Harvest Moon,Neil Young,19,Evening,2019,0,Harvest Moon -- Neil Young,Spotify Listening History 2019 - 2022.csv,Harvest Moon,Harvest Moon,5l9c6bJmzvftumhz4TMPgk,5.05355
Harvest Moon,https://open.spotify.com/embed/track/2nekCvC9XRXQckWNnkIp2l,Harvest Moon,Neil Young,22,Evening,2019,0,Harvest Moon -- Neil Young,Spotify Listening History 2019 - 2022.csv,Harvest Moon,Harvest Moon,5l9c6bJmzvftumhz4TMPgk,3.748833333
Harvest Moon,https://open.spotify.com/embed/track/2nekCvC9XRXQckWNnkIp2l,Harvest Moon,Neil Young,9,Morning,2019,0,Harvest Moon -- Neil Young,Spotify Listening History 2019 - 2022.csv,Harvest Moon,Harvest Moon,5l9c6bJmzvftumhz4TMPgk,1.13545
Harvest Moon,https://open.spotify.com/embed/track/2nekCvC9XRXQckWNnkIp2l,"Eat, Pray, Love",Neil Young,10,Morning,2022,0,Harvest Moon -- Neil Young,Spotify Listening History 2019 - 2022.csv,Harvest Moon,Harvest Moon,2nekCvC9XRXQckWNnkIp2l,1.149766667
Harvest Moon,https://open.spotify.com/embed/track/2nekCvC9XRXQckWNnkIp2l,Harvest Moon,Neil Young,13,Afternoon,2019,0,Harvest Moon -- Neil Young,Spotify Listening History 2019 - 2022.csv,Harvest Moon,Harvest Moon,5l9c6bJmzvftumhz4TMPgk,5.05355
Harvest Moon,https://open.spotify.com/embed/track/2nekCvC9XRXQckWNnkIp2l,Harvest Moon,Neil Young,21,Evening,2019,0,Harvest Moon -- Neil Young,Spotify Listening History 2019 - 2022.csv,Harvest Moon,Harvest Moon,5l9c6bJmzvftumhz4TMPgk,5.05355
Harvest Moon,https://open.spotify.com/embed/track/2nekCvC9XRXQckWNnkIp2l,Harvest Moon,Neil Young,20,Evening,2019,0,Harvest Moon -- Neil Young,Spotify Listening History 2019 - 2022.csv,Harvest Moon,Harvest Moon,5l9c6bJmzvftumhz4TMPgk,5.05355
Harvest Moon,https://open.spotify.com/embed/track/2nekCvC9XRXQckWNnkIp2l,"Eat, Pray, Love",Neil Young,22,Evening,2022,0,Harvest Moon -- Neil Young,Spotify Listening History 2019 - 2022.csv,Harvest Moon,Harvest Moon,2nekCvC9XRXQckWNnkIp2l,6.77765
Harvest Moon,https://open.spotify.com/embed/track/2nekCvC9XRXQckWNnkIp2l,Harvest Moon,Neil Young,15,Afternoon,2019,0,Harvest Moon -- Neil Young,Spotify Listening History 2019 - 2022.csv,Harvest Moon,Harvest Moon,5l9c6bJmzvftumhz4TMPgk,5.05355
Harvest Moon,https://open.spotify.com/embed/track/2nekCvC9XRXQckWNnkIp2l,Harvest Moon,Neil Young,14,Afternoon,2019,0,Harvest Moon -- Neil Young,Spotify Listening History 2019 - 2022.csv,Harvest Moon,Harvest Moon,5l9c6bJmzvftumhz4TMPgk,5.05355
Harvest Moon,https://open.spotify.com/embed/track/2nekCvC9XRXQckWNnkIp2l,Harvest Moon,Neil Young,11,Morning,2019,0,Harvest Moon -- Neil Young,Spotify Listening History 2019 - 2022.csv,Harvest Moon,Harvest Moon,5l9c6bJmzvftumhz4TMPgk,5.05355
Harvest Moon,https://open.spotify.com/embed/track/2nekCvC9XRXQckWNnkIp2l,Harvest Moon,Neil Young,23,Evening,2021,0,Harvest Moon -- Neil Young,Spotify Listening History 2019 - 2022.csv,Harvest Moon,Harvest Moon,5l9c6bJmzvftumhz4TMPgk,5.05355
Harvest Moon,https://open.spotify.com/embed/track/2nekCvC9XRXQckWNnkIp2l,Harvest Moon,Neil Young,10,Morning,2019,0,Harvest Moon -- Neil Young,Spotify Listening History 2019 - 2022.csv,Harvest Moon,Harvest Moon,5l9c6bJmzvftumhz4TMPgk,5.05355
Harvest Moon,https://open.spotify.com/embed/track/2nekCvC9XRXQckWNnkIp2l,"Eat, Pray, Love",Neil Young,0,Night,2022,0,Harvest Moon -- Neil Young,Spotify Listening History 2019 - 2022.csv,Harvest Moon,Harvest Moon,2nekCvC9XRXQckWNnkIp2l,4.9851
Harvest Moon,https://open.spotify.com/embed/track/2nekCvC9XRXQckWNnkIp2l,Harvest Moon,Neil Young,7,Morning,2019,0,Harvest Moon -- Neil Young,Spotify Listening History 2019 - 2022.csv,Harvest Moon,Harvest Moon,5l9c6bJmzvftumhz4TMPgk,3.362633333
Early Morning Rain,https://open.spotify.com/embed/track/4GV5wmFd0G5NW8lQK9aVvP,Early Morning Rain,Ian & Sylvia,0,Night,2021,0,Early Morning Rain -- Ian & Sylvia,Spotify Listening History 2019 - 2022.csv,Early Morning Rain,Early Morning Rain,4GV5wmFd0G5NW8lQK9aVvP,3.966666667
Early Morning Rain,https://open.spotify.com/embed/track/4GV5wmFd0G5NW8lQK9aVvP,Early Morning Rain,Ian & Sylvia,16,Afternoon,2021,0,Early Morning Rain -- Ian & Sylvia,Spotify Listening History 2019 - 2022.csv,Early Morning Rain,Early Morning Rain,4GV5wmFd0G5NW8lQK9aVvP,3.966666667
Early Morning Rain,https://open.spotify.com/embed/track/4GV5wmFd0G5NW8lQK9aVvP,Early Morning Rain,Ian & Sylvia,14,Afternoon,2021,0,Early Morning Rain -- Ian & Sylvia,Spotify Listening History 2019 - 2022.csv,Early Morning Rain,Early Morning Rain,4GV5wmFd0G5NW8lQK9aVvP,3.966666667
Early Morning Rain,https://open.spotify.com/embed/track/4GV5wmFd0G5NW8lQK9aVvP,Early Morning Rain,Ian & Sylvia,0,Night,2021,0,Early Morning Rain -- Ian & Sylvia,Spotify Listening History 2019 - 2022.csv,Early Morning Rain,Early Morning Rain,4GV5wmFd0G5NW8lQK9aVvP,3.966666667
Early Morning Rain,https://open.spotify.com/embed/track/4GV5wmFd0G5NW8lQK9aVvP,Early Morning Rain,Ian & Sylvia,0,Night,2021,0,Early Morning Rain -- Ian & Sylvia,Spotify Listening History 2019 - 2022.csv,Early Morning Rain,Early Morning Rain,4GV5wmFd0G5NW8lQK9aVvP,3.966666667
Early Morning Rain,https://open.spotify.com/embed/track/4GV5wmFd0G5NW8lQK9aVvP,Early Morning Rain,Ian & Sylvia,0,Night,2021,0,Early Morning Rain -- Ian & Sylvia,Spotify Listening History 2019 - 2022.csv,Early Morning Rain,Early Morning Rain,4GV5wmFd0G5NW8lQK9aVvP,3.966666667
Early Morning Rain,https://open.spotify.com/embed/track/4GV5wmFd0G5NW8lQK9aVvP,Early Morning Rain,Ian & Sylvia,23,Evening,2021,0,Early Morning Rain -- Ian & Sylvia,Spotify Listening History 2019 - 2022.csv,Early Morning Rain,Early Morning Rain,4GV5wmFd0G5NW8lQK9aVvP,3.966666667
Early Morning Rain,https://open.spotify.com/embed/track/4GV5wmFd0G5NW8lQK9aVvP,Early Morning Rain,Ian & Sylvia,18,Evening,2021,0,Early Morning Rain -- Ian & Sylvia,Spotify Listening History 2019 - 2022.csv,Early Morning Rain,Early Morning Rain,4GV5wmFd0G5NW8lQK9aVvP,3.966666667
Early Morning Rain,https://open.spotify.com/embed/track/4GV5wmFd0G5NW8lQK9aVvP,Early Morning Rain,Ian & Sylvia,17,Afternoon,2021,0,Early Morning Rain -- Ian & Sylvia,Spotify Listening History 2019 - 2022.csv,Early Morning Rain,Early Morning Rain,4GV5wmFd0G5NW8lQK9aVvP,3.966666667
Early Morning Rain,https://open.spotify.com/embed/track/4GV5wmFd0G5NW8lQK9aVvP,Early Morning Rain,Ian & Sylvia,23,Evening,2021,0,Early Morning Rain -- Ian & Sylvia,Spotify Listening History 2019 - 2022.csv,Early Morning Rain,Early Morning Rain,4GV5wmFd0G5NW8lQK9aVvP,3.966666667
Early Morning Rain,https://open.spotify.com/embed/track/4GV5wmFd0G5NW8lQK9aVvP,Early Morning Rain,Ian & Sylvia,2,Night,2021,0,Early Morning Rain -- Ian & Sylvia,Spotify Listening History 2019 - 2022.csv,Early Morning Rain,Early Morning Rain,4GV5wmFd0G5NW8lQK9aVvP,3.966666667
Early Morning Rain,https://open.spotify.com/embed/track/4GV5wmFd0G5NW8lQK9aVvP,Early Morning Rain,Ian & Sylvia,15,Afternoon,2021,0,Early Morning Rain -- Ian & Sylvia,Spotify Listening History 2019 - 2022.csv,Early Morning Rain,Early Morning Rain,4GV5wmFd0G5NW8lQK9aVvP,3.966666667
Early Morning Rain,https://open.spotify.com/embed/track/4GV5wmFd0G5NW8lQK9aVvP,Early Morning Rain,Ian & Sylvia,13,Afternoon,2021,0,Early Morning Rain -- Ian & Sylvia,Spotify Listening History 2019 - 2022.csv,Early Morning Rain,Early Morning Rain,4GV5wmFd0G5NW8lQK9aVvP,3.684666667
Early Morning Rain,https://open.spotify.com/embed/track/4GV5wmFd0G5NW8lQK9aVvP,Early Morning Rain,Ian & Sylvia,10,Morning,2021,0,Early Morning Rain -- Ian & Sylvia,Spotify Listening History 2019 - 2022.csv,Early Morning Rain,Early Morning Rain,4GV5wmFd0G5NW8lQK9aVvP,2.944583333
Early Morning Rain,https://open.spotify.com/embed/track/4GV5wmFd0G5NW8lQK9aVvP,Early Morning Rain,Ian & Sylvia,9,Morning,2021,0,Early Morning Rain -- Ian & Sylvia,Spotify Listening History 2019 - 2022.csv,Early Morning Rain,Early Morning Rain,4GV5wmFd0G5NW8lQK9aVvP,3.07265
Early Morning Rain,https://open.spotify.com/embed/track/4GV5wmFd0G5NW8lQK9aVvP,Early Morning Rain,Ian & Sylvia,7,Morning,2021,0,Early Morning Rain -- Ian & Sylvia,Spotify Listening History 2019 - 2022.csv,Early Morning Rain,Early Morning Rain,4GV5wmFd0G5NW8lQK9aVvP,3.966666667
Early Morning Rain,https://open.spotify.com/embed/track/4GV5wmFd0G5NW8lQK9aVvP,Early Morning Rain,Ian & Sylvia,22,Evening,2021,0,Early Morning Rain -- Ian & Sylvia,Spotify Listening History 2019 - 2022.csv,Early Morning Rain,Early Morning Rain,4GV5wmFd0G5NW8lQK9aVvP,3.966666667
Early Morning Rain,https://open.spotify.com/embed/track/4GV5wmFd0G5NW8lQK9aVvP,Early Morning Rain,Ian & Sylvia,22,Evening,2021,0,Early Morning Rain -- Ian & Sylvia,Spotify Listening History 2019 - 2022.csv,Early Morning Rain,Early Morning Rain,4GV5wmFd0G5NW8lQK9aVvP,3.966666667
Early Morning Rain,https://open.spotify.com/embed/track/4GV5wmFd0G5NW8lQK9aVvP,Early Morning Rain,Ian & Sylvia,1,Night,2021,0,Early Morning Rain -- Ian & Sylvia,Spotify Listening History 2019 - 2022.csv,Early Morning Rain,Early Morning Rain,4GV5wmFd0G5NW8lQK9aVvP,3.966666667
Early Morning Rain,https://open.spotify.com/embed/track/4GV5wmFd0G5NW8lQK9aVvP,Early Morning Rain,Ian & Sylvia,7,Morning,2021,0,Early Morning Rain -- Ian & Sylvia,Spotify Listening History 2019 - 2022.csv,Early Morning Rain,Early Morning Rain,4GV5wmFd0G5NW8lQK9aVvP,3.966666667
Early Morning Rain,https://open.spotify.com/embed/track/4GV5wmFd0G5NW8lQK9aVvP,Early Morning Rain,Ian & Sylvia,23,Evening,2021,0,Early Morning Rain -- Ian & Sylvia,Spotify Listening History 2019 - 2022.csv,Early Morning Rain,Early Morning Rain,4GV5wmFd0G5NW8lQK9aVvP,4.73075
Early Morning Rain,https://open.spotify.com/embed/track/4GV5wmFd0G5NW8lQK9aVvP,Early Morning Rain,Ian & Sylvia,20,Evening,2021,0,Early Morning Rain -- Ian & Sylvia,Spotify Listening History 2019 - 2022.csv,Early Morning Rain,Early Morning Rain,4GV5wmFd0G5NW8lQK9aVvP,3.966666667
Early Morning Rain,https://open.spotify.com/embed/track/4GV5wmFd0G5NW8lQK9aVvP,Early Morning Rain,Ian & Sylvia,11,Morning,2021,0,Early Morning Rain -- Ian & Sylvia,Spotify Listening History 2019 - 2022.csv,Early Morning Rain,Early Morning Rain,4GV5wmFd0G5NW8lQK9aVvP,3.966666667
Early Morning Rain,https://open.spotify.com/embed/track/4GV5wmFd0G5NW8lQK9aVvP,Early Morning Rain,Ian & Sylvia,11,Morning,2021,0,Early Morning Rain -- Ian & Sylvia,Spotify Listening History 2019 - 2022.csv,Early Morning Rain,Early Morning Rain,4GV5wmFd0G5NW8lQK9aVvP,3.966666667
Early Morning Rain,https://open.spotify.com/embed/track/4GV5wmFd0G5NW8lQK9aVvP,Early Morning Rain,Ian & Sylvia,15,Afternoon,2021,0,Early Morning Rain -- Ian & Sylvia,Spotify Listening History 2019 - 2022.csv,Early Morning Rain,Early Morning Rain,4GV5wmFd0G5NW8lQK9aVvP,1.1486
Early Morning Rain,https://open.spotify.com/embed/track/4GV5wmFd0G5NW8lQK9aVvP,Early Morning Rain,Ian & Sylvia,10,Morning,2021,0,Early Morning Rain -- Ian & Sylvia,Spotify Listening History 2019 - 2022.csv,Early Morning Rain,Early Morning Rain,4GV5wmFd0G5NW8lQK9aVvP,7.553416667
Early Morning Rain,https://open.spotify.com/embed/track/4GV5wmFd0G5NW8lQK9aVvP,Early Morning Rain,Ian & Sylvia,20,Evening,2021,0,Early Morning Rain -- Ian & Sylvia,Spotify Listening History 2019 - 2022.csv,Early Morning Rain,Early Morning Rain,4GV5wmFd0G5NW8lQK9aVvP,1.84255
Early Morning Rain,https://open.spotify.com/embed/track/4GV5wmFd0G5NW8lQK9aVvP,Early Morning Rain,Ian & Sylvia,18,Evening,2021,0,Early Morning Rain -- Ian & Sylvia,Spotify Listening History 2019 - 2022.csv,Early Morning Rain,Early Morning Rain,4GV5wmFd0G5NW8lQK9aVvP,3.966666667
Early Morning Rain,https://open.spotify.com/embed/track/4GV5wmFd0G5NW8lQK9aVvP,Early Morning Rain,Ian & Sylvia,17,Afternoon,2021,0,Early Morning Rain -- Ian & Sylvia,Spotify Listening History 2019 - 2022.csv,Early Morning Rain,Early Morning Rain,4GV5wmFd0G5NW8lQK9aVvP,3.510383333
Early Morning Rain,https://open.spotify.com/embed/track/4GV5wmFd0G5NW8lQK9aVvP,Early Morning Rain,Ian & Sylvia,1,Night,2021,0,Early Morning Rain -- Ian & Sylvia,Spotify Listening History 2019 - 2022.csv,Early Morning Rain,Early Morning Rain,4GV5wmFd0G5NW8lQK9aVvP,3.554133333
Early Morning Rain,https://open.spotify.com/embed/track/4GV5wmFd0G5NW8lQK9aVvP,Early Morning Rain,Ian & Sylvia,18,Evening,2021,0,Early Morning Rain -- Ian & Sylvia,Spotify Listening History 2019 - 2022.csv,Early Morning Rain,Early Morning Rain,4GV5wmFd0G5NW8lQK9aVvP,3.687466667
Early Morning Rain,https://open.spotify.com/embed/track/4GV5wmFd0G5NW8lQK9aVvP,Early Morning Rain,Ian & Sylvia,12,Afternoon,2021,0,Early Morning Rain -- Ian & Sylvia,Spotify Listening History 2019 - 2022.csv,Early Morning Rain,Early Morning Rain,4GV5wmFd0G5NW8lQK9aVvP,3.966666667
Early Morning Rain,https://open.spotify.com/embed/track/4GV5wmFd0G5NW8lQK9aVvP,Early Morning Rain,Ian & Sylvia,9,Morning,2022,0,Early Morning Rain -- Ian & Sylvia,Spotify Listening History 2019 - 2022.csv,Early Morning Rain,Early Morning Rain,4GV5wmFd0G5NW8lQK9aVvP,3.966666667
Early Morning Rain,https://open.spotify.com/embed/track/4GV5wmFd0G5NW8lQK9aVvP,Early Morning Rain,Ian & Sylvia,10,Morning,2021,0,Early Morning Rain -- Ian & Sylvia,Spotify Listening History 2019 - 2022.csv,Early Morning Rain,Early Morning Rain,4GV5wmFd0G5NW8lQK9aVvP,6.137333333
Early Morning Rain,https://open.spotify.com/embed/track/4GV5wmFd0G5NW8lQK9aVvP,Early Morning Rain,Ian & Sylvia,11,Morning,2020,0,Early Morning Rain -- Ian & Sylvia,Spotify Listening History 2019 - 2022.csv,Early Morning Rain,Early Morning Rain,4GV5wmFd0G5NW8lQK9aVvP,3.8356
Early Morning Rain,https://open.spotify.com/embed/track/4GV5wmFd0G5NW8lQK9aVvP,Early Morning Rain,Ian & Sylvia,19,Evening,2020,0,Early Morning Rain -- Ian & Sylvia,Spotify Listening History 2019 - 2022.csv,Early Morning Rain,Early Morning Rain,4GV5wmFd0G5NW8lQK9aVvP,3.48855
Early Morning Rain,https://open.spotify.com/embed/track/4GV5wmFd0G5NW8lQK9aVvP,Early Morning Rain,Ian & Sylvia,9,Morning,2020,0,Early Morning Rain -- Ian & Sylvia,Spotify Listening History 2019 - 2022.csv,Early Morning Rain,Early Morning Rain,4GV5wmFd0G5NW8lQK9aVvP,3.759483333
Early Morning Rain,https://open.spotify.com/embed/track/4GV5wmFd0G5NW8lQK9aVvP,Early Morning Rain,Ian & Sylvia,13,Afternoon,2020,0,Early Morning Rain -- Ian & Sylvia,Spotify Listening History 2019 - 2022.csv,Early Morning Rain,Early Morning Rain,4GV5wmFd0G5NW8lQK9aVvP,3.966666667
Early Morning Rain,https://open.spotify.com/embed/track/4GV5wmFd0G5NW8lQK9aVvP,Early Morning Rain,Ian & Sylvia,19,Evening,2022,0,Early Morning Rain -- Ian & Sylvia,Spotify Listening History 2019 - 2022.csv,Early Morning Rain,Early Morning Rain,4GV5wmFd0G5NW8lQK9aVvP,6.29615
Early Morning Rain,https://open.spotify.com/embed/track/4GV5wmFd0G5NW8lQK9aVvP,Early Morning Rain,Ian & Sylvia,15,Afternoon,2022,0,Early Morning Rain -- Ian & Sylvia,Spotify Listening History 2019 - 2022.csv,Early Morning Rain,Early Morning Rain,4GV5wmFd0G5NW8lQK9aVvP,1.850866667
Early Morning Rain,https://open.spotify.com/embed/track/4GV5wmFd0G5NW8lQK9aVvP,Early Morning Rain,Ian & Sylvia,3,Night,2020,0,Early Morning Rain -- Ian & Sylvia,Spotify Listening History 2019 - 2022.csv,Early Morning Rain,Early Morning Rain,4GV5wmFd0G5NW8lQK9aVvP,3.966666667
Early Morning Rain,https://open.spotify.com/embed/track/4GV5wmFd0G5NW8lQK9aVvP,Early Morning Rain,Ian & Sylvia,13,Afternoon,2022,0,Early Morning Rain -- Ian & Sylvia,Spotify Listening History 2019 - 2022.csv,Early Morning Rain,Early Morning Rain,4GV5wmFd0G5NW8lQK9aVvP,3.966666667
Early Morning Rain,https://open.spotify.com/embed/track/4GV5wmFd0G5NW8lQK9aVvP,Early Morning Rain,Ian & Sylvia,8,Morning,2022,0,Early Morning Rain -- Ian & Sylvia,Spotify Listening History 2019 - 2022.csv,Early Morning Rain,Early Morning Rain,4GV5wmFd0G5NW8lQK9aVvP,3.966666667
Early Morning Rain,https://open.spotify.com/embed/track/4GV5wmFd0G5NW8lQK9aVvP,Early Morning Rain,Ian & Sylvia,6,Morning,2020,0,Early Morning Rain -- Ian & Sylvia,Spotify Listening History 2019 - 2022.csv,Early Morning Rain,Early Morning Rain,4GV5wmFd0G5NW8lQK9aVvP,3.966666667
Early Morning Rain,https://open.spotify.com/embed/track/4GV5wmFd0G5NW8lQK9aVvP,Early Morning Rain,Ian & Sylvia,0,Night,2020,0,Early Morning Rain -- Ian & Sylvia,Spotify Listening History 2019 - 2022.csv,Early Morning Rain,Early Morning Rain,4GV5wmFd0G5NW8lQK9aVvP,3.966666667
Early Morning Rain,https://open.spotify.com/embed/track/4GV5wmFd0G5NW8lQK9aVvP,Early Morning Rain,Ian & Sylvia,6,Morning,2022,0,Early Morning Rain -- Ian & Sylvia,Spotify Listening History 2019 - 2022.csv,Early Morning Rain,Early Morning Rain,4GV5wmFd0G5NW8lQK9aVvP,3.075866667
Early Morning Rain,https://open.spotify.com/embed/track/4GV5wmFd0G5NW8lQK9aVvP,Early Morning Rain,Ian & Sylvia,18,Evening,2022,0,Early Morning Rain -- Ian & Sylvia,Spotify Listening History 2019 - 2022.csv,Early Morning Rain,Early Morning Rain,4GV5wmFd0G5NW8lQK9aVvP,2.877833333
Early Morning Rain,https://open.spotify.com/embed/track/4GV5wmFd0G5NW8lQK9aVvP,Early Morning Rain,Ian & Sylvia,19,Evening,2020,0,Early Morning Rain -- Ian & Sylvia,Spotify Listening History 2019 - 2022.csv,Early Morning Rain,Early Morning Rain,4GV5wmFd0G5NW8lQK9aVvP,3.966666667
Early Morning Rain,https://open.spotify.com/embed/track/4GV5wmFd0G5NW8lQK9aVvP,Early Morning Rain,Ian & Sylvia,17,Afternoon,2021,0,Early Morning Rain -- Ian & Sylvia,Spotify Listening History 2019 - 2022.csv,Early Morning Rain,Early Morning Rain,4GV5wmFd0G5NW8lQK9aVvP,3.966666667
Early Morning Rain,https://open.spotify.com/embed/track/4GV5wmFd0G5NW8lQK9aVvP,Early Morning Rain,Ian & Sylvia,2,Night,2020,0,Early Morning Rain -- Ian & Sylvia,Spotify Listening History 2019 - 2022.csv,Early Morning Rain,Early Morning Rain,4GV5wmFd0G5NW8lQK9aVvP,3.966666667
Early Morning Rain,https://open.spotify.com/embed/track/4GV5wmFd0G5NW8lQK9aVvP,Early Morning Rain,Ian & Sylvia,3,Night,2020,0,Early Morning Rain -- Ian & Sylvia,Spotify Listening History 2019 - 2022.csv,Early Morning Rain,Early Morning Rain,4GV5wmFd0G5NW8lQK9aVvP,3.966666667
Early Morning Rain,https://open.spotify.com/embed/track/4GV5wmFd0G5NW8lQK9aVvP,Early Morning Rain,Ian & Sylvia,2,Night,2020,0,Early Morning Rain -- Ian & Sylvia,Spotify Listening History 2019 - 2022.csv,Early Morning Rain,Early Morning Rain,4GV5wmFd0G5NW8lQK9aVvP,3.966666667
Early Morning Rain,https://open.spotify.com/embed/track/4GV5wmFd0G5NW8lQK9aVvP,Early Morning Rain,Ian & Sylvia,2,Night,2020,0,Early Morning Rain -- Ian & Sylvia,Spotify Listening History 2019 - 2022.csv,Early Morning Rain,Early Morning Rain,4GV5wmFd0G5NW8lQK9aVvP,3.966666667
Early Morning Rain,https://open.spotify.com/embed/track/4GV5wmFd0G5NW8lQK9aVvP,Early Morning Rain,Ian & Sylvia,16,Afternoon,2022,0,Early Morning Rain -- Ian & Sylvia,Spotify Listening History 2019 - 2022.csv,Early Morning Rain,Early Morning Rain,4GV5wmFd0G5NW8lQK9aVvP,3.966666667
Early Morning Rain,https://open.spotify.com/embed/track/4GV5wmFd0G5NW8lQK9aVvP,Early Morning Rain,Ian & Sylvia,22,Evening,2020,0,Early Morning Rain -- Ian & Sylvia,Spotify Listening History 2019 - 2022.csv,Early Morning Rain,Early Morning Rain,4GV5wmFd0G5NW8lQK9aVvP,3.966666667
Early Morning Rain,https://open.spotify.com/embed/track/4GV5wmFd0G5NW8lQK9aVvP,Early Morning Rain,Ian & Sylvia,18,Evening,2020,0,Early Morning Rain -- Ian & Sylvia,Spotify Listening History 2019 - 2022.csv,Early Morning Rain,Early Morning Rain,4GV5wmFd0G5NW8lQK9aVvP,3.966666667
Early Morning Rain,https://open.spotify.com/embed/track/4GV5wmFd0G5NW8lQK9aVvP,Early Morning Rain,Ian & Sylvia,17,Afternoon,2020,0,Early Morning Rain -- Ian & Sylvia,Spotify Listening History 2019 - 2022.csv,Early Morning Rain,Early Morning Rain,4GV5wmFd0G5NW8lQK9aVvP,3.966666667
Early Morning Rain,https://open.spotify.com/embed/track/4GV5wmFd0G5NW8lQK9aVvP,Early Morning Rain,Ian & Sylvia,8,Morning,2020,0,Early Morning Rain -- Ian & Sylvia,Spotify Listening History 2019 - 2022.csv,Early Morning Rain,Early Morning Rain,4GV5wmFd0G5NW8lQK9aVvP,3.966666667
Early Morning Rain,https://open.spotify.com/embed/track/4GV5wmFd0G5NW8lQK9aVvP,Early Morning Rain,Ian & Sylvia,1,Night,2020,0,Early Morning Rain -- Ian & Sylvia,Spotify Listening History 2019 - 2022.csv,Early Morning Rain,Early Morning Rain,4GV5wmFd0G5NW8lQK9aVvP,3.966666667
Early Morning Rain,https://open.spotify.com/embed/track/4GV5wmFd0G5NW8lQK9aVvP,Early Morning Rain,Ian & Sylvia,0,Night,2020,0,Early Morning Rain -- Ian & Sylvia,Spotify Listening History 2019 - 2022.csv,Early Morning Rain,Early Morning Rain,4GV5wmFd0G5NW8lQK9aVvP,3.966666667
Early Morning Rain,https://open.spotify.com/embed/track/4GV5wmFd0G5NW8lQK9aVvP,Early Morning Rain,Ian & Sylvia,0,Night,2020,0,Early Morning Rain -- Ian & Sylvia,Spotify Listening History 2019 - 2022.csv,Early Morning Rain,Early Morning Rain,4GV5wmFd0G5NW8lQK9aVvP,3.966666667
Early Morning Rain,https://open.spotify.com/embed/track/4GV5wmFd0G5NW8lQK9aVvP,Early Morning Rain,Ian & Sylvia,21,Evening,2020,0,Early Morning Rain -- Ian & Sylvia,Spotify Listening History 2019 - 2022.csv,Early Morning Rain,Early Morning Rain,4GV5wmFd0G5NW8lQK9aVvP,3.966666667
Early Morning Rain,https://open.spotify.com/embed/track/4GV5wmFd0G5NW8lQK9aVvP,Early Morning Rain,Ian & Sylvia,21,Evening,2020,0,Early Morning Rain -- Ian & Sylvia,Spotify Listening History 2019 - 2022.csv,Early Morning Rain,Early Morning Rain,4GV5wmFd0G5NW8lQK9aVvP,3.966666667
Early Morning Rain,https://open.spotify.com/embed/track/4GV5wmFd0G5NW8lQK9aVvP,Early Morning Rain,Ian & Sylvia,0,Night,2022,0,Early Morning Rain -- Ian & Sylvia,Spotify Listening History 2019 - 2022.csv,Early Morning Rain,Early Morning Rain,4GV5wmFd0G5NW8lQK9aVvP,3.966666667
Early Morning Rain,https://open.spotify.com/embed/track/4GV5wmFd0G5NW8lQK9aVvP,Early Morning Rain,Ian & Sylvia,14,Afternoon,2020,0,Early Morning Rain -- Ian & Sylvia,Spotify Listening History 2019 - 2022.csv,Early Morning Rain,Early Morning Rain,4GV5wmFd0G5NW8lQK9aVvP,3.966666667
Early Morning Rain,https://open.spotify.com/embed/track/4GV5wmFd0G5NW8lQK9aVvP,Early Morning Rain,Ian & Sylvia,21,Evening,2022,0,Early Morning Rain -- Ian & Sylvia,Spotify Listening History 2019 - 2022.csv,Early Morning Rain,Early Morning Rain,4GV5wmFd0G5NW8lQK9aVvP,2.787666667
Early Morning Rain,https://open.spotify.com/embed/track/4GV5wmFd0G5NW8lQK9aVvP,Early Morning Rain,Ian & Sylvia,12,Afternoon,2020,0,Early Morning Rain -- Ian & Sylvia,Spotify Listening History 2019 - 2022.csv,Early Morning Rain,Early Morning Rain,4GV5wmFd0G5NW8lQK9aVvP,8.2061
Early Morning Rain,https://open.spotify.com/embed/track/4GV5wmFd0G5NW8lQK9aVvP,Early Morning Rain,Ian & Sylvia,3,Night,2020,0,Early Morning Rain -- Ian & Sylvia,Spotify Listening History 2019 - 2022.csv,Early Morning Rain,Early Morning Rain,4GV5wmFd0G5NW8lQK9aVvP,3.966666667
Early Morning Rain,https://open.spotify.com/embed/track/4GV5wmFd0G5NW8lQK9aVvP,Early Morning Rain,Ian & Sylvia,3,Night,2020,0,Early Morning Rain -- Ian & Sylvia,Spotify Listening History 2019 - 2022.csv,Early Morning Rain,Early Morning Rain,4GV5wmFd0G5NW8lQK9aVvP,3.966666667
Early Morning Rain,https://open.spotify.com/embed/track/4GV5wmFd0G5NW8lQK9aVvP,Early Morning Rain,Ian & Sylvia,0,Night,2021,0,Early Morning Rain -- Ian & Sylvia,Spotify Listening History 2019 - 2022.csv,Early Morning Rain,Early Morning Rain,4GV5wmFd0G5NW8lQK9aVvP,3.966666667
Early Morning Rain,https://open.spotify.com/embed/track/4GV5wmFd0G5NW8lQK9aVvP,Early Morning Rain,Ian & Sylvia,0,Night,2021,0,Early Morning Rain -- Ian & Sylvia,Spotify Listening History 2019 - 2022.csv,Early Morning Rain,Early Morning Rain,4GV5wmFd0G5NW8lQK9aVvP,3.966666667
Early Morning Rain,https://open.spotify.com/embed/track/4GV5wmFd0G5NW8lQK9aVvP,Early Morning Rain,Ian & Sylvia,23,Evening,2021,0,Early Morning Rain -- Ian & Sylvia,Spotify Listening History 2019 - 2022.csv,Early Morning Rain,Early Morning Rain,4GV5wmFd0G5NW8lQK9aVvP,3.966666667
Early Morning Rain,https://open.spotify.com/embed/track/4GV5wmFd0G5NW8lQK9aVvP,Early Morning Rain,Ian & Sylvia,1,Night,2021,0,Early Morning Rain -- Ian & Sylvia,Spotify Listening History 2019 - 2022.csv,Early Morning Rain,Early Morning Rain,4GV5wmFd0G5NW8lQK9aVvP,3.966666667
Early Morning Rain,https://open.spotify.com/embed/track/4GV5wmFd0G5NW8lQK9aVvP,Early Morning Rain,Ian & Sylvia,0,Night,2021,0,Early Morning Rain -- Ian & Sylvia,Spotify Listening History 2019 - 2022.csv,Early Morning Rain,Early Morning Rain,4GV5wmFd0G5NW8lQK9aVvP,3.966666667
Early Morning Rain,https://open.spotify.com/embed/track/4GV5wmFd0G5NW8lQK9aVvP,Early Morning Rain,Ian & Sylvia,16,Afternoon,2021,0,Early Morning Rain -- Ian & Sylvia,Spotify Listening History 2019 - 2022.csv,Early Morning Rain,Early Morning Rain,4GV5wmFd0G5NW8lQK9aVvP,3.966666667
Early Morning Rain,https://open.spotify.com/embed/track/4GV5wmFd0G5NW8lQK9aVvP,Early Morning Rain,Ian & Sylvia,22,Evening,2021,0,Early Morning Rain -- Ian & Sylvia,Spotify Listening History 2019 - 2022.csv,Early Morning Rain,Early Morning Rain,4GV5wmFd0G5NW8lQK9aVvP,3.966666667
Early Morning Rain,https://open.spotify.com/embed/track/4GV5wmFd0G5NW8lQK9aVvP,Early Morning Rain,Ian & Sylvia,21,Evening,2021,0,Early Morning Rain -- Ian & Sylvia,Spotify Listening History 2019 - 2022.csv,Early Morning Rain,Early Morning Rain,4GV5wmFd0G5NW8lQK9aVvP,2.258733333
Early Morning Rain,https://open.spotify.com/embed/track/4GV5wmFd0G5NW8lQK9aVvP,Early Morning Rain,Ian & Sylvia,12,Afternoon,2021,0,Early Morning Rain -- Ian & Sylvia,Spotify Listening History 2019 - 2022.csv,Early Morning Rain,Early Morning Rain,4GV5wmFd0G5NW8lQK9aVvP,3.966666667
Early Morning Rain,https://open.spotify.com/embed/track/4GV5wmFd0G5NW8lQK9aVvP,Early Morning Rain,Ian & Sylvia,22,Evening,2020,0,Early Morning Rain -- Ian & Sylvia,Spotify Listening History 2019 - 2022.csv,Early Morning Rain,Early Morning Rain,4GV5wmFd0G5NW8lQK9aVvP,3.966666667
Early Morning Rain,https://open.spotify.com/embed/track/4GV5wmFd0G5NW8lQK9aVvP,Early Morning Rain,Ian & Sylvia,3,Night,2020,0,Early Morning Rain -- Ian & Sylvia,Spotify Listening History 2019 - 2022.csv,Early Morning Rain,Early Morning Rain,4GV5wmFd0G5NW8lQK9aVvP,3.966666667
Early Morning Rain,https://open.spotify.com/embed/track/4GV5wmFd0G5NW8lQK9aVvP,Early Morning Rain,Ian & Sylvia,1,Night,2020,0,Early Morning Rain -- Ian & Sylvia,Spotify Listening History 2019 - 2022.csv,Early Morning Rain,Early Morning Rain,4GV5wmFd0G5NW8lQK9aVvP,3.966666667
Early Morning Rain,https://open.spotify.com/embed/track/4GV5wmFd0G5NW8lQK9aVvP,Early Morning Rain,Ian & Sylvia,13,Afternoon,2020,0,Early Morning Rain -- Ian & Sylvia,Spotify Listening History 2019 - 2022.csv,Early Morning Rain,Early Morning Rain,4GV5wmFd0G5NW8lQK9aVvP,3.966666667
Early Morning Rain,https://open.spotify.com/embed/track/4GV5wmFd0G5NW8lQK9aVvP,Early Morning Rain,Ian & Sylvia,12,Afternoon,2020,0,Early Morning Rain -- Ian & Sylvia,Spotify Listening History 2019 - 2022.csv,Early Morning Rain,Early Morning Rain,4GV5wmFd0G5NW8lQK9aVvP,3.966666667
Early Morning Rain,https://open.spotify.com/embed/track/4GV5wmFd0G5NW8lQK9aVvP,Early Morning Rain,Ian & Sylvia,17,Afternoon,2021,0,Early Morning Rain -- Ian & Sylvia,Spotify Listening History 2019 - 2022.csv,Early Morning Rain,Early Morning Rain,4GV5wmFd0G5NW8lQK9aVvP,5.980883333
Early Morning Rain,https://open.spotify.com/embed/track/4GV5wmFd0G5NW8lQK9aVvP,Early Morning Rain,Ian & Sylvia,23,Evening,2020,0,Early Morning Rain -- Ian & Sylvia,Spotify Listening History 2019 - 2022.csv,Early Morning Rain,Early Morning Rain,4GV5wmFd0G5NW8lQK9aVvP,3.966666667
Early Morning Rain,https://open.spotify.com/embed/track/4GV5wmFd0G5NW8lQK9aVvP,Early Morning Rain,Ian & Sylvia,21,Evening,2020,0,Early Morning Rain -- Ian & Sylvia,Spotify Listening History 2019 - 2022.csv,Early Morning Rain,Early Morning Rain,4GV5wmFd0G5NW8lQK9aVvP,3.966666667
Early Morning Rain,https://open.spotify.com/embed/track/4GV5wmFd0G5NW8lQK9aVvP,Early Morning Rain,Ian & Sylvia,20,Evening,2020,0,Early Morning Rain -- Ian & Sylvia,Spotify Listening History 2019 - 2022.csv,Early Morning Rain,Early Morning Rain,4GV5wmFd0G5NW8lQK9aVvP,3.966666667
Early Morning Rain,https://open.spotify.com/embed/track/4GV5wmFd0G5NW8lQK9aVvP,Early Morning Rain,Ian & Sylvia,18,Evening,2020,0,Early Morning Rain -- Ian & Sylvia,Spotify Listening History 2019 - 2022.csv,Early Morning Rain,Early Morning Rain,4GV5wmFd0G5NW8lQK9aVvP,3.966666667
Early Morning Rain,https://open.spotify.com/embed/track/4GV5wmFd0G5NW8lQK9aVvP,Early Morning Rain,Ian & Sylvia,16,Afternoon,2020,0,Early Morning Rain -- Ian & Sylvia,Spotify Listening History 2019 - 2022.csv,Early Morning Rain,Early Morning Rain,4GV5wmFd0G5NW8lQK9aVvP,7.59155
Early Morning Rain,https://open.spotify.com/embed/track/4GV5wmFd0G5NW8lQK9aVvP,Early Morning Rain,Ian & Sylvia,15,Afternoon,2020,0,Early Morning Rain -- Ian & Sylvia,Spotify Listening History 2019 - 2022.csv,Early Morning Rain,Early Morning Rain,4GV5wmFd0G5NW8lQK9aVvP,3.966666667
Early Morning Rain,https://open.spotify.com/embed/track/4GV5wmFd0G5NW8lQK9aVvP,Early Morning Rain,Ian & Sylvia,0,Night,2021,0,Early Morning Rain -- Ian & Sylvia,Spotify Listening History 2019 - 2022.csv,Early Morning Rain,Early Morning Rain,4GV5wmFd0G5NW8lQK9aVvP,3.966666667
Early Morning Rain,https://open.spotify.com/embed/track/4GV5wmFd0G5NW8lQK9aVvP,Early Morning Rain,Ian & Sylvia,13,Afternoon,2020,0,Early Morning Rain -- Ian & Sylvia,Spotify Listening History 2019 - 2022.csv,Early Morning Rain,Early Morning Rain,4GV5wmFd0G5NW8lQK9aVvP,3.966666667
Early Morning Rain,https://open.spotify.com/embed/track/4GV5wmFd0G5NW8lQK9aVvP,Early Morning Rain,Ian & Sylvia,18,Evening,2020,0,Early Morning Rain -- Ian & Sylvia,Spotify Listening History 2019 - 2022.csv,Early Morning Rain,Early Morning Rain,4GV5wmFd0G5NW8lQK9aVvP,3.966666667
Early Morning Rain,https://open.spotify.com/embed/track/4GV5wmFd0G5NW8lQK9aVvP,Early Morning Rain,Ian & Sylvia,22,Evening,2021,0,Early Morning Rain -- Ian & Sylvia,Spotify Listening History 2019 - 2022.csv,Early Morning Rain,Early Morning Rain,4GV5wmFd0G5NW8lQK9aVvP,4.3008
Early Morning Rain,https://open.spotify.com/embed/track/4GV5wmFd0G5NW8lQK9aVvP,Early Morning Rain,Ian & Sylvia,15,Afternoon,2021,0,Early Morning Rain -- Ian & Sylvia,Spotify Listening History 2019 - 2022.csv,Early Morning Rain,Early Morning Rain,4GV5wmFd0G5NW8lQK9aVvP,3.966666667
Early Morning Rain,https://open.spotify.com/embed/track/4GV5wmFd0G5NW8lQK9aVvP,Early Morning Rain,Ian & Sylvia,13,Afternoon,2020,0,Early Morning Rain -- Ian & Sylvia,Spotify Listening History 2019 - 2022.csv,Early Morning Rain,Early Morning Rain,4GV5wmFd0G5NW8lQK9aVvP,3.403016667
Early Morning Rain,https://open.spotify.com/embed/track/4GV5wmFd0G5NW8lQK9aVvP,Early Morning Rain,Ian & Sylvia,13,Afternoon,2021,0,Early Morning Rain -- Ian & Sylvia,Spotify Listening History 2019 - 2022.csv,Early Morning Rain,Early Morning Rain,4GV5wmFd0G5NW8lQK9aVvP,3.966666667
Early Morning Rain,https://open.spotify.com/embed/track/4GV5wmFd0G5NW8lQK9aVvP,Early Morning Rain,Ian & Sylvia,15,Afternoon,2020,0,Early Morning Rain -- Ian & Sylvia,Spotify Listening History 2019 - 2022.csv,Early Morning Rain,Early Morning Rain,4GV5wmFd0G5NW8lQK9aVvP,2.863783333
Early Morning Rain,https://open.spotify.com/embed/track/4GV5wmFd0G5NW8lQK9aVvP,Early Morning Rain,Ian & Sylvia,10,Morning,2021,0,Early Morning Rain -- Ian & Sylvia,Spotify Listening History 2019 - 2022.csv,Early Morning Rain,Early Morning Rain,4GV5wmFd0G5NW8lQK9aVvP,3.966666667
Early Morning Rain,https://open.spotify.com/embed/track/4GV5wmFd0G5NW8lQK9aVvP,Early Morning Rain,Ian & Sylvia,20,Evening,2020,0,Early Morning Rain -- Ian & Sylvia,Spotify Listening History 2019 - 2022.csv,Early Morning Rain,Early Morning Rain,4GV5wmFd0G5NW8lQK9aVvP,3.966666667
Early Morning Rain,https://open.spotify.com/embed/track/4GV5wmFd0G5NW8lQK9aVvP,Early Morning Rain,Ian & Sylvia,19,Evening,2020,0,Early Morning Rain -- Ian & Sylvia,Spotify Listening History 2019 - 2022.csv,Early Morning Rain,Early Morning Rain,4GV5wmFd0G5NW8lQK9aVvP,3.966666667
Early Morning Rain,https://open.spotify.com/embed/track/4GV5wmFd0G5NW8lQK9aVvP,Early Morning Rain,Ian & Sylvia,20,Evening,2020,0,Early Morning Rain -- Ian & Sylvia,Spotify Listening History 2019 - 2022.csv,Early Morning Rain,Early Morning Rain,4GV5wmFd0G5NW8lQK9aVvP,1.710216667
Early Morning Rain,https://open.spotify.com/embed/track/4GV5wmFd0G5NW8lQK9aVvP,Early Morning Rain,Ian & Sylvia,22,Evening,2020,0,Early Morning Rain -- Ian & Sylvia,Spotify Listening History 2019 - 2022.csv,Early Morning Rain,Early Morning Rain,4GV5wmFd0G5NW8lQK9aVvP,3.966666667
Early Morning Rain,https://open.spotify.com/embed/track/4GV5wmFd0G5NW8lQK9aVvP,Early Morning Rain,Ian & Sylvia,15,Afternoon,2020,0,Early Morning Rain -- Ian & Sylvia,Spotify Listening History 2019 - 2022.csv,Early Morning Rain,Early Morning Rain,4GV5wmFd0G5NW8lQK9aVvP,3.966666667
Early Morning Rain,https://open.spotify.com/embed/track/4GV5wmFd0G5NW8lQK9aVvP,Early Morning Rain,Ian & Sylvia,19,Evening,2020,0,Early Morning Rain -- Ian & Sylvia,Spotify Listening History 2019 - 2022.csv,Early Morning Rain,Early Morning Rain,4GV5wmFd0G5NW8lQK9aVvP,3.208166667
Early Morning Rain,https://open.spotify.com/embed/track/4GV5wmFd0G5NW8lQK9aVvP,Early Morning Rain,Ian & Sylvia,18,Evening,2020,0,Early Morning Rain -- Ian & Sylvia,Spotify Listening History 2019 - 2022.csv,Early Morning Rain,Early Morning Rain,4GV5wmFd0G5NW8lQK9aVvP,2.9447
Early Morning Rain,https://open.spotify.com/embed/track/4GV5wmFd0G5NW8lQK9aVvP,Early Morning Rain,Ian & Sylvia,15,Afternoon,2020,0,Early Morning Rain -- Ian & Sylvia,Spotify Listening History 2019 - 2022.csv,Early Morning Rain,Early Morning Rain,4GV5wmFd0G5NW8lQK9aVvP,2.91555
Early Morning Rain,https://open.spotify.com/embed/track/4GV5wmFd0G5NW8lQK9aVvP,Early Morning Rain,Ian & Sylvia,13,Afternoon,2020,0,Early Morning Rain -- Ian & Sylvia,Spotify Listening History 2019 - 2022.csv,Early Morning Rain,Early Morning Rain,4GV5wmFd0G5NW8lQK9aVvP,2.309333333
Early Morning Rain,https://open.spotify.com/embed/track/4GV5wmFd0G5NW8lQK9aVvP,Early Morning Rain,Ian & Sylvia,19,Evening,2020,0,Early Morning Rain -- Ian & Sylvia,Spotify Listening History 2019 - 2022.csv,Early Morning Rain,Early Morning Rain,4GV5wmFd0G5NW8lQK9aVvP,8.721416667
Early Morning Rain,https://open.spotify.com/embed/track/4GV5wmFd0G5NW8lQK9aVvP,Early Morning Rain,Ian & Sylvia,14,Afternoon,2020,0,Early Morning Rain -- Ian & Sylvia,Spotify Listening History 2019 - 2022.csv,Early Morning Rain,Early Morning Rain,4GV5wmFd0G5NW8lQK9aVvP,3.966666667
Early Morning Rain,https://open.spotify.com/embed/track/4GV5wmFd0G5NW8lQK9aVvP,Early Morning Rain,Ian & Sylvia,0,Night,2021,0,Early Morning Rain -- Ian & Sylvia,Spotify Listening History 2019 - 2022.csv,Early Morning Rain,Early Morning Rain,4GV5wmFd0G5NW8lQK9aVvP,3.966666667
Early Morning Rain,https://open.spotify.com/embed/track/4GV5wmFd0G5NW8lQK9aVvP,Early Morning Rain,Ian & Sylvia,11,Morning,2020,0,Early Morning Rain -- Ian & Sylvia,Spotify Listening History 2019 - 2022.csv,Early Morning Rain,Early Morning Rain,4GV5wmFd0G5NW8lQK9aVvP,3.966666667
Early Morning Rain,https://open.spotify.com/embed/track/4GV5wmFd0G5NW8lQK9aVvP,Early Morning Rain,Ian & Sylvia,20,Evening,2020,0,Early Morning Rain -- Ian & Sylvia,Spotify Listening History 2019 - 2022.csv,Early Morning Rain,Early Morning Rain,4GV5wmFd0G5NW8lQK9aVvP,3.966666667
Early Morning Rain,https://open.spotify.com/embed/track/4GV5wmFd0G5NW8lQK9aVvP,Early Morning Rain,Ian & Sylvia,22,Evening,2020,0,Early Morning Rain -- Ian & Sylvia,Spotify Listening History 2019 - 2022.csv,Early Morning Rain,Early Morning Rain,4GV5wmFd0G5NW8lQK9aVvP,2.060166667
Early Morning Rain,https://open.spotify.com/embed/track/4GV5wmFd0G5NW8lQK9aVvP,Early Morning Rain,Ian & Sylvia,17,Afternoon,2021,0,Early Morning Rain -- Ian & Sylvia,Spotify Listening History 2019 - 2022.csv,Early Morning Rain,Early Morning Rain,4GV5wmFd0G5NW8lQK9aVvP,3.908266667
Early Morning Rain,https://open.spotify.com/embed/track/4GV5wmFd0G5NW8lQK9aVvP,Early Morning Rain,Ian & Sylvia,0,Night,2020,0,Early Morning Rain -- Ian & Sylvia,Spotify Listening History 2019 - 2022.csv,Early Morning Rain,Early Morning Rain,4GV5wmFd0G5NW8lQK9aVvP,1.153416667
Early Morning Rain,https://open.spotify.com/embed/track/4GV5wmFd0G5NW8lQK9aVvP,Early Morning Rain,Ian & Sylvia,16,Afternoon,2020,0,Early Morning Rain -- Ian & Sylvia,Spotify Listening History 2019 - 2022.csv,Early Morning Rain,Early Morning Rain,4GV5wmFd0G5NW8lQK9aVvP,3.006933333
Early Morning Rain,https://open.spotify.com/embed/track/4GV5wmFd0G5NW8lQK9aVvP,Early Morning Rain,Ian & Sylvia,18,Evening,2020,0,Early Morning Rain -- Ian & Sylvia,Spotify Listening History 2019 - 2022.csv,Early Morning Rain,Early Morning Rain,4GV5wmFd0G5NW8lQK9aVvP,2.0896
Early Morning Rain,https://open.spotify.com/embed/track/4GV5wmFd0G5NW8lQK9aVvP,Early Morning Rain,Ian & Sylvia,18,Evening,2020,0,Early Morning Rain -- Ian & Sylvia,Spotify Listening History 2019 - 2022.csv,Early Morning Rain,Early Morning Rain,4GV5wmFd0G5NW8lQK9aVvP,5.223466667
Early Morning Rain,https://open.spotify.com/embed/track/4GV5wmFd0G5NW8lQK9aVvP,Early Morning Rain,Ian & Sylvia,22,Evening,2020,0,Early Morning Rain -- Ian & Sylvia,Spotify Listening History 2019 - 2022.csv,Early Morning Rain,Early Morning Rain,4GV5wmFd0G5NW8lQK9aVvP,3.966666667
Early Morning Rain,https://open.spotify.com/embed/track/4GV5wmFd0G5NW8lQK9aVvP,Early Morning Rain,Ian & Sylvia,15,Afternoon,2020,0,Early Morning Rain -- Ian & Sylvia,Spotify Listening History 2019 - 2022.csv,Early Morning Rain,Early Morning Rain,4GV5wmFd0G5NW8lQK9aVvP,3.966666667
Early Morning Rain,https://open.spotify.com/embed/track/4GV5wmFd0G5NW8lQK9aVvP,Early Morning Rain,Ian & Sylvia,13,Afternoon,2020,0,Early Morning Rain -- Ian & Sylvia,Spotify Listening History 2019 - 2022.csv,Early Morning Rain,Early Morning Rain,4GV5wmFd0G5NW8lQK9aVvP,1.409833333
Early Morning Rain,https://open.spotify.com/embed/track/4GV5wmFd0G5NW8lQK9aVvP,Early Morning Rain,Ian & Sylvia,12,Afternoon,2020,0,Early Morning Rain -- Ian & Sylvia,Spotify Listening History 2019 - 2022.csv,Early Morning Rain,Early Morning Rain,4GV5wmFd0G5NW8lQK9aVvP,4.3634
Early Morning Rain,https://open.spotify.com/embed/track/4GV5wmFd0G5NW8lQK9aVvP,Early Morning Rain,Ian & Sylvia,12,Afternoon,2020,0,Early Morning Rain -- Ian & Sylvia,Spotify Listening History 2019 - 2022.csv,Early Morning Rain,Early Morning Rain,4GV5wmFd0G5NW8lQK9aVvP,1.643016667
Early Morning Rain,https://open.spotify.com/embed/track/4GV5wmFd0G5NW8lQK9aVvP,Early Morning Rain,Ian & Sylvia,12,Afternoon,2020,0,Early Morning Rain -- Ian & Sylvia,Spotify Listening History 2019 - 2022.csv,Early Morning Rain,Early Morning Rain,4GV5wmFd0G5NW8lQK9aVvP,2.118233333
Early Morning Rain,https://open.spotify.com/embed/track/4GV5wmFd0G5NW8lQK9aVvP,Early Morning Rain,Ian & Sylvia,14,Afternoon,2021,0,Early Morning Rain -- Ian & Sylvia,Spotify Listening History 2019 - 2022.csv,Early Morning Rain,Early Morning Rain,4GV5wmFd0G5NW8lQK9aVvP,3.893683333
Early Morning Rain,https://open.spotify.com/embed/track/4GV5wmFd0G5NW8lQK9aVvP,Early Morning Rain,Ian & Sylvia,14,Afternoon,2020,0,Early Morning Rain -- Ian & Sylvia,Spotify Listening History 2019 - 2022.csv,Early Morning Rain,Early Morning Rain,4GV5wmFd0G5NW8lQK9aVvP,3.027483333
Early Morning Rain,https://open.spotify.com/embed/track/4GV5wmFd0G5NW8lQK9aVvP,Early Morning Rain,Ian & Sylvia,19,Evening,2020,0,Early Morning Rain -- Ian & Sylvia,Spotify Listening History 2019 - 2022.csv,Early Morning Rain,Early Morning Rain,4GV5wmFd0G5NW8lQK9aVvP,3.966666667
Early Morning Rain,https://open.spotify.com/embed/track/4GV5wmFd0G5NW8lQK9aVvP,Early Morning Rain,Ian & Sylvia,1,Night,2020,0,Early Morning Rain -- Ian & Sylvia,Spotify Listening History 2019 - 2022.csv,Early Morning Rain,Early Morning Rain,4GV5wmFd0G5NW8lQK9aVvP,3.966666667
Early Morning Rain,https://open.spotify.com/embed/track/4GV5wmFd0G5NW8lQK9aVvP,Early Morning Rain,Ian & Sylvia,13,Afternoon,2020,0,Early Morning Rain -- Ian & Sylvia,Spotify Listening History 2019 - 2022.csv,Early Morning Rain,Early Morning Rain,4GV5wmFd0G5NW8lQK9aVvP,3.966666667
Early Morning Rain,https://open.spotify.com/embed/track/4GV5wmFd0G5NW8lQK9aVvP,Early Morning Rain,Ian & Sylvia,1,Night,2020,0,Early Morning Rain -- Ian & Sylvia,Spotify Listening History 2019 - 2022.csv,Early Morning Rain,Early Morning Rain,4GV5wmFd0G5NW8lQK9aVvP,3.966666667
Early Morning Rain,https://open.spotify.com/embed/track/4GV5wmFd0G5NW8lQK9aVvP,Early Morning Rain,Ian & Sylvia,0,Night,2021,0,Early Morning Rain -- Ian & Sylvia,Spotify Listening History 2019 - 2022.csv,Early Morning Rain,Early Morning Rain,4GV5wmFd0G5NW8lQK9aVvP,3.966666667
Early Morning Rain,https://open.spotify.com/embed/track/4GV5wmFd0G5NW8lQK9aVvP,Early Morning Rain,Ian & Sylvia,22,Evening,2020,0,Early Morning Rain -- Ian & Sylvia,Spotify Listening History 2019 - 2022.csv,Early Morning Rain,Early Morning Rain,4GV5wmFd0G5NW8lQK9aVvP,3.966666667
Early Morning Rain,https://open.spotify.com/embed/track/4GV5wmFd0G5NW8lQK9aVvP,Early Morning Rain,Ian & Sylvia,0,Night,2021,0,Early Morning Rain -- Ian & Sylvia,Spotify Listening History 2019 - 2022.csv,Early Morning Rain,Early Morning Rain,4GV5wmFd0G5NW8lQK9aVvP,3.966666667
Early Morning Rain,https://open.spotify.com/embed/track/4GV5wmFd0G5NW8lQK9aVvP,Early Morning Rain,Ian & Sylvia,19,Evening,2020,0,Early Morning Rain -- Ian & Sylvia,Spotify Listening History 2019 - 2022.csv,Early Morning Rain,Early Morning Rain,4GV5wmFd0G5NW8lQK9aVvP,3.966666667
Early Morning Rain,https://open.spotify.com/embed/track/4GV5wmFd0G5NW8lQK9aVvP,Early Morning Rain,Ian & Sylvia,16,Afternoon,2021,0,Early Morning Rain -- Ian & Sylvia,Spotify Listening History 2019 - 2022.csv,Early Morning Rain,Early Morning Rain,4GV5wmFd0G5NW8lQK9aVvP,3.966666667
Early Morning Rain,https://open.spotify.com/embed/track/4GV5wmFd0G5NW8lQK9aVvP,Early Morning Rain,Ian & Sylvia,17,Afternoon,2020,0,Early Morning Rain -- Ian & Sylvia,Spotify Listening History 2019 - 2022.csv,Early Morning Rain,Early Morning Rain,4GV5wmFd0G5NW8lQK9aVvP,3.966666667
Early Morning Rain,https://open.spotify.com/embed/track/4GV5wmFd0G5NW8lQK9aVvP,Early Morning Rain,Ian & Sylvia,15,Afternoon,2020,0,Early Morning Rain -- Ian & Sylvia,Spotify Listening History 2019 - 2022.csv,Early Morning Rain,Early Morning Rain,4GV5wmFd0G5NW8lQK9aVvP,3.966666667
Early Morning Rain,https://open.spotify.com/embed/track/4GV5wmFd0G5NW8lQK9aVvP,Early Morning Rain,Ian & Sylvia,0,Night,2022,0,Early Morning Rain -- Ian & Sylvia,Spotify Listening History 2019 - 2022.csv,Early Morning Rain,Early Morning Rain,4GV5wmFd0G5NW8lQK9aVvP,3.966666667
Early Morning Rain,https://open.spotify.com/embed/track/4GV5wmFd0G5NW8lQK9aVvP,Early Morning Rain,Ian & Sylvia,0,Night,2020,0,Early Morning Rain -- Ian & Sylvia,Spotify Listening History 2019 - 2022.csv,Early Morning Rain,Early Morning Rain,4GV5wmFd0G5NW8lQK9aVvP,3.966666667
Early Morning Rain,https://open.spotify.com/embed/track/4GV5wmFd0G5NW8lQK9aVvP,Early Morning Rain,Ian & Sylvia,8,Morning,2022,0,Early Morning Rain -- Ian & Sylvia,Spotify Listening History 2019 - 2022.csv,Early Morning Rain,Early Morning Rain,4GV5wmFd0G5NW8lQK9aVvP,3.966666667
Early Morning Rain,https://open.spotify.com/embed/track/4GV5wmFd0G5NW8lQK9aVvP,Early Morning Rain,Ian & Sylvia,0,Night,2020,0,Early Morning Rain -- Ian & Sylvia,Spotify Listening History 2019 - 2022.csv,Early Morning Rain,Early Morning Rain,4GV5wmFd0G5NW8lQK9aVvP,5.033133333
Early Morning Rain,https://open.spotify.com/embed/track/4GV5wmFd0G5NW8lQK9aVvP,Early Morning Rain,Ian & Sylvia,11,Morning,2020,0,Early Morning Rain -- Ian & Sylvia,Spotify Listening History 2019 - 2022.csv,Early Morning Rain,Early Morning Rain,4GV5wmFd0G5NW8lQK9aVvP,2.346666667
Early Morning Rain,https://open.spotify.com/embed/track/4GV5wmFd0G5NW8lQK9aVvP,Early Morning Rain,Ian & Sylvia,14,Afternoon,2022,0,Early Morning Rain -- Ian & Sylvia,Spotify Listening History 2019 - 2022.csv,Early Morning Rain,Early Morning Rain,4GV5wmFd0G5NW8lQK9aVvP,3.539033333
Early Morning Rain,https://open.spotify.com/embed/track/4GV5wmFd0G5NW8lQK9aVvP,Early Morning Rain,Ian & Sylvia,1,Night,2020,0,Early Morning Rain -- Ian & Sylvia,Spotify Listening History 2019 - 2022.csv,Early Morning Rain,Early Morning Rain,4GV5wmFd0G5NW8lQK9aVvP,3.966666667
Early Morning Rain,https://open.spotify.com/embed/track/4GV5wmFd0G5NW8lQK9aVvP,Early Morning Rain,Ian & Sylvia,1,Night,2020,0,Early Morning Rain -- Ian & Sylvia,Spotify Listening History 2019 - 2022.csv,Early Morning Rain,Early Morning Rain,4GV5wmFd0G5NW8lQK9aVvP,3.966666667
Early Morning Rain,https://open.spotify.com/embed/track/4GV5wmFd0G5NW8lQK9aVvP,Early Morning Rain,Ian & Sylvia,23,Evening,2020,0,Early Morning Rain -- Ian & Sylvia,Spotify Listening History 2019 - 2022.csv,Early Morning Rain,Early Morning Rain,4GV5wmFd0G5NW8lQK9aVvP,3.966666667
Early Morning Rain,https://open.spotify.com/embed/track/4GV5wmFd0G5NW8lQK9aVvP,Early Morning Rain,Ian & Sylvia,0,Night,2020,0,Early Morning Rain -- Ian & Sylvia,Spotify Listening History 2019 - 2022.csv,Early Morning Rain,Early Morning Rain,4GV5wmFd0G5NW8lQK9aVvP,2.142466667
Early Morning Rain,https://open.spotify.com/embed/track/4GV5wmFd0G5NW8lQK9aVvP,Early Morning Rain,Ian & Sylvia,23,Evening,2022,0,Early Morning Rain -- Ian & Sylvia,Spotify Listening History 2019 - 2022.csv,Early Morning Rain,Early Morning Rain,4GV5wmFd0G5NW8lQK9aVvP,3.966666667
Early Morning Rain,https://open.spotify.com/embed/track/4GV5wmFd0G5NW8lQK9aVvP,Early Morning Rain,Ian & Sylvia,13,Afternoon,2020,0,Early Morning Rain -- Ian & Sylvia,Spotify Listening History 2019 - 2022.csv,Early Morning Rain,Early Morning Rain,4GV5wmFd0G5NW8lQK9aVvP,1.076266667
Early Morning Rain,https://open.spotify.com/embed/track/4GV5wmFd0G5NW8lQK9aVvP,Early Morning Rain,Ian & Sylvia,11,Morning,2020,0,Early Morning Rain -- Ian & Sylvia,Spotify Listening History 2019 - 2022.csv,Early Morning Rain,Early Morning Rain,4GV5wmFd0G5NW8lQK9aVvP,3.120466667
Early Morning Rain,https://open.spotify.com/embed/track/4GV5wmFd0G5NW8lQK9aVvP,Early Morning Rain,Ian & Sylvia,8,Morning,2022,0,Early Morning Rain -- Ian & Sylvia,Spotify Listening History 2019 - 2022.csv,Early Morning Rain,Early Morning Rain,4GV5wmFd0G5NW8lQK9aVvP,3.966666667
Early Morning Rain,https://open.spotify.com/embed/track/4GV5wmFd0G5NW8lQK9aVvP,Early Morning Rain,Ian & Sylvia,14,Afternoon,2021,0,Early Morning Rain -- Ian & Sylvia,Spotify Listening History 2019 - 2022.csv,Early Morning Rain,Early Morning Rain,4GV5wmFd0G5NW8lQK9aVvP,1.816766667
Early Morning Rain,https://open.spotify.com/embed/track/4GV5wmFd0G5NW8lQK9aVvP,Early Morning Rain,Ian & Sylvia,19,Evening,2020,0,Early Morning Rain -- Ian & Sylvia,Spotify Listening History 2019 - 2022.csv,Early Morning Rain,Early Morning Rain,4GV5wmFd0G5NW8lQK9aVvP,2.484316667
Early Morning Rain,https://open.spotify.com/embed/track/4GV5wmFd0G5NW8lQK9aVvP,Early Morning Rain,Ian & Sylvia,22,Evening,2022,0,Early Morning Rain -- Ian & Sylvia,Spotify Listening History 2019 - 2022.csv,Early Morning Rain,Early Morning Rain,4GV5wmFd0G5NW8lQK9aVvP,3.966666667
Early Morning Rain,https://open.spotify.com/embed/track/4GV5wmFd0G5NW8lQK9aVvP,Early Morning Rain,Ian & Sylvia,12,Afternoon,2022,0,Early Morning Rain -- Ian & Sylvia,Spotify Listening History 2019 - 2022.csv,Early Morning Rain,Early Morning Rain,4GV5wmFd0G5NW8lQK9aVvP,3.966666667
Early Morning Rain,https://open.spotify.com/embed/track/4GV5wmFd0G5NW8lQK9aVvP,Early Morning Rain,Ian & Sylvia,22,Evening,2022,0,Early Morning Rain -- Ian & Sylvia,Spotify Listening History 2019 - 2022.csv,Early Morning Rain,Early Morning Rain,4GV5wmFd0G5NW8lQK9aVvP,3.966666667
Early Morning Rain,https://open.spotify.com/embed/track/4GV5wmFd0G5NW8lQK9aVvP,Early Morning Rain,Ian & Sylvia,20,Evening,2022,0,Early Morning Rain -- Ian & Sylvia,Spotify Listening History 2019 - 2022.csv,Early Morning Rain,Early Morning Rain,4GV5wmFd0G5NW8lQK9aVvP,3.966666667
Early Morning Rain,https://open.spotify.com/embed/track/4GV5wmFd0G5NW8lQK9aVvP,Early Morning Rain,Ian & Sylvia,13,Afternoon,2020,0,Early Morning Rain -- Ian & Sylvia,Spotify Listening History 2019 - 2022.csv,Early Morning Rain,Early Morning Rain,4GV5wmFd0G5NW8lQK9aVvP,6.90035
Early Morning Rain,https://open.spotify.com/embed/track/4GV5wmFd0G5NW8lQK9aVvP,Early Morning Rain,Ian & Sylvia,11,Morning,2022,0,Early Morning Rain -- Ian & Sylvia,Spotify Listening History 2019 - 2022.csv,Early Morning Rain,Early Morning Rain,4GV5wmFd0G5NW8lQK9aVvP,3.898183333
Early Morning Rain,https://open.spotify.com/embed/track/4GV5wmFd0G5NW8lQK9aVvP,Early Morning Rain,Ian & Sylvia,19,Evening,2020,0,Early Morning Rain -- Ian & Sylvia,Spotify Listening History 2019 - 2022.csv,Early Morning Rain,Early Morning Rain,4GV5wmFd0G5NW8lQK9aVvP,3.966666667
Early Morning Rain,https://open.spotify.com/embed/track/4GV5wmFd0G5NW8lQK9aVvP,Early Morning Rain,Ian & Sylvia,14,Afternoon,2022,0,Early Morning Rain -- Ian & Sylvia,Spotify Listening History 2019 - 2022.csv,Early Morning Rain,Early Morning Rain,4GV5wmFd0G5NW8lQK9aVvP,2.443166667
Early Morning Rain,https://open.spotify.com/embed/track/4GV5wmFd0G5NW8lQK9aVvP,Early Morning Rain,Ian & Sylvia,23,Evening,2022,0,Early Morning Rain -- Ian & Sylvia,Spotify Listening History 2019 - 2022.csv,Early Morning Rain,Early Morning Rain,4GV5wmFd0G5NW8lQK9aVvP,3.966666667
Early Morning Rain,https://open.spotify.com/embed/track/4GV5wmFd0G5NW8lQK9aVvP,Early Morning Rain,Ian & Sylvia,0,Night,2022,0,Early Morning Rain -- Ian & Sylvia,Spotify Listening History 2019 - 2022.csv,Early Morning Rain,Early Morning Rain,4GV5wmFd0G5NW8lQK9aVvP,3.34115
Early Morning Rain,https://open.spotify.com/embed/track/4GV5wmFd0G5NW8lQK9aVvP,Early Morning Rain,Ian & Sylvia,22,Evening,2022,0,Early Morning Rain -- Ian & Sylvia,Spotify Listening History 2019 - 2022.csv,Early Morning Rain,Early Morning Rain,4GV5wmFd0G5NW8lQK9aVvP,3.943466667
Early Morning Rain,https://open.spotify.com/embed/track/4GV5wmFd0G5NW8lQK9aVvP,Early Morning Rain,Ian & Sylvia,21,Evening,2020,0,Early Morning Rain -- Ian & Sylvia,Spotify Listening History 2019 - 2022.csv,Early Morning Rain,Early Morning Rain,4GV5wmFd0G5NW8lQK9aVvP,2.259866667
Early Morning Rain,https://open.spotify.com/embed/track/4GV5wmFd0G5NW8lQK9aVvP,Early Morning Rain,Ian & Sylvia,8,Morning,2022,0,Early Morning Rain -- Ian & Sylvia,Spotify Listening History 2019 - 2022.csv,Early Morning Rain,Early Morning Rain,4GV5wmFd0G5NW8lQK9aVvP,3.478833333
Early Morning Rain,https://open.spotify.com/embed/track/4GV5wmFd0G5NW8lQK9aVvP,Early Morning Rain,Ian & Sylvia,1,Night,2022,0,Early Morning Rain -- Ian & Sylvia,Spotify Listening History 2019 - 2022.csv,Early Morning Rain,Early Morning Rain,4GV5wmFd0G5NW8lQK9aVvP,3.946
Early Morning Rain,https://open.spotify.com/embed/track/4GV5wmFd0G5NW8lQK9aVvP,Early Morning Rain,Ian & Sylvia,0,Night,2020,0,Early Morning Rain -- Ian & Sylvia,Spotify Listening History 2019 - 2022.csv,Early Morning Rain,Early Morning Rain,4GV5wmFd0G5NW8lQK9aVvP,1.716533333
Early Morning Rain,https://open.spotify.com/embed/track/4GV5wmFd0G5NW8lQK9aVvP,Early Morning Rain,Ian & Sylvia,22,Evening,2022,0,Early Morning Rain -- Ian & Sylvia,Spotify Listening History 2019 - 2022.csv,Early Morning Rain,Early Morning Rain,4GV5wmFd0G5NW8lQK9aVvP,3.966666667
Early Morning Rain,https://open.spotify.com/embed/track/4GV5wmFd0G5NW8lQK9aVvP,Early Morning Rain,Ian & Sylvia,18,Evening,2022,0,Early Morning Rain -- Ian & Sylvia,Spotify Listening History 2019 - 2022.csv,Early Morning Rain,Early Morning Rain,4GV5wmFd0G5NW8lQK9aVvP,2.228833333
Early Morning Rain,https://open.spotify.com/embed/track/4GV5wmFd0G5NW8lQK9aVvP,Early Morning Rain,Ian & Sylvia,8,Morning,2022,0,Early Morning Rain -- Ian & Sylvia,Spotify Listening History 2019 - 2022.csv,Early Morning Rain,Early Morning Rain,4GV5wmFd0G5NW8lQK9aVvP,3.966666667
Early Morning Rain,https://open.spotify.com/embed/track/4GV5wmFd0G5NW8lQK9aVvP,Early Morning Rain,Ian & Sylvia,23,Evening,2022,0,Early Morning Rain -- Ian & Sylvia,Spotify Listening History 2019 - 2022.csv,Early Morning Rain,Early Morning Rain,4GV5wmFd0G5NW8lQK9aVvP,3.966666667
Early Morning Rain,https://open.spotify.com/embed/track/4GV5wmFd0G5NW8lQK9aVvP,Early Morning Rain,Ian & Sylvia,7,Morning,2022,0,Early Morning Rain -- Ian & Sylvia,Spotify Listening History 2019 - 2022.csv,Early Morning Rain,Early Morning Rain,4GV5wmFd0G5NW8lQK9aVvP,3.966666667
Early Morning Rain,https://open.spotify.com/embed/track/4GV5wmFd0G5NW8lQK9aVvP,Early Morning Rain,Ian & Sylvia,7,Morning,2022,0,Early Morning Rain -- Ian & Sylvia,Spotify Listening History 2019 - 2022.csv,Early Morning Rain,Early Morning Rain,4GV5wmFd0G5NW8lQK9aVvP,3.966666667
Early Morning Rain,https://open.spotify.com/embed/track/4GV5wmFd0G5NW8lQK9aVvP,Early Morning Rain,Ian & Sylvia,17,Afternoon,2022,0,Early Morning Rain -- Ian & Sylvia,Spotify Listening History 2019 - 2022.csv,Early Morning Rain,Early Morning Rain,4GV5wmFd0G5NW8lQK9aVvP,3.966666667
Early Morning Rain,https://open.spotify.com/embed/track/4GV5wmFd0G5NW8lQK9aVvP,Early Morning Rain,Ian & Sylvia,8,Morning,2021,0,Early Morning Rain -- Ian & Sylvia,Spotify Listening History 2019 - 2022.csv,Early Morning Rain,Early Morning Rain,4GV5wmFd0G5NW8lQK9aVvP,3.966666667
Early Morning Rain,https://open.spotify.com/embed/track/4GV5wmFd0G5NW8lQK9aVvP,Early Morning Rain,Ian & Sylvia,17,Afternoon,2022,0,Early Morning Rain -- Ian & Sylvia,Spotify Listening History 2019 - 2022.csv,Early Morning Rain,Early Morning Rain,4GV5wmFd0G5NW8lQK9aVvP,3.966666667
Early Morning Rain,https://open.spotify.com/embed/track/4GV5wmFd0G5NW8lQK9aVvP,Early Morning Rain,Ian & Sylvia,20,Evening,2022,0,Early Morning Rain -- Ian & Sylvia,Spotify Listening History 2019 - 2022.csv,Early Morning Rain,Early Morning Rain,4GV5wmFd0G5NW8lQK9aVvP,3.966666667
Eddy's Song,https://open.spotify.com/embed/track/0a9hOfhjo8xOzSsbnCrikz,Happy Endings,Sticky Fingers,17,Afternoon,2021,0,Eddy's Song -- Sticky Fingers,Spotify Listening History 2019 - 2022.csv,Eddy's Song,Eddy's Song,1Y3D2m7qsK97RAdy4gEJnZ,3.434216667
Eddy's Song,https://open.spotify.com/embed/track/0a9hOfhjo8xOzSsbnCrikz,Happy Endings,Sticky Fingers,23,Evening,2021,0,Eddy's Song -- Sticky Fingers,Spotify Listening History 2019 - 2022.csv,Eddy's Song,Eddy's Song,1Y3D2m7qsK97RAdy4gEJnZ,3.434216667
Eddy's Song,https://open.spotify.com/embed/track/0a9hOfhjo8xOzSsbnCrikz,Happy Endings,Sticky Fingers,23,Evening,2021,0,Eddy's Song -- Sticky Fingers,Spotify Listening History 2019 - 2022.csv,Eddy's Song,Eddy's Song,1Y3D2m7qsK97RAdy4gEJnZ,3.434216667
Eddy's Song,https://open.spotify.com/embed/track/0a9hOfhjo8xOzSsbnCrikz,Happy Endings,Sticky Fingers,14,Afternoon,2021,0,Eddy's Song -- Sticky Fingers,Spotify Listening History 2019 - 2022.csv,Eddy's Song,Eddy's Song,1Y3D2m7qsK97RAdy4gEJnZ,3.434216667
Eddy's Song,https://open.spotify.com/embed/track/0a9hOfhjo8xOzSsbnCrikz,Happy Endings,Sticky Fingers,10,Morning,2021,0,Eddy's Song -- Sticky Fingers,Spotify Listening History 2019 - 2022.csv,Eddy's Song,Eddy's Song,1Y3D2m7qsK97RAdy4gEJnZ,3.434216667
Eddy's Song,https://open.spotify.com/embed/track/0a9hOfhjo8xOzSsbnCrikz,Happy Endings,Sticky Fingers,23,Evening,2021,0,Eddy's Song -- Sticky Fingers,Spotify Listening History 2019 - 2022.csv,Eddy's Song,Eddy's Song,0a9hOfhjo8xOzSsbnCrikz,3.434216667
Eddy's Song,https://open.spotify.com/embed/track/0a9hOfhjo8xOzSsbnCrikz,Happy Endings,Sticky Fingers,20,Evening,2021,0,Eddy's Song -- Sticky Fingers,Spotify Listening History 2019 - 2022.csv,Eddy's Song,Eddy's Song,0a9hOfhjo8xOzSsbnCrikz,3.434216667
Eddy's Song,https://open.spotify.com/embed/track/0a9hOfhjo8xOzSsbnCrikz,Happy Endings,Sticky Fingers,17,Afternoon,2021,0,Eddy's Song -- Sticky Fingers,Spotify Listening History 2019 - 2022.csv,Eddy's Song,Eddy's Song,0a9hOfhjo8xOzSsbnCrikz,3.434216667
Eddy's Song,https://open.spotify.com/embed/track/0a9hOfhjo8xOzSsbnCrikz,Happy Endings,Sticky Fingers,14,Afternoon,2021,0,Eddy's Song -- Sticky Fingers,Spotify Listening History 2019 - 2022.csv,Eddy's Song,Eddy's Song,0a9hOfhjo8xOzSsbnCrikz,3.434216667
Eddy's Song,https://open.spotify.com/embed/track/0a9hOfhjo8xOzSsbnCrikz,Happy Endings,Sticky Fingers,13,Afternoon,2021,0,Eddy's Song -- Sticky Fingers,Spotify Listening History 2019 - 2022.csv,Eddy's Song,Eddy's Song,0a9hOfhjo8xOzSsbnCrikz,3.434216667
Eddy's Song,https://open.spotify.com/embed/track/0a9hOfhjo8xOzSsbnCrikz,Happy Endings,Sticky Fingers,0,Night,2021,0,Eddy's Song -- Sticky Fingers,Spotify Listening History 2019 - 2022.csv,Eddy's Song,Eddy's Song,0a9hOfhjo8xOzSsbnCrikz,3.434216667
Eddy's Song,https://open.spotify.com/embed/track/0a9hOfhjo8xOzSsbnCrikz,Happy Endings,Sticky Fingers,0,Night,2021,0,Eddy's Song -- Sticky Fingers,Spotify Listening History 2019 - 2022.csv,Eddy's Song,Eddy's Song,0a9hOfhjo8xOzSsbnCrikz,3.434216667
Eddy's Song,https://open.spotify.com/embed/track/0a9hOfhjo8xOzSsbnCrikz,Happy Endings,Sticky Fingers,0,Night,2021,0,Eddy's Song -- Sticky Fingers,Spotify Listening History 2019 - 2022.csv,Eddy's Song,Eddy's Song,0a9hOfhjo8xOzSsbnCrikz,3.434216667
Eddy's Song,https://open.spotify.com/embed/track/0a9hOfhjo8xOzSsbnCrikz,Happy Endings,Sticky Fingers,0,Night,2021,0,Eddy's Song -- Sticky Fingers,Spotify Listening History 2019 - 2022.csv,Eddy's Song,Eddy's Song,0a9hOfhjo8xOzSsbnCrikz,3.434216667
Eddy's Song,https://open.spotify.com/embed/track/0a9hOfhjo8xOzSsbnCrikz,Happy Endings,Sticky Fingers,19,Evening,2021,0,Eddy's Song -- Sticky Fingers,Spotify Listening History 2019 - 2022.csv,Eddy's Song,Eddy's Song,1Y3D2m7qsK97RAdy4gEJnZ,1.901716667
Eddy's Song,https://open.spotify.com/embed/track/0a9hOfhjo8xOzSsbnCrikz,Happy Endings,Sticky Fingers,13,Afternoon,2021,0,Eddy's Song -- Sticky Fingers,Spotify Listening History 2019 - 2022.csv,Eddy's Song,Eddy's Song,1Y3D2m7qsK97RAdy4gEJnZ,2.1049
Eddy's Song,https://open.spotify.com/embed/track/0a9hOfhjo8xOzSsbnCrikz,Happy Endings,Sticky Fingers,15,Afternoon,2021,0,Eddy's Song -- Sticky Fingers,Spotify Listening History 2019 - 2022.csv,Eddy's Song,Eddy's Song,1Y3D2m7qsK97RAdy4gEJnZ,2.588983333
Eddy's Song,https://open.spotify.com/embed/track/0a9hOfhjo8xOzSsbnCrikz,Happy Endings,Sticky Fingers,20,Evening,2021,0,Eddy's Song -- Sticky Fingers,Spotify Listening History 2019 - 2022.csv,Eddy's Song,Eddy's Song,0a9hOfhjo8xOzSsbnCrikz,1.075816667
Eddy's Song,https://open.spotify.com/embed/track/0a9hOfhjo8xOzSsbnCrikz,Happy Endings,Sticky Fingers,19,Evening,2021,0,Eddy's Song -- Sticky Fingers,Spotify Listening History 2019 - 2022.csv,Eddy's Song,Eddy's Song,0a9hOfhjo8xOzSsbnCrikz,1.216833333
Eddy's Song,https://open.spotify.com/embed/track/0a9hOfhjo8xOzSsbnCrikz,Happy Endings,Sticky Fingers,17,Afternoon,2021,0,Eddy's Song -- Sticky Fingers,Spotify Listening History 2019 - 2022.csv,Eddy's Song,Eddy's Song,0a9hOfhjo8xOzSsbnCrikz,2.380233333
Eddy's Song,https://open.spotify.com/embed/track/0a9hOfhjo8xOzSsbnCrikz,Happy Endings,Sticky Fingers,17,Afternoon,2021,0,Eddy's Song -- Sticky Fingers,Spotify Listening History 2019 - 2022.csv,Eddy's Song,Eddy's Song,1Y3D2m7qsK97RAdy4gEJnZ,3.318033333
Eddy's Song,https://open.spotify.com/embed/track/0a9hOfhjo8xOzSsbnCrikz,Happy Endings,Sticky Fingers,18,Evening,2021,0,Eddy's Song -- Sticky Fingers,Spotify Listening History 2019 - 2022.csv,Eddy's Song,Eddy's Song,1Y3D2m7qsK97RAdy4gEJnZ,3.434216667
Eddy's Song,https://open.spotify.com/embed/track/0a9hOfhjo8xOzSsbnCrikz,Happy Endings,Sticky Fingers,8,Morning,2021,0,Eddy's Song -- Sticky Fingers,Spotify Listening History 2019 - 2022.csv,Eddy's Song,Eddy's Song,1Y3D2m7qsK97RAdy4gEJnZ,3.434216667
Eddy's Song,https://open.spotify.com/embed/track/0a9hOfhjo8xOzSsbnCrikz,Happy Endings,Sticky Fingers,17,Afternoon,2021,0,Eddy's Song -- Sticky Fingers,Spotify Listening History 2019 - 2022.csv,Eddy's Song,Eddy's Song,1Y3D2m7qsK97RAdy4gEJnZ,3.434216667
Eddy's Song,https://open.spotify.com/embed/track/0a9hOfhjo8xOzSsbnCrikz,Happy Endings,Sticky Fingers,13,Afternoon,2021,0,Eddy's Song -- Sticky Fingers,Spotify Listening History 2019 - 2022.csv,Eddy's Song,Eddy's Song,1Y3D2m7qsK97RAdy4gEJnZ,3.434216667
Eddy's Song,https://open.spotify.com/embed/track/0a9hOfhjo8xOzSsbnCrikz,Happy Endings,Sticky Fingers,0,Night,2021,0,Eddy's Song -- Sticky Fingers,Spotify Listening History 2019 - 2022.csv,Eddy's Song,Eddy's Song,1Y3D2m7qsK97RAdy4gEJnZ,3.434216667
Eddy's Song,https://open.spotify.com/embed/track/0a9hOfhjo8xOzSsbnCrikz,Happy Endings,Sticky Fingers,17,Afternoon,2021,0,Eddy's Song -- Sticky Fingers,Spotify Listening History 2019 - 2022.csv,Eddy's Song,Eddy's Song,1Y3D2m7qsK97RAdy4gEJnZ,3.434216667
Eddy's Song,https://open.spotify.com/embed/track/0a9hOfhjo8xOzSsbnCrikz,Happy Endings,Sticky Fingers,21,Evening,2021,0,Eddy's Song -- Sticky Fingers,Spotify Listening History 2019 - 2022.csv,Eddy's Song,Eddy's Song,1Y3D2m7qsK97RAdy4gEJnZ,3.434216667
Eddy's Song,https://open.spotify.com/embed/track/0a9hOfhjo8xOzSsbnCrikz,Happy Endings,Sticky Fingers,21,Evening,2021,0,Eddy's Song -- Sticky Fingers,Spotify Listening History 2019 - 2022.csv,Eddy's Song,Eddy's Song,1Y3D2m7qsK97RAdy4gEJnZ,3.434216667
Eddy's Song,https://open.spotify.com/embed/track/0a9hOfhjo8xOzSsbnCrikz,Happy Endings,Sticky Fingers,11,Morning,2021,0,Eddy's Song -- Sticky Fingers,Spotify Listening History 2019 - 2022.csv,Eddy's Song,Eddy's Song,1Y3D2m7qsK97RAdy4gEJnZ,3.434216667
Eddy's Song,https://open.spotify.com/embed/track/0a9hOfhjo8xOzSsbnCrikz,Happy Endings,Sticky Fingers,23,Evening,2021,0,Eddy's Song -- Sticky Fingers,Spotify Listening History 2019 - 2022.csv,Eddy's Song,Eddy's Song,0a9hOfhjo8xOzSsbnCrikz,3.434216667
Eddy's Song,https://open.spotify.com/embed/track/0a9hOfhjo8xOzSsbnCrikz,Happy Endings,Sticky Fingers,18,Evening,2021,0,Eddy's Song -- Sticky Fingers,Spotify Listening History 2019 - 2022.csv,Eddy's Song,Eddy's Song,0a9hOfhjo8xOzSsbnCrikz,3.434216667
Eddy's Song,https://open.spotify.com/embed/track/0a9hOfhjo8xOzSsbnCrikz,Happy Endings,Sticky Fingers,10,Morning,2021,0,Eddy's Song -- Sticky Fingers,Spotify Listening History 2019 - 2022.csv,Eddy's Song,Eddy's Song,0a9hOfhjo8xOzSsbnCrikz,3.434216667
Eddy's Song,https://open.spotify.com/embed/track/0a9hOfhjo8xOzSsbnCrikz,Happy Endings,Sticky Fingers,20,Evening,2021,0,Eddy's Song -- Sticky Fingers,Spotify Listening History 2019 - 2022.csv,Eddy's Song,Eddy's Song,1Y3D2m7qsK97RAdy4gEJnZ,2.85875
Eddy's Song,https://open.spotify.com/embed/track/0a9hOfhjo8xOzSsbnCrikz,Happy Endings,Sticky Fingers,8,Morning,2021,0,Eddy's Song -- Sticky Fingers,Spotify Listening History 2019 - 2022.csv,Eddy's Song,Eddy's Song,1Y3D2m7qsK97RAdy4gEJnZ,1.573683333
Eddy's Song,https://open.spotify.com/embed/track/0a9hOfhjo8xOzSsbnCrikz,Happy Endings,Sticky Fingers,7,Morning,2021,0,Eddy's Song -- Sticky Fingers,Spotify Listening History 2019 - 2022.csv,Eddy's Song,Eddy's Song,1Y3D2m7qsK97RAdy4gEJnZ,2.7872
Eddy's Song,https://open.spotify.com/embed/track/0a9hOfhjo8xOzSsbnCrikz,Happy Endings,Sticky Fingers,23,Evening,2021,0,Eddy's Song -- Sticky Fingers,Spotify Listening History 2019 - 2022.csv,Eddy's Song,Eddy's Song,1Y3D2m7qsK97RAdy4gEJnZ,2.517683333
Eddy's Song,https://open.spotify.com/embed/track/0a9hOfhjo8xOzSsbnCrikz,Happy Endings,Sticky Fingers,12,Afternoon,2021,0,Eddy's Song -- Sticky Fingers,Spotify Listening History 2019 - 2022.csv,Eddy's Song,Eddy's Song,1Y3D2m7qsK97RAdy4gEJnZ,2.197333333
Eddy's Song,https://open.spotify.com/embed/track/0a9hOfhjo8xOzSsbnCrikz,Happy Endings,Sticky Fingers,22,Evening,2021,0,Eddy's Song -- Sticky Fingers,Spotify Listening History 2019 - 2022.csv,Eddy's Song,Eddy's Song,1Y3D2m7qsK97RAdy4gEJnZ,3.434216667
Eddy's Song,https://open.spotify.com/embed/track/0a9hOfhjo8xOzSsbnCrikz,Happy Endings,Sticky Fingers,1,Night,2021,0,Eddy's Song -- Sticky Fingers,Spotify Listening History 2019 - 2022.csv,Eddy's Song,Eddy's Song,1Y3D2m7qsK97RAdy4gEJnZ,3.434216667
Eddy's Song,https://open.spotify.com/embed/track/0a9hOfhjo8xOzSsbnCrikz,Happy Endings,Sticky Fingers,0,Night,2021,0,Eddy's Song -- Sticky Fingers,Spotify Listening History 2019 - 2022.csv,Eddy's Song,Eddy's Song,1Y3D2m7qsK97RAdy4gEJnZ,4.133233333
Eddy's Song,https://open.spotify.com/embed/track/0a9hOfhjo8xOzSsbnCrikz,Happy Endings,Sticky Fingers,0,Night,2021,0,Eddy's Song -- Sticky Fingers,Spotify Listening History 2019 - 2022.csv,Eddy's Song,Eddy's Song,1Y3D2m7qsK97RAdy4gEJnZ,3.434216667
Eddy's Song,https://open.spotify.com/embed/track/0a9hOfhjo8xOzSsbnCrikz,Happy Endings,Sticky Fingers,0,Night,2021,0,Eddy's Song -- Sticky Fingers,Spotify Listening History 2019 - 2022.csv,Eddy's Song,Eddy's Song,1Y3D2m7qsK97RAdy4gEJnZ,4.04185
Eddy's Song,https://open.spotify.com/embed/track/0a9hOfhjo8xOzSsbnCrikz,Happy Endings,Sticky Fingers,15,Afternoon,2022,0,Eddy's Song -- Sticky Fingers,Spotify Listening History 2019 - 2022.csv,Eddy's Song,Eddy's Song,1Y3D2m7qsK97RAdy4gEJnZ,3.434216667
Eddy's Song,https://open.spotify.com/embed/track/0a9hOfhjo8xOzSsbnCrikz,Happy Endings,Sticky Fingers,10,Morning,2022,0,Eddy's Song -- Sticky Fingers,Spotify Listening History 2019 - 2022.csv,Eddy's Song,Eddy's Song,1Y3D2m7qsK97RAdy4gEJnZ,3.434216667
Eddy's Song,https://open.spotify.com/embed/track/0a9hOfhjo8xOzSsbnCrikz,Happy Endings,Sticky Fingers,17,Afternoon,2021,0,Eddy's Song -- Sticky Fingers,Spotify Listening History 2019 - 2022.csv,Eddy's Song,Eddy's Song,1Y3D2m7qsK97RAdy4gEJnZ,3.434216667
Eddy's Song,https://open.spotify.com/embed/track/0a9hOfhjo8xOzSsbnCrikz,Happy Endings,Sticky Fingers,2,Night,2021,0,Eddy's Song -- Sticky Fingers,Spotify Listening History 2019 - 2022.csv,Eddy's Song,Eddy's Song,1Y3D2m7qsK97RAdy4gEJnZ,3.434216667
Eddy's Song,https://open.spotify.com/embed/track/0a9hOfhjo8xOzSsbnCrikz,Happy Endings,Sticky Fingers,21,Evening,2021,0,Eddy's Song -- Sticky Fingers,Spotify Listening History 2019 - 2022.csv,Eddy's Song,Eddy's Song,0a9hOfhjo8xOzSsbnCrikz,3.434216667
Eddy's Song,https://open.spotify.com/embed/track/0a9hOfhjo8xOzSsbnCrikz,Happy Endings,Sticky Fingers,22,Evening,2021,0,Eddy's Song -- Sticky Fingers,Spotify Listening History 2019 - 2022.csv,Eddy's Song,Eddy's Song,0a9hOfhjo8xOzSsbnCrikz,3.434216667
Eddy's Song,https://open.spotify.com/embed/track/0a9hOfhjo8xOzSsbnCrikz,Happy Endings,Sticky Fingers,21,Evening,2021,0,Eddy's Song -- Sticky Fingers,Spotify Listening History 2019 - 2022.csv,Eddy's Song,Eddy's Song,0a9hOfhjo8xOzSsbnCrikz,3.434216667
Eddy's Song,https://open.spotify.com/embed/track/0a9hOfhjo8xOzSsbnCrikz,Happy Endings,Sticky Fingers,21,Evening,2021,0,Eddy's Song -- Sticky Fingers,Spotify Listening History 2019 - 2022.csv,Eddy's Song,Eddy's Song,0a9hOfhjo8xOzSsbnCrikz,3.434216667
Eddy's Song,https://open.spotify.com/embed/track/0a9hOfhjo8xOzSsbnCrikz,Happy Endings,Sticky Fingers,20,Evening,2021,0,Eddy's Song -- Sticky Fingers,Spotify Listening History 2019 - 2022.csv,Eddy's Song,Eddy's Song,0a9hOfhjo8xOzSsbnCrikz,3.434216667
Eddy's Song,https://open.spotify.com/embed/track/0a9hOfhjo8xOzSsbnCrikz,Happy Endings,Sticky Fingers,16,Afternoon,2021,0,Eddy's Song -- Sticky Fingers,Spotify Listening History 2019 - 2022.csv,Eddy's Song,Eddy's Song,1Y3D2m7qsK97RAdy4gEJnZ,3.434216667
Eddy's Song,https://open.spotify.com/embed/track/0a9hOfhjo8xOzSsbnCrikz,Happy Endings,Sticky Fingers,16,Afternoon,2021,0,Eddy's Song -- Sticky Fingers,Spotify Listening History 2019 - 2022.csv,Eddy's Song,Eddy's Song,0a9hOfhjo8xOzSsbnCrikz,3.434216667
Eddy's Song,https://open.spotify.com/embed/track/0a9hOfhjo8xOzSsbnCrikz,Happy Endings,Sticky Fingers,16,Afternoon,2021,0,Eddy's Song -- Sticky Fingers,Spotify Listening History 2019 - 2022.csv,Eddy's Song,Eddy's Song,0a9hOfhjo8xOzSsbnCrikz,3.434216667
Eddy's Song,https://open.spotify.com/embed/track/0a9hOfhjo8xOzSsbnCrikz,Happy Endings,Sticky Fingers,13,Afternoon,2021,0,Eddy's Song -- Sticky Fingers,Spotify Listening History 2019 - 2022.csv,Eddy's Song,Eddy's Song,0a9hOfhjo8xOzSsbnCrikz,3.434216667
Eddy's Song,https://open.spotify.com/embed/track/0a9hOfhjo8xOzSsbnCrikz,Happy Endings,Sticky Fingers,13,Afternoon,2021,0,Eddy's Song -- Sticky Fingers,Spotify Listening History 2019 - 2022.csv,Eddy's Song,Eddy's Song,0a9hOfhjo8xOzSsbnCrikz,5.255016667
Eddy's Song,https://open.spotify.com/embed/track/0a9hOfhjo8xOzSsbnCrikz,Happy Endings,Sticky Fingers,11,Morning,2021,0,Eddy's Song -- Sticky Fingers,Spotify Listening History 2019 - 2022.csv,Eddy's Song,Eddy's Song,0a9hOfhjo8xOzSsbnCrikz,3.434216667
Eddy's Song,https://open.spotify.com/embed/track/0a9hOfhjo8xOzSsbnCrikz,Happy Endings,Sticky Fingers,10,Morning,2021,0,Eddy's Song -- Sticky Fingers,Spotify Listening History 2019 - 2022.csv,Eddy's Song,Eddy's Song,0a9hOfhjo8xOzSsbnCrikz,3.434216667
Eddy's Song,https://open.spotify.com/embed/track/0a9hOfhjo8xOzSsbnCrikz,Happy Endings,Sticky Fingers,0,Night,2021,0,Eddy's Song -- Sticky Fingers,Spotify Listening History 2019 - 2022.csv,Eddy's Song,Eddy's Song,0a9hOfhjo8xOzSsbnCrikz,3.434216667
Eddy's Song,https://open.spotify.com/embed/track/0a9hOfhjo8xOzSsbnCrikz,Happy Endings,Sticky Fingers,10,Morning,2021,0,Eddy's Song -- Sticky Fingers,Spotify Listening History 2019 - 2022.csv,Eddy's Song,Eddy's Song,0a9hOfhjo8xOzSsbnCrikz,6.187733333
Eddy's Song,https://open.spotify.com/embed/track/0a9hOfhjo8xOzSsbnCrikz,Happy Endings,Sticky Fingers,17,Afternoon,2021,0,Eddy's Song -- Sticky Fingers,Spotify Listening History 2019 - 2022.csv,Eddy's Song,Eddy's Song,0a9hOfhjo8xOzSsbnCrikz,2.286933333
Eddy's Song,https://open.spotify.com/embed/track/0a9hOfhjo8xOzSsbnCrikz,Happy Endings,Sticky Fingers,12,Afternoon,2021,0,Eddy's Song -- Sticky Fingers,Spotify Listening History 2019 - 2022.csv,Eddy's Song,Eddy's Song,0a9hOfhjo8xOzSsbnCrikz,3.311283333
Eddy's Song,https://open.spotify.com/embed/track/0a9hOfhjo8xOzSsbnCrikz,Happy Endings,Sticky Fingers,8,Morning,2021,0,Eddy's Song -- Sticky Fingers,Spotify Listening History 2019 - 2022.csv,Eddy's Song,Eddy's Song,0a9hOfhjo8xOzSsbnCrikz,3.39525
Eddy's Song,https://open.spotify.com/embed/track/0a9hOfhjo8xOzSsbnCrikz,Happy Endings,Sticky Fingers,17,Afternoon,2021,0,Eddy's Song -- Sticky Fingers,Spotify Listening History 2019 - 2022.csv,Eddy's Song,Eddy's Song,1Y3D2m7qsK97RAdy4gEJnZ,2.51555
Eddy's Song,https://open.spotify.com/embed/track/0a9hOfhjo8xOzSsbnCrikz,Happy Endings,Sticky Fingers,21,Evening,2021,0,Eddy's Song -- Sticky Fingers,Spotify Listening History 2019 - 2022.csv,Eddy's Song,Eddy's Song,1Y3D2m7qsK97RAdy4gEJnZ,1.204966667
Eddy's Song,https://open.spotify.com/embed/track/0a9hOfhjo8xOzSsbnCrikz,Happy Endings,Sticky Fingers,22,Evening,2021,0,Eddy's Song -- Sticky Fingers,Spotify Listening History 2019 - 2022.csv,Eddy's Song,Eddy's Song,0a9hOfhjo8xOzSsbnCrikz,1.664
Eddy's Song,https://open.spotify.com/embed/track/0a9hOfhjo8xOzSsbnCrikz,Happy Endings,Sticky Fingers,21,Evening,2021,0,Eddy's Song -- Sticky Fingers,Spotify Listening History 2019 - 2022.csv,Eddy's Song,Eddy's Song,0a9hOfhjo8xOzSsbnCrikz,1.004083333
Eddy's Song,https://open.spotify.com/embed/track/0a9hOfhjo8xOzSsbnCrikz,Happy Endings,Sticky Fingers,13,Afternoon,2021,0,Eddy's Song -- Sticky Fingers,Spotify Listening History 2019 - 2022.csv,Eddy's Song,Eddy's Song,1Y3D2m7qsK97RAdy4gEJnZ,1.742566667
Eddy's Song,https://open.spotify.com/embed/track/0a9hOfhjo8xOzSsbnCrikz,Happy Endings,Sticky Fingers,11,Morning,2021,0,Eddy's Song -- Sticky Fingers,Spotify Listening History 2019 - 2022.csv,Eddy's Song,Eddy's Song,0a9hOfhjo8xOzSsbnCrikz,2.53515
Eddy's Song,https://open.spotify.com/embed/track/0a9hOfhjo8xOzSsbnCrikz,Happy Endings,Sticky Fingers,19,Evening,2021,0,Eddy's Song -- Sticky Fingers,Spotify Listening History 2019 - 2022.csv,Eddy's Song,Eddy's Song,1Y3D2m7qsK97RAdy4gEJnZ,3.434216667
Eddy's Song,https://open.spotify.com/embed/track/0a9hOfhjo8xOzSsbnCrikz,Happy Endings,Sticky Fingers,14,Afternoon,2021,0,Eddy's Song -- Sticky Fingers,Spotify Listening History 2019 - 2022.csv,Eddy's Song,Eddy's Song,0a9hOfhjo8xOzSsbnCrikz,2.298666667
Eddy's Song,https://open.spotify.com/embed/track/0a9hOfhjo8xOzSsbnCrikz,Happy Endings,Sticky Fingers,21,Evening,2021,0,Eddy's Song -- Sticky Fingers,Spotify Listening History 2019 - 2022.csv,Eddy's Song,Eddy's Song,0a9hOfhjo8xOzSsbnCrikz,11.8648
Eddy's Song,https://open.spotify.com/embed/track/0a9hOfhjo8xOzSsbnCrikz,Happy Endings,Sticky Fingers,13,Afternoon,2022,0,Eddy's Song -- Sticky Fingers,Spotify Listening History 2019 - 2022.csv,Eddy's Song,Eddy's Song,1Y3D2m7qsK97RAdy4gEJnZ,2.46465
Eddy's Song,https://open.spotify.com/embed/track/0a9hOfhjo8xOzSsbnCrikz,Happy Endings,Sticky Fingers,13,Afternoon,2022,0,Eddy's Song -- Sticky Fingers,Spotify Listening History 2019 - 2022.csv,Eddy's Song,Eddy's Song,1Y3D2m7qsK97RAdy4gEJnZ,3.434216667
Eddy's Song,https://open.spotify.com/embed/track/0a9hOfhjo8xOzSsbnCrikz,Happy Endings,Sticky Fingers,8,Morning,2022,0,Eddy's Song -- Sticky Fingers,Spotify Listening History 2019 - 2022.csv,Eddy's Song,Eddy's Song,7DhYqguRV9BgsrKtJ4yuvp,3.434216667
Eddy's Song,https://open.spotify.com/embed/track/0a9hOfhjo8xOzSsbnCrikz,Happy Endings,Sticky Fingers,21,Evening,2022,0,Eddy's Song -- Sticky Fingers,Spotify Listening History 2019 - 2022.csv,Eddy's Song,Eddy's Song,1Y3D2m7qsK97RAdy4gEJnZ,3.434216667
Eddy's Song,https://open.spotify.com/embed/track/0a9hOfhjo8xOzSsbnCrikz,Happy Endings,Sticky Fingers,8,Morning,2022,0,Eddy's Song -- Sticky Fingers,Spotify Listening History 2019 - 2022.csv,Eddy's Song,Eddy's Song,1Y3D2m7qsK97RAdy4gEJnZ,3.434216667
Eddy's Song,https://open.spotify.com/embed/track/0a9hOfhjo8xOzSsbnCrikz,Happy Endings,Sticky Fingers,17,Afternoon,2022,0,Eddy's Song -- Sticky Fingers,Spotify Listening History 2019 - 2022.csv,Eddy's Song,Eddy's Song,1Y3D2m7qsK97RAdy4gEJnZ,1.0695
Eddy's Song,https://open.spotify.com/embed/track/0a9hOfhjo8xOzSsbnCrikz,Happy Endings,Sticky Fingers,0,Night,2022,0,Eddy's Song -- Sticky Fingers,Spotify Listening History 2019 - 2022.csv,Eddy's Song,Eddy's Song,1Y3D2m7qsK97RAdy4gEJnZ,3.434216667
Eddy's Song,https://open.spotify.com/embed/track/0a9hOfhjo8xOzSsbnCrikz,Happy Endings,Sticky Fingers,16,Afternoon,2021,0,Eddy's Song -- Sticky Fingers,Spotify Listening History 2019 - 2022.csv,Eddy's Song,Eddy's Song,1Y3D2m7qsK97RAdy4gEJnZ,3.434216667
Eddy's Song,https://open.spotify.com/embed/track/0a9hOfhjo8xOzSsbnCrikz,Happy Endings,Sticky Fingers,23,Evening,2022,0,Eddy's Song -- Sticky Fingers,Spotify Listening History 2019 - 2022.csv,Eddy's Song,Eddy's Song,1Y3D2m7qsK97RAdy4gEJnZ,3.434216667
Eddy's Song,https://open.spotify.com/embed/track/0a9hOfhjo8xOzSsbnCrikz,Happy Endings,Sticky Fingers,23,Evening,2022,0,Eddy's Song -- Sticky Fingers,Spotify Listening History 2019 - 2022.csv,Eddy's Song,Eddy's Song,1Y3D2m7qsK97RAdy4gEJnZ,3.434216667
Eddy's Song,https://open.spotify.com/embed/track/0a9hOfhjo8xOzSsbnCrikz,Happy Endings,Sticky Fingers,12,Afternoon,2021,0,Eddy's Song -- Sticky Fingers,Spotify Listening History 2019 - 2022.csv,Eddy's Song,Eddy's Song,1Y3D2m7qsK97RAdy4gEJnZ,3.434216667
Eddy's Song,https://open.spotify.com/embed/track/0a9hOfhjo8xOzSsbnCrikz,Happy Endings,Sticky Fingers,23,Evening,2022,0,Eddy's Song -- Sticky Fingers,Spotify Listening History 2019 - 2022.csv,Eddy's Song,Eddy's Song,1Y3D2m7qsK97RAdy4gEJnZ,3.434216667
Eddy's Song,https://open.spotify.com/embed/track/0a9hOfhjo8xOzSsbnCrikz,Happy Endings,Sticky Fingers,20,Evening,2022,0,Eddy's Song -- Sticky Fingers,Spotify Listening History 2019 - 2022.csv,Eddy's Song,Eddy's Song,1Y3D2m7qsK97RAdy4gEJnZ,3.434216667
Eddy's Song,https://open.spotify.com/embed/track/0a9hOfhjo8xOzSsbnCrikz,Happy Endings,Sticky Fingers,14,Afternoon,2021,0,Eddy's Song -- Sticky Fingers,Spotify Listening History 2019 - 2022.csv,Eddy's Song,Eddy's Song,1Y3D2m7qsK97RAdy4gEJnZ,3.434216667
Eddy's Song,https://open.spotify.com/embed/track/0a9hOfhjo8xOzSsbnCrikz,Happy Endings,Sticky Fingers,8,Morning,2022,0,Eddy's Song -- Sticky Fingers,Spotify Listening History 2019 - 2022.csv,Eddy's Song,Eddy's Song,1Y3D2m7qsK97RAdy4gEJnZ,3.434216667
Eddy's Song,https://open.spotify.com/embed/track/0a9hOfhjo8xOzSsbnCrikz,Happy Endings,Sticky Fingers,15,Afternoon,2021,0,Eddy's Song -- Sticky Fingers,Spotify Listening History 2019 - 2022.csv,Eddy's Song,Eddy's Song,1Y3D2m7qsK97RAdy4gEJnZ,3.434216667
Eddy's Song,https://open.spotify.com/embed/track/0a9hOfhjo8xOzSsbnCrikz,Happy Endings,Sticky Fingers,0,Night,2021,0,Eddy's Song -- Sticky Fingers,Spotify Listening History 2019 - 2022.csv,Eddy's Song,Eddy's Song,1Y3D2m7qsK97RAdy4gEJnZ,3.434216667
Eddy's Song,https://open.spotify.com/embed/track/0a9hOfhjo8xOzSsbnCrikz,Happy Endings,Sticky Fingers,23,Evening,2021,0,Eddy's Song -- Sticky Fingers,Spotify Listening History 2019 - 2022.csv,Eddy's Song,Eddy's Song,1Y3D2m7qsK97RAdy4gEJnZ,3.434216667
Eddy's Song,https://open.spotify.com/embed/track/0a9hOfhjo8xOzSsbnCrikz,Happy Endings,Sticky Fingers,0,Night,2021,0,Eddy's Song -- Sticky Fingers,Spotify Listening History 2019 - 2022.csv,Eddy's Song,Eddy's Song,1Y3D2m7qsK97RAdy4gEJnZ,3.434216667
Eddy's Song,https://open.spotify.com/embed/track/0a9hOfhjo8xOzSsbnCrikz,Happy Endings,Sticky Fingers,22,Evening,2021,0,Eddy's Song -- Sticky Fingers,Spotify Listening History 2019 - 2022.csv,Eddy's Song,Eddy's Song,1Y3D2m7qsK97RAdy4gEJnZ,3.434216667
Eddy's Song,https://open.spotify.com/embed/track/0a9hOfhjo8xOzSsbnCrikz,Happy Endings,Sticky Fingers,0,Night,2021,0,Eddy's Song -- Sticky Fingers,Spotify Listening History 2019 - 2022.csv,Eddy's Song,Eddy's Song,1Y3D2m7qsK97RAdy4gEJnZ,3.434216667
Eddy's Song,https://open.spotify.com/embed/track/0a9hOfhjo8xOzSsbnCrikz,Happy Endings,Sticky Fingers,8,Morning,2021,0,Eddy's Song -- Sticky Fingers,Spotify Listening History 2019 - 2022.csv,Eddy's Song,Eddy's Song,1Y3D2m7qsK97RAdy4gEJnZ,3.434216667
Eddy's Song,https://open.spotify.com/embed/track/0a9hOfhjo8xOzSsbnCrikz,Happy Endings,Sticky Fingers,15,Afternoon,2021,0,Eddy's Song -- Sticky Fingers,Spotify Listening History 2019 - 2022.csv,Eddy's Song,Eddy's Song,1Y3D2m7qsK97RAdy4gEJnZ,3.434216667
Eddy's Song,https://open.spotify.com/embed/track/0a9hOfhjo8xOzSsbnCrikz,Happy Endings,Sticky Fingers,17,Afternoon,2021,0,Eddy's Song -- Sticky Fingers,Spotify Listening History 2019 - 2022.csv,Eddy's Song,Eddy's Song,0a9hOfhjo8xOzSsbnCrikz,3.434216667
Eddy's Song,https://open.spotify.com/embed/track/0a9hOfhjo8xOzSsbnCrikz,Happy Endings,Sticky Fingers,9,Morning,2021,0,Eddy's Song -- Sticky Fingers,Spotify Listening History 2019 - 2022.csv,Eddy's Song,Eddy's Song,0a9hOfhjo8xOzSsbnCrikz,3.357333333
Eddy's Song,https://open.spotify.com/embed/track/0a9hOfhjo8xOzSsbnCrikz,Happy Endings,Sticky Fingers,22,Evening,2021,0,Eddy's Song -- Sticky Fingers,Spotify Listening History 2019 - 2022.csv,Eddy's Song,Eddy's Song,1Y3D2m7qsK97RAdy4gEJnZ,3.434216667
Eddy's Song,https://open.spotify.com/embed/track/0a9hOfhjo8xOzSsbnCrikz,Happy Endings,Sticky Fingers,1,Night,2021,0,Eddy's Song -- Sticky Fingers,Spotify Listening History 2019 - 2022.csv,Eddy's Song,Eddy's Song,1Y3D2m7qsK97RAdy4gEJnZ,3.434216667
Eddy's Song,https://open.spotify.com/embed/track/0a9hOfhjo8xOzSsbnCrikz,Happy Endings,Sticky Fingers,0,Night,2021,0,Eddy's Song -- Sticky Fingers,Spotify Listening History 2019 - 2022.csv,Eddy's Song,Eddy's Song,1Y3D2m7qsK97RAdy4gEJnZ,3.434216667
Eddy's Song,https://open.spotify.com/embed/track/0a9hOfhjo8xOzSsbnCrikz,Happy Endings,Sticky Fingers,19,Evening,2021,0,Eddy's Song -- Sticky Fingers,Spotify Listening History 2019 - 2022.csv,Eddy's Song,Eddy's Song,0a9hOfhjo8xOzSsbnCrikz,3.434216667
Eddy's Song,https://open.spotify.com/embed/track/0a9hOfhjo8xOzSsbnCrikz,Happy Endings,Sticky Fingers,13,Afternoon,2021,0,Eddy's Song -- Sticky Fingers,Spotify Listening History 2019 - 2022.csv,Eddy's Song,Eddy's Song,1Y3D2m7qsK97RAdy4gEJnZ,3.434216667
Eddy's Song,https://open.spotify.com/embed/track/0a9hOfhjo8xOzSsbnCrikz,Happy Endings,Sticky Fingers,23,Evening,2021,0,Eddy's Song -- Sticky Fingers,Spotify Listening History 2019 - 2022.csv,Eddy's Song,Eddy's Song,0a9hOfhjo8xOzSsbnCrikz,3.106133333
Eddy's Song,https://open.spotify.com/embed/track/0a9hOfhjo8xOzSsbnCrikz,Happy Endings,Sticky Fingers,10,Morning,2021,0,Eddy's Song -- Sticky Fingers,Spotify Listening History 2019 - 2022.csv,Eddy's Song,Eddy's Song,1Y3D2m7qsK97RAdy4gEJnZ,3.434216667
Eddy's Song,https://open.spotify.com/embed/track/0a9hOfhjo8xOzSsbnCrikz,Happy Endings,Sticky Fingers,1,Night,2021,0,Eddy's Song -- Sticky Fingers,Spotify Listening History 2019 - 2022.csv,Eddy's Song,Eddy's Song,1Y3D2m7qsK97RAdy4gEJnZ,3.434216667
Eddy's Song,https://open.spotify.com/embed/track/0a9hOfhjo8xOzSsbnCrikz,Happy Endings,Sticky Fingers,14,Afternoon,2021,0,Eddy's Song -- Sticky Fingers,Spotify Listening History 2019 - 2022.csv,Eddy's Song,Eddy's Song,1Y3D2m7qsK97RAdy4gEJnZ,3.434216667
Eddy's Song,https://open.spotify.com/embed/track/0a9hOfhjo8xOzSsbnCrikz,Happy Endings,Sticky Fingers,1,Night,2021,0,Eddy's Song -- Sticky Fingers,Spotify Listening History 2019 - 2022.csv,Eddy's Song,Eddy's Song,1Y3D2m7qsK97RAdy4gEJnZ,3.434216667
Eddy's Song,https://open.spotify.com/embed/track/0a9hOfhjo8xOzSsbnCrikz,Happy Endings,Sticky Fingers,17,Afternoon,2021,0,Eddy's Song -- Sticky Fingers,Spotify Listening History 2019 - 2022.csv,Eddy's Song,Eddy's Song,1Y3D2m7qsK97RAdy4gEJnZ,3.434216667
Eddy's Song,https://open.spotify.com/embed/track/0a9hOfhjo8xOzSsbnCrikz,Happy Endings,Sticky Fingers,23,Evening,2021,0,Eddy's Song -- Sticky Fingers,Spotify Listening History 2019 - 2022.csv,Eddy's Song,Eddy's Song,1Y3D2m7qsK97RAdy4gEJnZ,3.434216667
Eddy's Song,https://open.spotify.com/embed/track/0a9hOfhjo8xOzSsbnCrikz,Happy Endings,Sticky Fingers,16,Afternoon,2021,0,Eddy's Song -- Sticky Fingers,Spotify Listening History 2019 - 2022.csv,Eddy's Song,Eddy's Song,1Y3D2m7qsK97RAdy4gEJnZ,2.013333333
Eddy's Song,https://open.spotify.com/embed/track/0a9hOfhjo8xOzSsbnCrikz,Happy Endings,Sticky Fingers,12,Afternoon,2021,0,Eddy's Song -- Sticky Fingers,Spotify Listening History 2019 - 2022.csv,Eddy's Song,Eddy's Song,1Y3D2m7qsK97RAdy4gEJnZ,3.434216667
Eddy's Song,https://open.spotify.com/embed/track/0a9hOfhjo8xOzSsbnCrikz,Happy Endings,Sticky Fingers,21,Evening,2021,0,Eddy's Song -- Sticky Fingers,Spotify Listening History 2019 - 2022.csv,Eddy's Song,Eddy's Song,0a9hOfhjo8xOzSsbnCrikz,4.868166667
Eddy's Song,https://open.spotify.com/embed/track/0a9hOfhjo8xOzSsbnCrikz,Happy Endings,Sticky Fingers,22,Evening,2021,0,Eddy's Song -- Sticky Fingers,Spotify Listening History 2019 - 2022.csv,Eddy's Song,Eddy's Song,0a9hOfhjo8xOzSsbnCrikz,3.434216667
Eddy's Song,https://open.spotify.com/embed/track/0a9hOfhjo8xOzSsbnCrikz,Happy Endings,Sticky Fingers,22,Evening,2021,0,Eddy's Song -- Sticky Fingers,Spotify Listening History 2019 - 2022.csv,Eddy's Song,Eddy's Song,0a9hOfhjo8xOzSsbnCrikz,3.434216667
Eddy's Song,https://open.spotify.com/embed/track/0a9hOfhjo8xOzSsbnCrikz,Happy Endings,Sticky Fingers,22,Evening,2021,0,Eddy's Song -- Sticky Fingers,Spotify Listening History 2019 - 2022.csv,Eddy's Song,Eddy's Song,0a9hOfhjo8xOzSsbnCrikz,3.434216667
Eddy's Song,https://open.spotify.com/embed/track/0a9hOfhjo8xOzSsbnCrikz,Happy Endings,Sticky Fingers,23,Evening,2021,0,Eddy's Song -- Sticky Fingers,Spotify Listening History 2019 - 2022.csv,Eddy's Song,Eddy's Song,0a9hOfhjo8xOzSsbnCrikz,3.434216667
Eddy's Song,https://open.spotify.com/embed/track/0a9hOfhjo8xOzSsbnCrikz,Happy Endings,Sticky Fingers,20,Evening,2021,0,Eddy's Song -- Sticky Fingers,Spotify Listening History 2019 - 2022.csv,Eddy's Song,Eddy's Song,0a9hOfhjo8xOzSsbnCrikz,3.434216667
Eddy's Song,https://open.spotify.com/embed/track/0a9hOfhjo8xOzSsbnCrikz,Happy Endings,Sticky Fingers,17,Afternoon,2021,0,Eddy's Song -- Sticky Fingers,Spotify Listening History 2019 - 2022.csv,Eddy's Song,Eddy's Song,0a9hOfhjo8xOzSsbnCrikz,3.434216667
Eddy's Song,https://open.spotify.com/embed/track/0a9hOfhjo8xOzSsbnCrikz,Happy Endings,Sticky Fingers,13,Afternoon,2021,0,Eddy's Song -- Sticky Fingers,Spotify Listening History 2019 - 2022.csv,Eddy's Song,Eddy's Song,0a9hOfhjo8xOzSsbnCrikz,3.434216667
Eddy's Song,https://open.spotify.com/embed/track/0a9hOfhjo8xOzSsbnCrikz,Happy Endings,Sticky Fingers,15,Afternoon,2021,0,Eddy's Song -- Sticky Fingers,Spotify Listening History 2019 - 2022.csv,Eddy's Song,Eddy's Song,1Y3D2m7qsK97RAdy4gEJnZ,3.434216667
Eddy's Song,https://open.spotify.com/embed/track/0a9hOfhjo8xOzSsbnCrikz,Happy Endings,Sticky Fingers,14,Afternoon,2021,0,Eddy's Song -- Sticky Fingers,Spotify Listening History 2019 - 2022.csv,Eddy's Song,Eddy's Song,1Y3D2m7qsK97RAdy4gEJnZ,3.434216667
Eddy's Song,https://open.spotify.com/embed/track/0a9hOfhjo8xOzSsbnCrikz,Happy Endings,Sticky Fingers,12,Afternoon,2021,0,Eddy's Song -- Sticky Fingers,Spotify Listening History 2019 - 2022.csv,Eddy's Song,Eddy's Song,1Y3D2m7qsK97RAdy4gEJnZ,3.434216667
Eddy's Song,https://open.spotify.com/embed/track/0a9hOfhjo8xOzSsbnCrikz,Happy Endings,Sticky Fingers,9,Morning,2021,0,Eddy's Song -- Sticky Fingers,Spotify Listening History 2019 - 2022.csv,Eddy's Song,Eddy's Song,0a9hOfhjo8xOzSsbnCrikz,3.351466667
Eddy's Song,https://open.spotify.com/embed/track/0a9hOfhjo8xOzSsbnCrikz,Happy Endings,Sticky Fingers,10,Morning,2021,0,Eddy's Song -- Sticky Fingers,Spotify Listening History 2019 - 2022.csv,Eddy's Song,Eddy's Song,1Y3D2m7qsK97RAdy4gEJnZ,3.434216667
Eddy's Song,https://open.spotify.com/embed/track/0a9hOfhjo8xOzSsbnCrikz,Happy Endings,Sticky Fingers,10,Morning,2021,0,Eddy's Song -- Sticky Fingers,Spotify Listening History 2019 - 2022.csv,Eddy's Song,Eddy's Song,0a9hOfhjo8xOzSsbnCrikz,2.827366667
Eddy's Song,https://open.spotify.com/embed/track/0a9hOfhjo8xOzSsbnCrikz,Happy Endings,Sticky Fingers,9,Morning,2021,0,Eddy's Song -- Sticky Fingers,Spotify Listening History 2019 - 2022.csv,Eddy's Song,Eddy's Song,0a9hOfhjo8xOzSsbnCrikz,5.43715
Eddy's Song,https://open.spotify.com/embed/track/0a9hOfhjo8xOzSsbnCrikz,Happy Endings,Sticky Fingers,22,Evening,2022,0,Eddy's Song -- Sticky Fingers,Spotify Listening History 2019 - 2022.csv,Eddy's Song,Eddy's Song,1Y3D2m7qsK97RAdy4gEJnZ,3.434216667
Eddy's Song,https://open.spotify.com/embed/track/0a9hOfhjo8xOzSsbnCrikz,Happy Endings,Sticky Fingers,16,Afternoon,2022,0,Eddy's Song -- Sticky Fingers,Spotify Listening History 2019 - 2022.csv,Eddy's Song,Eddy's Song,1Y3D2m7qsK97RAdy4gEJnZ,3.434216667
Eddy's Song,https://open.spotify.com/embed/track/0a9hOfhjo8xOzSsbnCrikz,Happy Endings,Sticky Fingers,11,Morning,2021,0,Eddy's Song -- Sticky Fingers,Spotify Listening History 2019 - 2022.csv,Eddy's Song,Eddy's Song,1Y3D2m7qsK97RAdy4gEJnZ,1.664083333
Eddy's Song,https://open.spotify.com/embed/track/0a9hOfhjo8xOzSsbnCrikz,Happy Endings,Sticky Fingers,0,Night,2021,0,Eddy's Song -- Sticky Fingers,Spotify Listening History 2019 - 2022.csv,Eddy's Song,Eddy's Song,1Y3D2m7qsK97RAdy4gEJnZ,3.434216667
Eddy's Song,https://open.spotify.com/embed/track/0a9hOfhjo8xOzSsbnCrikz,Happy Endings,Sticky Fingers,23,Evening,2021,0,Eddy's Song -- Sticky Fingers,Spotify Listening History 2019 - 2022.csv,Eddy's Song,Eddy's Song,1Y3D2m7qsK97RAdy4gEJnZ,3.434216667
Eddy's Song,https://open.spotify.com/embed/track/0a9hOfhjo8xOzSsbnCrikz,Happy Endings,Sticky Fingers,12,Afternoon,2022,0,Eddy's Song -- Sticky Fingers,Spotify Listening History 2019 - 2022.csv,Eddy's Song,Eddy's Song,1Y3D2m7qsK97RAdy4gEJnZ,3.434216667
Eddy's Song,https://open.spotify.com/embed/track/0a9hOfhjo8xOzSsbnCrikz,Happy Endings,Sticky Fingers,0,Night,2021,0,Eddy's Song -- Sticky Fingers,Spotify Listening History 2019 - 2022.csv,Eddy's Song,Eddy's Song,1Y3D2m7qsK97RAdy4gEJnZ,1.112516667
Eddy's Song,https://open.spotify.com/embed/track/0a9hOfhjo8xOzSsbnCrikz,Happy Endings,Sticky Fingers,8,Morning,2022,0,Eddy's Song -- Sticky Fingers,Spotify Listening History 2019 - 2022.csv,Eddy's Song,Eddy's Song,1Y3D2m7qsK97RAdy4gEJnZ,3.434216667
Eddy's Song,https://open.spotify.com/embed/track/0a9hOfhjo8xOzSsbnCrikz,Happy Endings,Sticky Fingers,0,Night,2021,0,Eddy's Song -- Sticky Fingers,Spotify Listening History 2019 - 2022.csv,Eddy's Song,Eddy's Song,1Y3D2m7qsK97RAdy4gEJnZ,3.434216667
Eddy's Song,https://open.spotify.com/embed/track/0a9hOfhjo8xOzSsbnCrikz,Happy Endings,Sticky Fingers,0,Night,2021,0,Eddy's Song -- Sticky Fingers,Spotify Listening History 2019 - 2022.csv,Eddy's Song,Eddy's Song,1Y3D2m7qsK97RAdy4gEJnZ,3.434216667
Eddy's Song,https://open.spotify.com/embed/track/0a9hOfhjo8xOzSsbnCrikz,Happy Endings,Sticky Fingers,0,Night,2021,0,Eddy's Song -- Sticky Fingers,Spotify Listening History 2019 - 2022.csv,Eddy's Song,Eddy's Song,1Y3D2m7qsK97RAdy4gEJnZ,3.434216667
Eddy's Song,https://open.spotify.com/embed/track/0a9hOfhjo8xOzSsbnCrikz,Happy Endings,Sticky Fingers,16,Afternoon,2021,0,Eddy's Song -- Sticky Fingers,Spotify Listening History 2019 - 2022.csv,Eddy's Song,Eddy's Song,1Y3D2m7qsK97RAdy4gEJnZ,3.434216667
Eddy's Song,https://open.spotify.com/embed/track/0a9hOfhjo8xOzSsbnCrikz,Happy Endings,Sticky Fingers,0,Night,2021,0,Eddy's Song -- Sticky Fingers,Spotify Listening History 2019 - 2022.csv,Eddy's Song,Eddy's Song,1Y3D2m7qsK97RAdy4gEJnZ,3.434216667
Eddy's Song,https://open.spotify.com/embed/track/0a9hOfhjo8xOzSsbnCrikz,Happy Endings,Sticky Fingers,0,Night,2021,0,Eddy's Song -- Sticky Fingers,Spotify Listening History 2019 - 2022.csv,Eddy's Song,Eddy's Song,1Y3D2m7qsK97RAdy4gEJnZ,3.434216667
Eddy's Song,https://open.spotify.com/embed/track/0a9hOfhjo8xOzSsbnCrikz,Happy Endings,Sticky Fingers,23,Evening,2022,0,Eddy's Song -- Sticky Fingers,Spotify Listening History 2019 - 2022.csv,Eddy's Song,Eddy's Song,1Y3D2m7qsK97RAdy4gEJnZ,3.434216667
Eddy's Song,https://open.spotify.com/embed/track/0a9hOfhjo8xOzSsbnCrikz,Happy Endings,Sticky Fingers,8,Morning,2022,0,Eddy's Song -- Sticky Fingers,Spotify Listening History 2019 - 2022.csv,Eddy's Song,Eddy's Song,1Y3D2m7qsK97RAdy4gEJnZ,3.434216667
Eddy's Song,https://open.spotify.com/embed/track/0a9hOfhjo8xOzSsbnCrikz,Happy Endings,Sticky Fingers,23,Evening,2022,0,Eddy's Song -- Sticky Fingers,Spotify Listening History 2019 - 2022.csv,Eddy's Song,Eddy's Song,1Y3D2m7qsK97RAdy4gEJnZ,3.434216667
Eddy's Song,https://open.spotify.com/embed/track/0a9hOfhjo8xOzSsbnCrikz,Happy Endings,Sticky Fingers,23,Evening,2022,0,Eddy's Song -- Sticky Fingers,Spotify Listening History 2019 - 2022.csv,Eddy's Song,Eddy's Song,1Y3D2m7qsK97RAdy4gEJnZ,3.434216667
Eddy's Song,https://open.spotify.com/embed/track/0a9hOfhjo8xOzSsbnCrikz,Happy Endings,Sticky Fingers,0,Night,2022,0,Eddy's Song -- Sticky Fingers,Spotify Listening History 2019 - 2022.csv,Eddy's Song,Eddy's Song,1Y3D2m7qsK97RAdy4gEJnZ,3.434216667
Eddy's Song,https://open.spotify.com/embed/track/0a9hOfhjo8xOzSsbnCrikz,Happy Endings,Sticky Fingers,7,Morning,2022,0,Eddy's Song -- Sticky Fingers,Spotify Listening History 2019 - 2022.csv,Eddy's Song,Eddy's Song,1Y3D2m7qsK97RAdy4gEJnZ,5.923816667
Eddy's Song,https://open.spotify.com/embed/track/0a9hOfhjo8xOzSsbnCrikz,Happy Endings,Sticky Fingers,13,Afternoon,2021,0,Eddy's Song -- Sticky Fingers,Spotify Listening History 2019 - 2022.csv,Eddy's Song,Eddy's Song,0a9hOfhjo8xOzSsbnCrikz,3.434216667
Eddy's Song,https://open.spotify.com/embed/track/0a9hOfhjo8xOzSsbnCrikz,Happy Endings,Sticky Fingers,13,Afternoon,2021,0,Eddy's Song -- Sticky Fingers,Spotify Listening History 2019 - 2022.csv,Eddy's Song,Eddy's Song,0a9hOfhjo8xOzSsbnCrikz,3.434216667
Eddy's Song,https://open.spotify.com/embed/track/0a9hOfhjo8xOzSsbnCrikz,Happy Endings,Sticky Fingers,10,Morning,2021,0,Eddy's Song -- Sticky Fingers,Spotify Listening History 2019 - 2022.csv,Eddy's Song,Eddy's Song,0a9hOfhjo8xOzSsbnCrikz,3.434216667
Eddy's Song,https://open.spotify.com/embed/track/0a9hOfhjo8xOzSsbnCrikz,Happy Endings,Sticky Fingers,1,Night,2021,0,Eddy's Song -- Sticky Fingers,Spotify Listening History 2019 - 2022.csv,Eddy's Song,Eddy's Song,1Y3D2m7qsK97RAdy4gEJnZ,3.434216667
Eddy's Song,https://open.spotify.com/embed/track/0a9hOfhjo8xOzSsbnCrikz,Happy Endings,Sticky Fingers,9,Morning,2022,0,Eddy's Song -- Sticky Fingers,Spotify Listening History 2019 - 2022.csv,Eddy's Song,Eddy's Song,1Y3D2m7qsK97RAdy4gEJnZ,3.434216667
Eddy's Song,https://open.spotify.com/embed/track/0a9hOfhjo8xOzSsbnCrikz,Happy Endings,Sticky Fingers,0,Night,2022,0,Eddy's Song -- Sticky Fingers,Spotify Listening History 2019 - 2022.csv,Eddy's Song,Eddy's Song,1Y3D2m7qsK97RAdy4gEJnZ,3.434216667
Eddy's Song,https://open.spotify.com/embed/track/0a9hOfhjo8xOzSsbnCrikz,Happy Endings,Sticky Fingers,11,Morning,2022,0,Eddy's Song -- Sticky Fingers,Spotify Listening History 2019 - 2022.csv,Eddy's Song,Eddy's Song,1Y3D2m7qsK97RAdy4gEJnZ,3.434216667
Eddy's Song,https://open.spotify.com/embed/track/0a9hOfhjo8xOzSsbnCrikz,Happy Endings,Sticky Fingers,1,Night,2022,0,Eddy's Song -- Sticky Fingers,Spotify Listening History 2019 - 2022.csv,Eddy's Song,Eddy's Song,1Y3D2m7qsK97RAdy4gEJnZ,3.434216667
Eddy's Song,https://open.spotify.com/embed/track/0a9hOfhjo8xOzSsbnCrikz,Happy Endings,Sticky Fingers,0,Night,2022,0,Eddy's Song -- Sticky Fingers,Spotify Listening History 2019 - 2022.csv,Eddy's Song,Eddy's Song,1Y3D2m7qsK97RAdy4gEJnZ,3.434216667
Eddy's Song,https://open.spotify.com/embed/track/0a9hOfhjo8xOzSsbnCrikz,Happy Endings,Sticky Fingers,0,Night,2022,0,Eddy's Song -- Sticky Fingers,Spotify Listening History 2019 - 2022.csv,Eddy's Song,Eddy's Song,1Y3D2m7qsK97RAdy4gEJnZ,3.434216667
Eddy's Song,https://open.spotify.com/embed/track/0a9hOfhjo8xOzSsbnCrikz,Happy Endings,Sticky Fingers,23,Evening,2022,0,Eddy's Song -- Sticky Fingers,Spotify Listening History 2019 - 2022.csv,Eddy's Song,Eddy's Song,1Y3D2m7qsK97RAdy4gEJnZ,3.434216667
Eddy's Song,https://open.spotify.com/embed/track/0a9hOfhjo8xOzSsbnCrikz,Happy Endings,Sticky Fingers,11,Morning,2021,0,Eddy's Song -- Sticky Fingers,Spotify Listening History 2019 - 2022.csv,Eddy's Song,Eddy's Song,1Y3D2m7qsK97RAdy4gEJnZ,3.438083333
Eddy's Song,https://open.spotify.com/embed/track/0a9hOfhjo8xOzSsbnCrikz,Happy Endings,Sticky Fingers,23,Evening,2022,0,Eddy's Song -- Sticky Fingers,Spotify Listening History 2019 - 2022.csv,Eddy's Song,Eddy's Song,1Y3D2m7qsK97RAdy4gEJnZ,3.434216667
Eddy's Song,https://open.spotify.com/embed/track/0a9hOfhjo8xOzSsbnCrikz,Happy Endings,Sticky Fingers,22,Evening,2022,0,Eddy's Song -- Sticky Fingers,Spotify Listening History 2019 - 2022.csv,Eddy's Song,Eddy's Song,1Y3D2m7qsK97RAdy4gEJnZ,3.434216667
Eddy's Song,https://open.spotify.com/embed/track/0a9hOfhjo8xOzSsbnCrikz,Happy Endings,Sticky Fingers,12,Afternoon,2022,0,Eddy's Song -- Sticky Fingers,Spotify Listening History 2019 - 2022.csv,Eddy's Song,Eddy's Song,1Y3D2m7qsK97RAdy4gEJnZ,3.434216667
Eddy's Song,https://open.spotify.com/embed/track/0a9hOfhjo8xOzSsbnCrikz,Happy Endings,Sticky Fingers,0,Night,2022,0,Eddy's Song -- Sticky Fingers,Spotify Listening History 2019 - 2022.csv,Eddy's Song,Eddy's Song,1Y3D2m7qsK97RAdy4gEJnZ,3.434216667
Eddy's Song,https://open.spotify.com/embed/track/0a9hOfhjo8xOzSsbnCrikz,Happy Endings,Sticky Fingers,10,Morning,2022,0,Eddy's Song -- Sticky Fingers,Spotify Listening History 2019 - 2022.csv,Eddy's Song,Eddy's Song,1Y3D2m7qsK97RAdy4gEJnZ,1.758283333
Eddy's Song,https://open.spotify.com/embed/track/0a9hOfhjo8xOzSsbnCrikz,Happy Endings,Sticky Fingers,1,Night,2022,0,Eddy's Song -- Sticky Fingers,Spotify Listening History 2019 - 2022.csv,Eddy's Song,Eddy's Song,1Y3D2m7qsK97RAdy4gEJnZ,3.434216667
Eddy's Song,https://open.spotify.com/embed/track/0a9hOfhjo8xOzSsbnCrikz,Happy Endings,Sticky Fingers,14,Afternoon,2022,0,Eddy's Song -- Sticky Fingers,Spotify Listening History 2019 - 2022.csv,Eddy's Song,Eddy's Song,1Y3D2m7qsK97RAdy4gEJnZ,3.123833333
Eddy's Song,https://open.spotify.com/embed/track/0a9hOfhjo8xOzSsbnCrikz,Happy Endings,Sticky Fingers,17,Afternoon,2022,0,Eddy's Song -- Sticky Fingers,Spotify Listening History 2019 - 2022.csv,Eddy's Song,Eddy's Song,1Y3D2m7qsK97RAdy4gEJnZ,3.434216667
Eddy's Song,https://open.spotify.com/embed/track/0a9hOfhjo8xOzSsbnCrikz,Happy Endings,Sticky Fingers,10,Morning,2022,0,Eddy's Song -- Sticky Fingers,Spotify Listening History 2019 - 2022.csv,Eddy's Song,Eddy's Song,1Y3D2m7qsK97RAdy4gEJnZ,3.434216667
Eddy's Song,https://open.spotify.com/embed/track/0a9hOfhjo8xOzSsbnCrikz,Happy Endings,Sticky Fingers,10,Morning,2022,0,Eddy's Song -- Sticky Fingers,Spotify Listening History 2019 - 2022.csv,Eddy's Song,Eddy's Song,1Y3D2m7qsK97RAdy4gEJnZ,1.66755
Eddy's Song,https://open.spotify.com/embed/track/0a9hOfhjo8xOzSsbnCrikz,Happy Endings,Sticky Fingers,8,Morning,2022,0,Eddy's Song -- Sticky Fingers,Spotify Listening History 2019 - 2022.csv,Eddy's Song,Eddy's Song,1Y3D2m7qsK97RAdy4gEJnZ,3.434216667
Eddy's Song,https://open.spotify.com/embed/track/0a9hOfhjo8xOzSsbnCrikz,Happy Endings,Sticky Fingers,23,Evening,2022,0,Eddy's Song -- Sticky Fingers,Spotify Listening History 2019 - 2022.csv,Eddy's Song,Eddy's Song,1Y3D2m7qsK97RAdy4gEJnZ,3.434216667
Eddy's Song,https://open.spotify.com/embed/track/0a9hOfhjo8xOzSsbnCrikz,Happy Endings,Sticky Fingers,23,Evening,2022,0,Eddy's Song -- Sticky Fingers,Spotify Listening History 2019 - 2022.csv,Eddy's Song,Eddy's Song,7DhYqguRV9BgsrKtJ4yuvp,3.434216667
Eddy's Song,https://open.spotify.com/embed/track/0a9hOfhjo8xOzSsbnCrikz,Happy Endings,Sticky Fingers,17,Afternoon,2022,0,Eddy's Song -- Sticky Fingers,Spotify Listening History 2019 - 2022.csv,Eddy's Song,Eddy's Song,7DhYqguRV9BgsrKtJ4yuvp,3.434216667
Eddy's Song,https://open.spotify.com/embed/track/0a9hOfhjo8xOzSsbnCrikz,Happy Endings,Sticky Fingers,0,Night,2022,0,Eddy's Song -- Sticky Fingers,Spotify Listening History 2019 - 2022.csv,Eddy's Song,Eddy's Song,1Y3D2m7qsK97RAdy4gEJnZ,1.454216667
Eddy's Song,https://open.spotify.com/embed/track/0a9hOfhjo8xOzSsbnCrikz,Happy Endings,Sticky Fingers,23,Evening,2022,0,Eddy's Song -- Sticky Fingers,Spotify Listening History 2019 - 2022.csv,Eddy's Song,Eddy's Song,1Y3D2m7qsK97RAdy4gEJnZ,3.434216667
Eddy's Song,https://open.spotify.com/embed/track/0a9hOfhjo8xOzSsbnCrikz,Happy Endings,Sticky Fingers,23,Evening,2022,0,Eddy's Song -- Sticky Fingers,Spotify Listening History 2019 - 2022.csv,Eddy's Song,Eddy's Song,1Y3D2m7qsK97RAdy4gEJnZ,3.434216667
Eddy's Song,https://open.spotify.com/embed/track/0a9hOfhjo8xOzSsbnCrikz,Happy Endings,Sticky Fingers,0,Night,2022,0,Eddy's Song -- Sticky Fingers,Spotify Listening History 2019 - 2022.csv,Eddy's Song,Eddy's Song,1Y3D2m7qsK97RAdy4gEJnZ,3.434216667
Eddy's Song,https://open.spotify.com/embed/track/0a9hOfhjo8xOzSsbnCrikz,Happy Endings,Sticky Fingers,23,Evening,2022,0,Eddy's Song -- Sticky Fingers,Spotify Listening History 2019 - 2022.csv,Eddy's Song,Eddy's Song,1Y3D2m7qsK97RAdy4gEJnZ,3.434216667
Eddy's Song,https://open.spotify.com/embed/track/0a9hOfhjo8xOzSsbnCrikz,Happy Endings,Sticky Fingers,20,Evening,2022,0,Eddy's Song -- Sticky Fingers,Spotify Listening History 2019 - 2022.csv,Eddy's Song,Eddy's Song,1Y3D2m7qsK97RAdy4gEJnZ,3.434216667
Eddy's Song,https://open.spotify.com/embed/track/0a9hOfhjo8xOzSsbnCrikz,Happy Endings,Sticky Fingers,20,Evening,2022,0,Eddy's Song -- Sticky Fingers,Spotify Listening History 2019 - 2022.csv,Eddy's Song,Eddy's Song,1Y3D2m7qsK97RAdy4gEJnZ,3.434216667
Eddy's Song,https://open.spotify.com/embed/track/0a9hOfhjo8xOzSsbnCrikz,Happy Endings,Sticky Fingers,12,Afternoon,2021,0,Eddy's Song -- Sticky Fingers,Spotify Listening History 2019 - 2022.csv,Eddy's Song,Eddy's Song,0a9hOfhjo8xOzSsbnCrikz,2.440083333
Eddy's Song,https://open.spotify.com/embed/track/0a9hOfhjo8xOzSsbnCrikz,Happy Endings,Sticky Fingers,23,Evening,2022,0,Eddy's Song -- Sticky Fingers,Spotify Listening History 2019 - 2022.csv,Eddy's Song,Eddy's Song,1Y3D2m7qsK97RAdy4gEJnZ,3.434216667
Eddy's Song,https://open.spotify.com/embed/track/0a9hOfhjo8xOzSsbnCrikz,Happy Endings,Sticky Fingers,23,Evening,2022,0,Eddy's Song -- Sticky Fingers,Spotify Listening History 2019 - 2022.csv,Eddy's Song,Eddy's Song,1Y3D2m7qsK97RAdy4gEJnZ,3.434216667
Eddy's Song,https://open.spotify.com/embed/track/0a9hOfhjo8xOzSsbnCrikz,Happy Endings,Sticky Fingers,23,Evening,2022,0,Eddy's Song -- Sticky Fingers,Spotify Listening History 2019 - 2022.csv,Eddy's Song,Eddy's Song,7DhYqguRV9BgsrKtJ4yuvp,3.434216667
Eddy's Song,https://open.spotify.com/embed/track/0a9hOfhjo8xOzSsbnCrikz,Happy Endings,Sticky Fingers,0,Night,2022,0,Eddy's Song -- Sticky Fingers,Spotify Listening History 2019 - 2022.csv,Eddy's Song,Eddy's Song,1Y3D2m7qsK97RAdy4gEJnZ,3.434216667
Eddy's Song,https://open.spotify.com/embed/track/0a9hOfhjo8xOzSsbnCrikz,Happy Endings,Sticky Fingers,22,Evening,2021,0,Eddy's Song -- Sticky Fingers,Spotify Listening History 2019 - 2022.csv,Eddy's Song,Eddy's Song,1Y3D2m7qsK97RAdy4gEJnZ,3.434216667
Eddy's Song,https://open.spotify.com/embed/track/0a9hOfhjo8xOzSsbnCrikz,Happy Endings,Sticky Fingers,15,Afternoon,2021,0,Eddy's Song -- Sticky Fingers,Spotify Listening History 2019 - 2022.csv,Eddy's Song,Eddy's Song,1Y3D2m7qsK97RAdy4gEJnZ,3.434216667
Don't Let Me Down ,https://open.spotify.com/embed/track/5BhMoGrz5KzG2fA5uzHjZ1,Let It Be... Naked,The Beatles,13,Afternoon,2021,0,Don't Let Me Down - Naked Version / Remastered 2013 -- The Beatles,Spotify Listening History 2019 - 2022.csv,Don't Let Me Down - Naked Version / Remastered 2013,Don't Let Me Down ,5BhMoGrz5KzG2fA5uzHjZ1,3.314366667
Don't Let Me Down ,https://open.spotify.com/embed/track/5BhMoGrz5KzG2fA5uzHjZ1,Let It Be... Naked,The Beatles,17,Afternoon,2021,0,Don't Let Me Down - Naked Version / Remastered 2013 -- The Beatles,Spotify Listening History 2019 - 2022.csv,Don't Let Me Down - Naked Version / Remastered 2013,Don't Let Me Down ,5BhMoGrz5KzG2fA5uzHjZ1,3.314366667
Don't Let Me Down ,https://open.spotify.com/embed/track/5BhMoGrz5KzG2fA5uzHjZ1,Let It Be... Naked,The Beatles,16,Afternoon,2021,0,Don't Let Me Down - Naked Version / Remastered 2013 -- The Beatles,Spotify Listening History 2019 - 2022.csv,Don't Let Me Down - Naked Version / Remastered 2013,Don't Let Me Down ,5BhMoGrz5KzG2fA5uzHjZ1,3.314366667
Don't Let Me Down ,https://open.spotify.com/embed/track/5BhMoGrz5KzG2fA5uzHjZ1,Let It Be... Naked,The Beatles,13,Afternoon,2021,0,Don't Let Me Down - Naked Version / Remastered 2013 -- The Beatles,Spotify Listening History 2019 - 2022.csv,Don't Let Me Down - Naked Version / Remastered 2013,Don't Let Me Down ,5BhMoGrz5KzG2fA5uzHjZ1,3.314366667
Don't Let Me Down ,https://open.spotify.com/embed/track/5BhMoGrz5KzG2fA5uzHjZ1,Let It Be... Naked,The Beatles,12,Afternoon,2021,0,Don't Let Me Down - Naked Version / Remastered 2013 -- The Beatles,Spotify Listening History 2019 - 2022.csv,Don't Let Me Down - Naked Version / Remastered 2013,Don't Let Me Down ,5BhMoGrz5KzG2fA5uzHjZ1,3.314366667
Don't Let Me Down ,https://open.spotify.com/embed/track/5BhMoGrz5KzG2fA5uzHjZ1,Let It Be... Naked,The Beatles,13,Afternoon,2021,0,Don't Let Me Down - Naked Version / Remastered 2013 -- The Beatles,Spotify Listening History 2019 - 2022.csv,Don't Let Me Down - Naked Version / Remastered 2013,Don't Let Me Down ,5BhMoGrz5KzG2fA5uzHjZ1,3.254666667
Don't Let Me Down ,https://open.spotify.com/embed/track/5BhMoGrz5KzG2fA5uzHjZ1,Let It Be... Naked,The Beatles,20,Evening,2021,0,Don't Let Me Down - Naked Version / Remastered 2013 -- The Beatles,Spotify Listening History 2019 - 2022.csv,Don't Let Me Down - Naked Version / Remastered 2013,Don't Let Me Down ,5BhMoGrz5KzG2fA5uzHjZ1,2.5767
Don't Let Me Down ,https://open.spotify.com/embed/track/5BhMoGrz5KzG2fA5uzHjZ1,Let It Be... Naked,The Beatles,21,Evening,2021,0,Don't Let Me Down - Naked Version / Remastered 2013 -- The Beatles,Spotify Listening History 2019 - 2022.csv,Don't Let Me Down - Naked Version / Remastered 2013,Don't Let Me Down ,5BhMoGrz5KzG2fA5uzHjZ1,3.314366667
Don't Let Me Down ,https://open.spotify.com/embed/track/5BhMoGrz5KzG2fA5uzHjZ1,Let It Be... Naked,The Beatles,18,Evening,2021,0,Don't Let Me Down - Naked Version / Remastered 2013 -- The Beatles,Spotify Listening History 2019 - 2022.csv,Don't Let Me Down - Naked Version / Remastered 2013,Don't Let Me Down ,5BhMoGrz5KzG2fA5uzHjZ1,3.314366667
Don't Let Me Down ,https://open.spotify.com/embed/track/5BhMoGrz5KzG2fA5uzHjZ1,Let It Be... Naked,The Beatles,18,Evening,2021,0,Don't Let Me Down - Naked Version / Remastered 2013 -- The Beatles,Spotify Listening History 2019 - 2022.csv,Don't Let Me Down - Naked Version / Remastered 2013,Don't Let Me Down ,5BhMoGrz5KzG2fA5uzHjZ1,3.314366667
Don't Let Me Down ,https://open.spotify.com/embed/track/5BhMoGrz5KzG2fA5uzHjZ1,Let It Be... Naked,The Beatles,17,Afternoon,2021,0,Don't Let Me Down - Naked Version / Remastered 2013 -- The Beatles,Spotify Listening History 2019 - 2022.csv,Don't Let Me Down - Naked Version / Remastered 2013,Don't Let Me Down ,5BhMoGrz5KzG2fA5uzHjZ1,3.314366667
Don't Let Me Down ,https://open.spotify.com/embed/track/5BhMoGrz5KzG2fA5uzHjZ1,Let It Be... Naked,The Beatles,13,Afternoon,2021,0,Don't Let Me Down - Naked Version / Remastered 2013 -- The Beatles,Spotify Listening History 2019 - 2022.csv,Don't Let Me Down - Naked Version / Remastered 2013,Don't Let Me Down ,5BhMoGrz5KzG2fA5uzHjZ1,3.314366667
Don't Let Me Down ,https://open.spotify.com/embed/track/5BhMoGrz5KzG2fA5uzHjZ1,Let It Be... Naked,The Beatles,11,Morning,2021,0,Don't Let Me Down - Naked Version / Remastered 2013 -- The Beatles,Spotify Listening History 2019 - 2022.csv,Don't Let Me Down - Naked Version / Remastered 2013,Don't Let Me Down ,5BhMoGrz5KzG2fA5uzHjZ1,3.314366667
Don't Let Me Down ,https://open.spotify.com/embed/track/5BhMoGrz5KzG2fA5uzHjZ1,Let It Be... Naked,The Beatles,10,Morning,2021,0,Don't Let Me Down - Naked Version / Remastered 2013 -- The Beatles,Spotify Listening History 2019 - 2022.csv,Don't Let Me Down - Naked Version / Remastered 2013,Don't Let Me Down ,5BhMoGrz5KzG2fA5uzHjZ1,3.314366667
Don't Let Me Down ,https://open.spotify.com/embed/track/5BhMoGrz5KzG2fA5uzHjZ1,Let It Be... Naked,The Beatles,14,Afternoon,2022,0,Don't Let Me Down - Naked Version / Remastered 2013 -- The Beatles,Spotify Listening History 2019 - 2022.csv,Don't Let Me Down - Naked Version / Remastered 2013,Don't Let Me Down ,5BhMoGrz5KzG2fA5uzHjZ1,3.314366667
Don't Let Me Down ,https://open.spotify.com/embed/track/5BhMoGrz5KzG2fA5uzHjZ1,Let It Be... Naked,The Beatles,11,Morning,2022,0,Don't Let Me Down - Naked Version / Remastered 2013 -- The Beatles,Spotify Listening History 2019 - 2022.csv,Don't Let Me Down - Naked Version / Remastered 2013,Don't Let Me Down ,5BhMoGrz5KzG2fA5uzHjZ1,3.314366667
Don't Let Me Down ,https://open.spotify.com/embed/track/5BhMoGrz5KzG2fA5uzHjZ1,Let It Be... Naked,The Beatles,16,Afternoon,2019,0,Don't Let Me Down - Naked Version / Remastered 2013 -- The Beatles,Spotify Listening History 2019 - 2022.csv,Don't Let Me Down - Naked Version / Remastered 2013,Don't Let Me Down ,5BhMoGrz5KzG2fA5uzHjZ1,3.314366667
Don't Let Me Down ,https://open.spotify.com/embed/track/5BhMoGrz5KzG2fA5uzHjZ1,Let It Be... Naked,The Beatles,19,Evening,2022,0,Don't Let Me Down - Naked Version / Remastered 2013 -- The Beatles,Spotify Listening History 2019 - 2022.csv,Don't Let Me Down - Naked Version / Remastered 2013,Don't Let Me Down ,5BhMoGrz5KzG2fA5uzHjZ1,3.314366667
Don't Let Me Down ,https://open.spotify.com/embed/track/5BhMoGrz5KzG2fA5uzHjZ1,Let It Be... Naked,The Beatles,17,Afternoon,2019,0,Don't Let Me Down - Naked Version / Remastered 2013 -- The Beatles,Spotify Listening History 2019 - 2022.csv,Don't Let Me Down - Naked Version / Remastered 2013,Don't Let Me Down ,5BhMoGrz5KzG2fA5uzHjZ1,3.314366667
Don't Let Me Down ,https://open.spotify.com/embed/track/5BhMoGrz5KzG2fA5uzHjZ1,Let It Be... Naked,The Beatles,12,Afternoon,2019,0,Don't Let Me Down - Naked Version / Remastered 2013 -- The Beatles,Spotify Listening History 2019 - 2022.csv,Don't Let Me Down - Naked Version / Remastered 2013,Don't Let Me Down ,5BhMoGrz5KzG2fA5uzHjZ1,3.314366667
Don't Let Me Down ,https://open.spotify.com/embed/track/5BhMoGrz5KzG2fA5uzHjZ1,Let It Be... Naked,The Beatles,11,Morning,2019,0,Don't Let Me Down - Naked Version / Remastered 2013 -- The Beatles,Spotify Listening History 2019 - 2022.csv,Don't Let Me Down - Naked Version / Remastered 2013,Don't Let Me Down ,5BhMoGrz5KzG2fA5uzHjZ1,3.314366667
Don't Let Me Down ,https://open.spotify.com/embed/track/5BhMoGrz5KzG2fA5uzHjZ1,Let It Be... Naked,The Beatles,12,Afternoon,2019,0,Don't Let Me Down - Naked Version / Remastered 2013 -- The Beatles,Spotify Listening History 2019 - 2022.csv,Don't Let Me Down - Naked Version / Remastered 2013,Don't Let Me Down ,5BhMoGrz5KzG2fA5uzHjZ1,3.314366667
Don't Let Me Down ,https://open.spotify.com/embed/track/5BhMoGrz5KzG2fA5uzHjZ1,Let It Be... Naked,The Beatles,18,Evening,2021,0,Don't Let Me Down - Naked Version / Remastered 2013 -- The Beatles,Spotify Listening History 2019 - 2022.csv,Don't Let Me Down - Naked Version / Remastered 2013,Don't Let Me Down ,5BhMoGrz5KzG2fA5uzHjZ1,3.314366667
Don't Let Me Down ,https://open.spotify.com/embed/track/5BhMoGrz5KzG2fA5uzHjZ1,Let It Be... Naked,The Beatles,21,Evening,2019,0,Don't Let Me Down - Naked Version / Remastered 2013 -- The Beatles,Spotify Listening History 2019 - 2022.csv,Don't Let Me Down - Naked Version / Remastered 2013,Don't Let Me Down ,5BhMoGrz5KzG2fA5uzHjZ1,3.314366667
Don't Let Me Down ,https://open.spotify.com/embed/track/5BhMoGrz5KzG2fA5uzHjZ1,Let It Be... Naked,The Beatles,19,Evening,2019,0,Don't Let Me Down - Naked Version / Remastered 2013 -- The Beatles,Spotify Listening History 2019 - 2022.csv,Don't Let Me Down - Naked Version / Remastered 2013,Don't Let Me Down ,5BhMoGrz5KzG2fA5uzHjZ1,3.314366667
Don't Let Me Down ,https://open.spotify.com/embed/track/5BhMoGrz5KzG2fA5uzHjZ1,Let It Be... Naked,The Beatles,17,Afternoon,2019,0,Don't Let Me Down - Naked Version / Remastered 2013 -- The Beatles,Spotify Listening History 2019 - 2022.csv,Don't Let Me Down - Naked Version / Remastered 2013,Don't Let Me Down ,5BhMoGrz5KzG2fA5uzHjZ1,3.314366667
Don't Let Me Down ,https://open.spotify.com/embed/track/5BhMoGrz5KzG2fA5uzHjZ1,Let It Be... Naked,The Beatles,20,Evening,2021,0,Don't Let Me Down - Naked Version / Remastered 2013 -- The Beatles,Spotify Listening History 2019 - 2022.csv,Don't Let Me Down - Naked Version / Remastered 2013,Don't Let Me Down ,5BhMoGrz5KzG2fA5uzHjZ1,1.7856
Don't Let Me Down ,https://open.spotify.com/embed/track/5BhMoGrz5KzG2fA5uzHjZ1,Let It Be... Naked,The Beatles,20,Evening,2021,0,Don't Let Me Down - Naked Version / Remastered 2013 -- The Beatles,Spotify Listening History 2019 - 2022.csv,Don't Let Me Down - Naked Version / Remastered 2013,Don't Let Me Down ,5BhMoGrz5KzG2fA5uzHjZ1,1.22275
Don't Let Me Down ,https://open.spotify.com/embed/track/5BhMoGrz5KzG2fA5uzHjZ1,Let It Be... Naked,The Beatles,15,Afternoon,2019,0,Don't Let Me Down - Naked Version / Remastered 2013 -- The Beatles,Spotify Listening History 2019 - 2022.csv,Don't Let Me Down - Naked Version / Remastered 2013,Don't Let Me Down ,5BhMoGrz5KzG2fA5uzHjZ1,3.314366667
Don't Let Me Down ,https://open.spotify.com/embed/track/5BhMoGrz5KzG2fA5uzHjZ1,Let It Be... Naked,The Beatles,22,Evening,2019,0,Don't Let Me Down - Naked Version / Remastered 2013 -- The Beatles,Spotify Listening History 2019 - 2022.csv,Don't Let Me Down - Naked Version / Remastered 2013,Don't Let Me Down ,5BhMoGrz5KzG2fA5uzHjZ1,3.314366667
Don't Let Me Down ,https://open.spotify.com/embed/track/5BhMoGrz5KzG2fA5uzHjZ1,Let It Be... Naked,The Beatles,14,Afternoon,2022,0,Don't Let Me Down - Naked Version / Remastered 2013 -- The Beatles,Spotify Listening History 2019 - 2022.csv,Don't Let Me Down - Naked Version / Remastered 2013,Don't Let Me Down ,5BhMoGrz5KzG2fA5uzHjZ1,3.260366667
Don't Let Me Down ,https://open.spotify.com/embed/track/5BhMoGrz5KzG2fA5uzHjZ1,Let It Be... Naked,The Beatles,14,Afternoon,2020,0,Don't Let Me Down - Naked Version / Remastered 2013 -- The Beatles,Spotify Listening History 2019 - 2022.csv,Don't Let Me Down - Naked Version / Remastered 2013,Don't Let Me Down ,5BhMoGrz5KzG2fA5uzHjZ1,3.314366667
Don't Let Me Down ,https://open.spotify.com/embed/track/5BhMoGrz5KzG2fA5uzHjZ1,Let It Be... Naked,The Beatles,13,Afternoon,2020,0,Don't Let Me Down - Naked Version / Remastered 2013 -- The Beatles,Spotify Listening History 2019 - 2022.csv,Don't Let Me Down - Naked Version / Remastered 2013,Don't Let Me Down ,5BhMoGrz5KzG2fA5uzHjZ1,3.314366667
Don't Let Me Down ,https://open.spotify.com/embed/track/5BhMoGrz5KzG2fA5uzHjZ1,Let It Be... Naked,The Beatles,13,Afternoon,2020,0,Don't Let Me Down - Naked Version / Remastered 2013 -- The Beatles,Spotify Listening History 2019 - 2022.csv,Don't Let Me Down - Naked Version / Remastered 2013,Don't Let Me Down ,5BhMoGrz5KzG2fA5uzHjZ1,3.314366667
Don't Let Me Down ,https://open.spotify.com/embed/track/5BhMoGrz5KzG2fA5uzHjZ1,Let It Be... Naked,The Beatles,11,Morning,2022,0,Don't Let Me Down - Naked Version / Remastered 2013 -- The Beatles,Spotify Listening History 2019 - 2022.csv,Don't Let Me Down - Naked Version / Remastered 2013,Don't Let Me Down ,5BhMoGrz5KzG2fA5uzHjZ1,1.041333333
Don't Let Me Down ,https://open.spotify.com/embed/track/5BhMoGrz5KzG2fA5uzHjZ1,Let It Be... Naked,The Beatles,10,Morning,2019,0,Don't Let Me Down - Naked Version / Remastered 2013 -- The Beatles,Spotify Listening History 2019 - 2022.csv,Don't Let Me Down - Naked Version / Remastered 2013,Don't Let Me Down ,5BhMoGrz5KzG2fA5uzHjZ1,3.314366667
Don't Let Me Down ,https://open.spotify.com/embed/track/5BhMoGrz5KzG2fA5uzHjZ1,Let It Be... Naked,The Beatles,19,Evening,2022,0,Don't Let Me Down - Naked Version / Remastered 2013 -- The Beatles,Spotify Listening History 2019 - 2022.csv,Don't Let Me Down - Naked Version / Remastered 2013,Don't Let Me Down ,5BhMoGrz5KzG2fA5uzHjZ1,1.967
Don't Let Me Down ,https://open.spotify.com/embed/track/5BhMoGrz5KzG2fA5uzHjZ1,Let It Be... Naked,The Beatles,14,Afternoon,2020,0,Don't Let Me Down - Naked Version / Remastered 2013 -- The Beatles,Spotify Listening History 2019 - 2022.csv,Don't Let Me Down - Naked Version / Remastered 2013,Don't Let Me Down ,5BhMoGrz5KzG2fA5uzHjZ1,3.314366667
Don't Let Me Down ,https://open.spotify.com/embed/track/5BhMoGrz5KzG2fA5uzHjZ1,Let It Be... Naked,The Beatles,16,Afternoon,2022,0,Don't Let Me Down - Naked Version / Remastered 2013 -- The Beatles,Spotify Listening History 2019 - 2022.csv,Don't Let Me Down - Naked Version / Remastered 2013,Don't Let Me Down ,5BhMoGrz5KzG2fA5uzHjZ1,3.314366667
Don't Let Me Down ,https://open.spotify.com/embed/track/5BhMoGrz5KzG2fA5uzHjZ1,Let It Be... Naked,The Beatles,10,Morning,2019,0,Don't Let Me Down - Naked Version / Remastered 2013 -- The Beatles,Spotify Listening History 2019 - 2022.csv,Don't Let Me Down - Naked Version / Remastered 2013,Don't Let Me Down ,5BhMoGrz5KzG2fA5uzHjZ1,3.314366667
Don't Let Me Down ,https://open.spotify.com/embed/track/5BhMoGrz5KzG2fA5uzHjZ1,Let It Be... Naked,The Beatles,11,Morning,2022,0,Don't Let Me Down - Naked Version / Remastered 2013 -- The Beatles,Spotify Listening History 2019 - 2022.csv,Don't Let Me Down - Naked Version / Remastered 2013,Don't Let Me Down ,5BhMoGrz5KzG2fA5uzHjZ1,3.314366667
Don't Let Me Down ,https://open.spotify.com/embed/track/5BhMoGrz5KzG2fA5uzHjZ1,Let It Be... Naked,The Beatles,17,Afternoon,2022,0,Don't Let Me Down - Naked Version / Remastered 2013 -- The Beatles,Spotify Listening History 2019 - 2022.csv,Don't Let Me Down - Naked Version / Remastered 2013,Don't Let Me Down ,5BhMoGrz5KzG2fA5uzHjZ1,3.314366667
Don't Let Me Down ,https://open.spotify.com/embed/track/5BhMoGrz5KzG2fA5uzHjZ1,Let It Be... Naked,The Beatles,14,Afternoon,2020,0,Don't Let Me Down - Naked Version / Remastered 2013 -- The Beatles,Spotify Listening History 2019 - 2022.csv,Don't Let Me Down - Naked Version / Remastered 2013,Don't Let Me Down ,5BhMoGrz5KzG2fA5uzHjZ1,3.314366667
Don't Let Me Down ,https://open.spotify.com/embed/track/5BhMoGrz5KzG2fA5uzHjZ1,Let It Be... Naked,The Beatles,16,Afternoon,2019,0,Don't Let Me Down - Naked Version / Remastered 2013 -- The Beatles,Spotify Listening History 2019 - 2022.csv,Don't Let Me Down - Naked Version / Remastered 2013,Don't Let Me Down ,5BhMoGrz5KzG2fA5uzHjZ1,5.248233333
Don't Let Me Down ,https://open.spotify.com/embed/track/5BhMoGrz5KzG2fA5uzHjZ1,Let It Be... Naked,The Beatles,14,Afternoon,2022,0,Don't Let Me Down - Naked Version / Remastered 2013 -- The Beatles,Spotify Listening History 2019 - 2022.csv,Don't Let Me Down - Naked Version / Remastered 2013,Don't Let Me Down ,5BhMoGrz5KzG2fA5uzHjZ1,2.314833333
Don't Let Me Down ,https://open.spotify.com/embed/track/5BhMoGrz5KzG2fA5uzHjZ1,Let It Be... Naked,The Beatles,10,Morning,2020,0,Don't Let Me Down - Naked Version / Remastered 2013 -- The Beatles,Spotify Listening History 2019 - 2022.csv,Don't Let Me Down - Naked Version / Remastered 2013,Don't Let Me Down ,5BhMoGrz5KzG2fA5uzHjZ1,3.314366667
Don't Let Me Down ,https://open.spotify.com/embed/track/5BhMoGrz5KzG2fA5uzHjZ1,Let It Be... Naked,The Beatles,13,Afternoon,2019,0,Don't Let Me Down - Naked Version / Remastered 2013 -- The Beatles,Spotify Listening History 2019 - 2022.csv,Don't Let Me Down - Naked Version / Remastered 2013,Don't Let Me Down ,5BhMoGrz5KzG2fA5uzHjZ1,3.314366667
Don't Let Me Down ,https://open.spotify.com/embed/track/5BhMoGrz5KzG2fA5uzHjZ1,Let It Be... Naked,The Beatles,13,Afternoon,2019,0,Don't Let Me Down - Naked Version / Remastered 2013 -- The Beatles,Spotify Listening History 2019 - 2022.csv,Don't Let Me Down - Naked Version / Remastered 2013,Don't Let Me Down ,5BhMoGrz5KzG2fA5uzHjZ1,3.314366667
Don't Let Me Down ,https://open.spotify.com/embed/track/5BhMoGrz5KzG2fA5uzHjZ1,Let It Be... Naked,The Beatles,19,Evening,2022,0,Don't Let Me Down - Naked Version / Remastered 2013 -- The Beatles,Spotify Listening History 2019 - 2022.csv,Don't Let Me Down - Naked Version / Remastered 2013,Don't Let Me Down ,5BhMoGrz5KzG2fA5uzHjZ1,3.314366667
Don't Let Me Down ,https://open.spotify.com/embed/track/5BhMoGrz5KzG2fA5uzHjZ1,Let It Be... Naked,The Beatles,18,Evening,2019,0,Don't Let Me Down - Naked Version / Remastered 2013 -- The Beatles,Spotify Listening History 2019 - 2022.csv,Don't Let Me Down - Naked Version / Remastered 2013,Don't Let Me Down ,5BhMoGrz5KzG2fA5uzHjZ1,3.314366667
Don't Let Me Down ,https://open.spotify.com/embed/track/5BhMoGrz5KzG2fA5uzHjZ1,Let It Be... Naked,The Beatles,13,Afternoon,2019,0,Don't Let Me Down - Naked Version / Remastered 2013 -- The Beatles,Spotify Listening History 2019 - 2022.csv,Don't Let Me Down - Naked Version / Remastered 2013,Don't Let Me Down ,5BhMoGrz5KzG2fA5uzHjZ1,3.314366667
Don't Let Me Down ,https://open.spotify.com/embed/track/5BhMoGrz5KzG2fA5uzHjZ1,Let It Be... Naked,The Beatles,12,Afternoon,2019,0,Don't Let Me Down - Naked Version / Remastered 2013 -- The Beatles,Spotify Listening History 2019 - 2022.csv,Don't Let Me Down - Naked Version / Remastered 2013,Don't Let Me Down ,5BhMoGrz5KzG2fA5uzHjZ1,3.314366667
Don't Let Me Down ,https://open.spotify.com/embed/track/5BhMoGrz5KzG2fA5uzHjZ1,Let It Be... Naked,The Beatles,8,Morning,2020,0,Don't Let Me Down - Naked Version / Remastered 2013 -- The Beatles,Spotify Listening History 2019 - 2022.csv,Don't Let Me Down - Naked Version / Remastered 2013,Don't Let Me Down ,5BhMoGrz5KzG2fA5uzHjZ1,3.314366667
Don't Let Me Down ,https://open.spotify.com/embed/track/5BhMoGrz5KzG2fA5uzHjZ1,Let It Be... Naked,The Beatles,12,Afternoon,2019,0,Don't Let Me Down - Naked Version / Remastered 2013 -- The Beatles,Spotify Listening History 2019 - 2022.csv,Don't Let Me Down - Naked Version / Remastered 2013,Don't Let Me Down ,5BhMoGrz5KzG2fA5uzHjZ1,3.314366667
Don't Let Me Down ,https://open.spotify.com/embed/track/5BhMoGrz5KzG2fA5uzHjZ1,Let It Be... Naked,The Beatles,23,Evening,2019,0,Don't Let Me Down - Naked Version / Remastered 2013 -- The Beatles,Spotify Listening History 2019 - 2022.csv,Don't Let Me Down - Naked Version / Remastered 2013,Don't Let Me Down ,5BhMoGrz5KzG2fA5uzHjZ1,3.314366667
Don't Let Me Down ,https://open.spotify.com/embed/track/5BhMoGrz5KzG2fA5uzHjZ1,Let It Be... Naked,The Beatles,16,Afternoon,2021,0,Don't Let Me Down - Naked Version / Remastered 2013 -- The Beatles,Spotify Listening History 2019 - 2022.csv,Don't Let Me Down - Naked Version / Remastered 2013,Don't Let Me Down ,5BhMoGrz5KzG2fA5uzHjZ1,1.790683333
Don't Let Me Down ,https://open.spotify.com/embed/track/5BhMoGrz5KzG2fA5uzHjZ1,Let It Be... Naked,The Beatles,14,Afternoon,2019,0,Don't Let Me Down - Naked Version / Remastered 2013 -- The Beatles,Spotify Listening History 2019 - 2022.csv,Don't Let Me Down - Naked Version / Remastered 2013,Don't Let Me Down ,5BhMoGrz5KzG2fA5uzHjZ1,3.314366667
Don't Let Me Down ,https://open.spotify.com/embed/track/5BhMoGrz5KzG2fA5uzHjZ1,Let It Be... Naked,The Beatles,14,Afternoon,2019,0,Don't Let Me Down - Naked Version / Remastered 2013 -- The Beatles,Spotify Listening History 2019 - 2022.csv,Don't Let Me Down - Naked Version / Remastered 2013,Don't Let Me Down ,5BhMoGrz5KzG2fA5uzHjZ1,3.314366667
Don't Let Me Down ,https://open.spotify.com/embed/track/5BhMoGrz5KzG2fA5uzHjZ1,Let It Be... Naked,The Beatles,13,Afternoon,2019,0,Don't Let Me Down - Naked Version / Remastered 2013 -- The Beatles,Spotify Listening History 2019 - 2022.csv,Don't Let Me Down - Naked Version / Remastered 2013,Don't Let Me Down ,5BhMoGrz5KzG2fA5uzHjZ1,3.314366667
Don't Let Me Down ,https://open.spotify.com/embed/track/5BhMoGrz5KzG2fA5uzHjZ1,Let It Be... Naked,The Beatles,12,Afternoon,2019,0,Don't Let Me Down - Naked Version / Remastered 2013 -- The Beatles,Spotify Listening History 2019 - 2022.csv,Don't Let Me Down - Naked Version / Remastered 2013,Don't Let Me Down ,5BhMoGrz5KzG2fA5uzHjZ1,3.314366667
Don't Let Me Down ,https://open.spotify.com/embed/track/5BhMoGrz5KzG2fA5uzHjZ1,Let It Be... Naked,The Beatles,11,Morning,2019,0,Don't Let Me Down - Naked Version / Remastered 2013 -- The Beatles,Spotify Listening History 2019 - 2022.csv,Don't Let Me Down - Naked Version / Remastered 2013,Don't Let Me Down ,5BhMoGrz5KzG2fA5uzHjZ1,3.314366667
Don't Let Me Down ,https://open.spotify.com/embed/track/5BhMoGrz5KzG2fA5uzHjZ1,Let It Be... Naked,The Beatles,19,Evening,2019,0,Don't Let Me Down - Naked Version / Remastered 2013 -- The Beatles,Spotify Listening History 2019 - 2022.csv,Don't Let Me Down - Naked Version / Remastered 2013,Don't Let Me Down ,5BhMoGrz5KzG2fA5uzHjZ1,3.314366667
Don't Let Me Down ,https://open.spotify.com/embed/track/5BhMoGrz5KzG2fA5uzHjZ1,Let It Be... Naked,The Beatles,18,Evening,2019,0,Don't Let Me Down - Naked Version / Remastered 2013 -- The Beatles,Spotify Listening History 2019 - 2022.csv,Don't Let Me Down - Naked Version / Remastered 2013,Don't Let Me Down ,5BhMoGrz5KzG2fA5uzHjZ1,3.314366667
Don't Let Me Down ,https://open.spotify.com/embed/track/5BhMoGrz5KzG2fA5uzHjZ1,Let It Be... Naked,The Beatles,17,Afternoon,2019,0,Don't Let Me Down - Naked Version / Remastered 2013 -- The Beatles,Spotify Listening History 2019 - 2022.csv,Don't Let Me Down - Naked Version / Remastered 2013,Don't Let Me Down ,5BhMoGrz5KzG2fA5uzHjZ1,3.314366667
Don't Let Me Down ,https://open.spotify.com/embed/track/5BhMoGrz5KzG2fA5uzHjZ1,Let It Be... Naked,The Beatles,17,Afternoon,2019,0,Don't Let Me Down - Naked Version / Remastered 2013 -- The Beatles,Spotify Listening History 2019 - 2022.csv,Don't Let Me Down - Naked Version / Remastered 2013,Don't Let Me Down ,5BhMoGrz5KzG2fA5uzHjZ1,3.314366667
Don't Let Me Down ,https://open.spotify.com/embed/track/5BhMoGrz5KzG2fA5uzHjZ1,Let It Be... Naked,The Beatles,17,Afternoon,2019,0,Don't Let Me Down - Naked Version / Remastered 2013 -- The Beatles,Spotify Listening History 2019 - 2022.csv,Don't Let Me Down - Naked Version / Remastered 2013,Don't Let Me Down ,5BhMoGrz5KzG2fA5uzHjZ1,3.314366667
Don't Let Me Down ,https://open.spotify.com/embed/track/5BhMoGrz5KzG2fA5uzHjZ1,Let It Be... Naked,The Beatles,15,Afternoon,2019,0,Don't Let Me Down - Naked Version / Remastered 2013 -- The Beatles,Spotify Listening History 2019 - 2022.csv,Don't Let Me Down - Naked Version / Remastered 2013,Don't Let Me Down ,5BhMoGrz5KzG2fA5uzHjZ1,3.314366667
Don't Let Me Down ,https://open.spotify.com/embed/track/5BhMoGrz5KzG2fA5uzHjZ1,Let It Be... Naked,The Beatles,14,Afternoon,2019,0,Don't Let Me Down - Naked Version / Remastered 2013 -- The Beatles,Spotify Listening History 2019 - 2022.csv,Don't Let Me Down - Naked Version / Remastered 2013,Don't Let Me Down ,5BhMoGrz5KzG2fA5uzHjZ1,3.314366667
Don't Let Me Down ,https://open.spotify.com/embed/track/5BhMoGrz5KzG2fA5uzHjZ1,Let It Be... Naked,The Beatles,14,Afternoon,2019,0,Don't Let Me Down - Naked Version / Remastered 2013 -- The Beatles,Spotify Listening History 2019 - 2022.csv,Don't Let Me Down - Naked Version / Remastered 2013,Don't Let Me Down ,5BhMoGrz5KzG2fA5uzHjZ1,3.314366667
Don't Let Me Down ,https://open.spotify.com/embed/track/5BhMoGrz5KzG2fA5uzHjZ1,Let It Be... Naked,The Beatles,0,Night,2019,0,Don't Let Me Down - Naked Version / Remastered 2013 -- The Beatles,Spotify Listening History 2019 - 2022.csv,Don't Let Me Down - Naked Version / Remastered 2013,Don't Let Me Down ,5BhMoGrz5KzG2fA5uzHjZ1,3.314366667
Don't Let Me Down ,https://open.spotify.com/embed/track/5BhMoGrz5KzG2fA5uzHjZ1,Let It Be... Naked,The Beatles,0,Night,2019,0,Don't Let Me Down - Naked Version / Remastered 2013 -- The Beatles,Spotify Listening History 2019 - 2022.csv,Don't Let Me Down - Naked Version / Remastered 2013,Don't Let Me Down ,5BhMoGrz5KzG2fA5uzHjZ1,5.227316667
Don't Let Me Down ,https://open.spotify.com/embed/track/5BhMoGrz5KzG2fA5uzHjZ1,Let It Be... Naked,The Beatles,17,Afternoon,2021,0,Don't Let Me Down - Naked Version / Remastered 2013 -- The Beatles,Spotify Listening History 2019 - 2022.csv,Don't Let Me Down - Naked Version / Remastered 2013,Don't Let Me Down ,5BhMoGrz5KzG2fA5uzHjZ1,3.314366667
Don't Let Me Down ,https://open.spotify.com/embed/track/5BhMoGrz5KzG2fA5uzHjZ1,Let It Be... Naked,The Beatles,15,Afternoon,2020,0,Don't Let Me Down - Naked Version / Remastered 2013 -- The Beatles,Spotify Listening History 2019 - 2022.csv,Don't Let Me Down - Naked Version / Remastered 2013,Don't Let Me Down ,5BhMoGrz5KzG2fA5uzHjZ1,4.247333333
Don't Let Me Down ,https://open.spotify.com/embed/track/5BhMoGrz5KzG2fA5uzHjZ1,Let It Be... Naked,The Beatles,15,Afternoon,2019,0,Don't Let Me Down - Naked Version / Remastered 2013 -- The Beatles,Spotify Listening History 2019 - 2022.csv,Don't Let Me Down - Naked Version / Remastered 2013,Don't Let Me Down ,5BhMoGrz5KzG2fA5uzHjZ1,3.314366667
Don't Let Me Down ,https://open.spotify.com/embed/track/5BhMoGrz5KzG2fA5uzHjZ1,Let It Be... Naked,The Beatles,14,Afternoon,2020,0,Don't Let Me Down - Naked Version / Remastered 2013 -- The Beatles,Spotify Listening History 2019 - 2022.csv,Don't Let Me Down - Naked Version / Remastered 2013,Don't Let Me Down ,5BhMoGrz5KzG2fA5uzHjZ1,3.314366667
Don't Let Me Down ,https://open.spotify.com/embed/track/5BhMoGrz5KzG2fA5uzHjZ1,Let It Be... Naked,The Beatles,13,Afternoon,2020,0,Don't Let Me Down - Naked Version / Remastered 2013 -- The Beatles,Spotify Listening History 2019 - 2022.csv,Don't Let Me Down - Naked Version / Remastered 2013,Don't Let Me Down ,5BhMoGrz5KzG2fA5uzHjZ1,3.314366667
Don't Let Me Down ,https://open.spotify.com/embed/track/5BhMoGrz5KzG2fA5uzHjZ1,Let It Be... Naked,The Beatles,10,Morning,2019,0,Don't Let Me Down - Naked Version / Remastered 2013 -- The Beatles,Spotify Listening History 2019 - 2022.csv,Don't Let Me Down - Naked Version / Remastered 2013,Don't Let Me Down ,5BhMoGrz5KzG2fA5uzHjZ1,3.314366667
Don't Let Me Down ,https://open.spotify.com/embed/track/5BhMoGrz5KzG2fA5uzHjZ1,Let It Be... Naked,The Beatles,10,Morning,2019,0,Don't Let Me Down - Naked Version / Remastered 2013 -- The Beatles,Spotify Listening History 2019 - 2022.csv,Don't Let Me Down - Naked Version / Remastered 2013,Don't Let Me Down ,5BhMoGrz5KzG2fA5uzHjZ1,3.314366667
Don't Let Me Down ,https://open.spotify.com/embed/track/5BhMoGrz5KzG2fA5uzHjZ1,Let It Be... Naked,The Beatles,18,Evening,2019,0,Don't Let Me Down - Naked Version / Remastered 2013 -- The Beatles,Spotify Listening History 2019 - 2022.csv,Don't Let Me Down - Naked Version / Remastered 2013,Don't Let Me Down ,5BhMoGrz5KzG2fA5uzHjZ1,3.314366667
Don't Let Me Down ,https://open.spotify.com/embed/track/5BhMoGrz5KzG2fA5uzHjZ1,Let It Be... Naked,The Beatles,17,Afternoon,2020,0,Don't Let Me Down - Naked Version / Remastered 2013 -- The Beatles,Spotify Listening History 2019 - 2022.csv,Don't Let Me Down - Naked Version / Remastered 2013,Don't Let Me Down ,5BhMoGrz5KzG2fA5uzHjZ1,3.314366667
Don't Let Me Down ,https://open.spotify.com/embed/track/5BhMoGrz5KzG2fA5uzHjZ1,Let It Be... Naked,The Beatles,15,Afternoon,2020,0,Don't Let Me Down - Naked Version / Remastered 2013 -- The Beatles,Spotify Listening History 2019 - 2022.csv,Don't Let Me Down - Naked Version / Remastered 2013,Don't Let Me Down ,5BhMoGrz5KzG2fA5uzHjZ1,3.314366667
Don't Let Me Down ,https://open.spotify.com/embed/track/5BhMoGrz5KzG2fA5uzHjZ1,Let It Be... Naked,The Beatles,17,Afternoon,2019,0,Don't Let Me Down - Naked Version / Remastered 2013 -- The Beatles,Spotify Listening History 2019 - 2022.csv,Don't Let Me Down - Naked Version / Remastered 2013,Don't Let Me Down ,5BhMoGrz5KzG2fA5uzHjZ1,3.314366667
Don't Let Me Down ,https://open.spotify.com/embed/track/5BhMoGrz5KzG2fA5uzHjZ1,Let It Be... Naked,The Beatles,9,Morning,2019,0,Don't Let Me Down - Naked Version / Remastered 2013 -- The Beatles,Spotify Listening History 2019 - 2022.csv,Don't Let Me Down - Naked Version / Remastered 2013,Don't Let Me Down ,5BhMoGrz5KzG2fA5uzHjZ1,3.314366667
Don't Let Me Down ,https://open.spotify.com/embed/track/5BhMoGrz5KzG2fA5uzHjZ1,Let It Be... Naked,The Beatles,18,Evening,2020,0,Don't Let Me Down - Naked Version / Remastered 2013 -- The Beatles,Spotify Listening History 2019 - 2022.csv,Don't Let Me Down - Naked Version / Remastered 2013,Don't Let Me Down ,5BhMoGrz5KzG2fA5uzHjZ1,2.061916667
Don't Let Me Down ,https://open.spotify.com/embed/track/5BhMoGrz5KzG2fA5uzHjZ1,Let It Be... Naked,The Beatles,13,Afternoon,2020,0,Don't Let Me Down - Naked Version / Remastered 2013 -- The Beatles,Spotify Listening History 2019 - 2022.csv,Don't Let Me Down - Naked Version / Remastered 2013,Don't Let Me Down ,5BhMoGrz5KzG2fA5uzHjZ1,3.314366667
Don't Let Me Down ,https://open.spotify.com/embed/track/5BhMoGrz5KzG2fA5uzHjZ1,Let It Be... Naked,The Beatles,16,Afternoon,2020,0,Don't Let Me Down - Naked Version / Remastered 2013 -- The Beatles,Spotify Listening History 2019 - 2022.csv,Don't Let Me Down - Naked Version / Remastered 2013,Don't Let Me Down ,5BhMoGrz5KzG2fA5uzHjZ1,2.5747
Don't Let Me Down ,https://open.spotify.com/embed/track/5BhMoGrz5KzG2fA5uzHjZ1,Let It Be... Naked,The Beatles,20,Evening,2019,0,Don't Let Me Down - Naked Version / Remastered 2013 -- The Beatles,Spotify Listening History 2019 - 2022.csv,Don't Let Me Down - Naked Version / Remastered 2013,Don't Let Me Down ,5BhMoGrz5KzG2fA5uzHjZ1,3.314366667
Don't Let Me Down ,https://open.spotify.com/embed/track/5BhMoGrz5KzG2fA5uzHjZ1,Let It Be... Naked,The Beatles,14,Afternoon,2020,0,Don't Let Me Down - Naked Version / Remastered 2013 -- The Beatles,Spotify Listening History 2019 - 2022.csv,Don't Let Me Down - Naked Version / Remastered 2013,Don't Let Me Down ,5BhMoGrz5KzG2fA5uzHjZ1,2.225833333
Don't Let Me Down ,https://open.spotify.com/embed/track/5BhMoGrz5KzG2fA5uzHjZ1,Let It Be... Naked,The Beatles,13,Afternoon,2019,0,Don't Let Me Down - Naked Version / Remastered 2013 -- The Beatles,Spotify Listening History 2019 - 2022.csv,Don't Let Me Down - Naked Version / Remastered 2013,Don't Let Me Down ,5BhMoGrz5KzG2fA5uzHjZ1,3.314366667
Don't Let Me Down ,https://open.spotify.com/embed/track/5BhMoGrz5KzG2fA5uzHjZ1,Let It Be... Naked,The Beatles,23,Evening,2020,0,Don't Let Me Down - Naked Version / Remastered 2013 -- The Beatles,Spotify Listening History 2019 - 2022.csv,Don't Let Me Down - Naked Version / Remastered 2013,Don't Let Me Down ,5BhMoGrz5KzG2fA5uzHjZ1,3.314366667
Don't Let Me Down ,https://open.spotify.com/embed/track/5BhMoGrz5KzG2fA5uzHjZ1,Let It Be... Naked,The Beatles,13,Afternoon,2021,0,Don't Let Me Down - Naked Version / Remastered 2013 -- The Beatles,Spotify Listening History 2019 - 2022.csv,Don't Let Me Down - Naked Version / Remastered 2013,Don't Let Me Down ,5BhMoGrz5KzG2fA5uzHjZ1,3.314366667
Don't Let Me Down ,https://open.spotify.com/embed/track/5BhMoGrz5KzG2fA5uzHjZ1,Let It Be... Naked,The Beatles,14,Afternoon,2019,0,Don't Let Me Down - Naked Version / Remastered 2013 -- The Beatles,Spotify Listening History 2019 - 2022.csv,Don't Let Me Down - Naked Version / Remastered 2013,Don't Let Me Down ,5BhMoGrz5KzG2fA5uzHjZ1,3.314366667
Don't Let Me Down ,https://open.spotify.com/embed/track/5BhMoGrz5KzG2fA5uzHjZ1,Let It Be... Naked,The Beatles,15,Afternoon,2020,0,Don't Let Me Down - Naked Version / Remastered 2013 -- The Beatles,Spotify Listening History 2019 - 2022.csv,Don't Let Me Down - Naked Version / Remastered 2013,Don't Let Me Down ,5BhMoGrz5KzG2fA5uzHjZ1,3.314366667
Don't Let Me Down ,https://open.spotify.com/embed/track/5BhMoGrz5KzG2fA5uzHjZ1,Let It Be... Naked,The Beatles,18,Evening,2021,0,Don't Let Me Down - Naked Version / Remastered 2013 -- The Beatles,Spotify Listening History 2019 - 2022.csv,Don't Let Me Down - Naked Version / Remastered 2013,Don't Let Me Down ,5BhMoGrz5KzG2fA5uzHjZ1,3.314366667
Don't Let Me Down ,https://open.spotify.com/embed/track/5BhMoGrz5KzG2fA5uzHjZ1,Let It Be... Naked,The Beatles,7,Morning,2019,0,Don't Let Me Down - Naked Version / Remastered 2013 -- The Beatles,Spotify Listening History 2019 - 2022.csv,Don't Let Me Down - Naked Version / Remastered 2013,Don't Let Me Down ,5BhMoGrz5KzG2fA5uzHjZ1,3.314366667
Don't Let Me Down ,https://open.spotify.com/embed/track/5BhMoGrz5KzG2fA5uzHjZ1,Let It Be... Naked,The Beatles,13,Afternoon,2020,0,Don't Let Me Down - Naked Version / Remastered 2013 -- The Beatles,Spotify Listening History 2019 - 2022.csv,Don't Let Me Down - Naked Version / Remastered 2013,Don't Let Me Down ,5BhMoGrz5KzG2fA5uzHjZ1,3.314366667
Don't Let Me Down ,https://open.spotify.com/embed/track/5BhMoGrz5KzG2fA5uzHjZ1,Let It Be... Naked,The Beatles,18,Evening,2020,0,Don't Let Me Down - Naked Version / Remastered 2013 -- The Beatles,Spotify Listening History 2019 - 2022.csv,Don't Let Me Down - Naked Version / Remastered 2013,Don't Let Me Down ,5BhMoGrz5KzG2fA5uzHjZ1,3.314366667
Don't Let Me Down ,https://open.spotify.com/embed/track/5BhMoGrz5KzG2fA5uzHjZ1,Let It Be... Naked,The Beatles,14,Afternoon,2020,0,Don't Let Me Down - Naked Version / Remastered 2013 -- The Beatles,Spotify Listening History 2019 - 2022.csv,Don't Let Me Down - Naked Version / Remastered 2013,Don't Let Me Down ,5BhMoGrz5KzG2fA5uzHjZ1,3.314366667
Don't Let Me Down ,https://open.spotify.com/embed/track/5BhMoGrz5KzG2fA5uzHjZ1,Let It Be... Naked,The Beatles,17,Afternoon,2019,0,Don't Let Me Down - Naked Version / Remastered 2013 -- The Beatles,Spotify Listening History 2019 - 2022.csv,Don't Let Me Down - Naked Version / Remastered 2013,Don't Let Me Down ,5BhMoGrz5KzG2fA5uzHjZ1,3.314366667
Don't Let Me Down ,https://open.spotify.com/embed/track/5BhMoGrz5KzG2fA5uzHjZ1,Let It Be... Naked,The Beatles,16,Afternoon,2019,0,Don't Let Me Down - Naked Version / Remastered 2013 -- The Beatles,Spotify Listening History 2019 - 2022.csv,Don't Let Me Down - Naked Version / Remastered 2013,Don't Let Me Down ,5BhMoGrz5KzG2fA5uzHjZ1,3.314366667
Don't Let Me Down ,https://open.spotify.com/embed/track/5BhMoGrz5KzG2fA5uzHjZ1,Let It Be... Naked,The Beatles,20,Evening,2019,0,Don't Let Me Down - Naked Version / Remastered 2013 -- The Beatles,Spotify Listening History 2019 - 2022.csv,Don't Let Me Down - Naked Version / Remastered 2013,Don't Let Me Down ,5BhMoGrz5KzG2fA5uzHjZ1,1.9408
Don't Let Me Down ,https://open.spotify.com/embed/track/5BhMoGrz5KzG2fA5uzHjZ1,Let It Be... Naked,The Beatles,14,Afternoon,2019,0,Don't Let Me Down - Naked Version / Remastered 2013 -- The Beatles,Spotify Listening History 2019 - 2022.csv,Don't Let Me Down - Naked Version / Remastered 2013,Don't Let Me Down ,5BhMoGrz5KzG2fA5uzHjZ1,3.314366667
Don't Let Me Down ,https://open.spotify.com/embed/track/5BhMoGrz5KzG2fA5uzHjZ1,Let It Be... Naked,The Beatles,19,Evening,2019,0,Don't Let Me Down - Naked Version / Remastered 2013 -- The Beatles,Spotify Listening History 2019 - 2022.csv,Don't Let Me Down - Naked Version / Remastered 2013,Don't Let Me Down ,5BhMoGrz5KzG2fA5uzHjZ1,3.02425
Don't Let Me Down ,https://open.spotify.com/embed/track/5BhMoGrz5KzG2fA5uzHjZ1,Let It Be... Naked,The Beatles,17,Afternoon,2019,0,Don't Let Me Down - Naked Version / Remastered 2013 -- The Beatles,Spotify Listening History 2019 - 2022.csv,Don't Let Me Down - Naked Version / Remastered 2013,Don't Let Me Down ,5BhMoGrz5KzG2fA5uzHjZ1,3.135066667
Don't Let Me Down ,https://open.spotify.com/embed/track/5BhMoGrz5KzG2fA5uzHjZ1,Let It Be... Naked,The Beatles,10,Morning,2021,0,Don't Let Me Down - Naked Version / Remastered 2013 -- The Beatles,Spotify Listening History 2019 - 2022.csv,Don't Let Me Down - Naked Version / Remastered 2013,Don't Let Me Down ,5BhMoGrz5KzG2fA5uzHjZ1,3.314366667
Don't Let Me Down ,https://open.spotify.com/embed/track/5BhMoGrz5KzG2fA5uzHjZ1,Let It Be... Naked,The Beatles,10,Morning,2019,0,Don't Let Me Down - Naked Version / Remastered 2013 -- The Beatles,Spotify Listening History 2019 - 2022.csv,Don't Let Me Down - Naked Version / Remastered 2013,Don't Let Me Down ,5BhMoGrz5KzG2fA5uzHjZ1,3.314366667
Don't Let Me Down ,https://open.spotify.com/embed/track/5BhMoGrz5KzG2fA5uzHjZ1,Let It Be... Naked,The Beatles,19,Evening,2019,0,Don't Let Me Down - Naked Version / Remastered 2013 -- The Beatles,Spotify Listening History 2019 - 2022.csv,Don't Let Me Down - Naked Version / Remastered 2013,Don't Let Me Down ,5BhMoGrz5KzG2fA5uzHjZ1,2.933066667
Don't Let Me Down ,https://open.spotify.com/embed/track/5BhMoGrz5KzG2fA5uzHjZ1,Let It Be... Naked,The Beatles,23,Evening,2020,0,Don't Let Me Down - Naked Version / Remastered 2013 -- The Beatles,Spotify Listening History 2019 - 2022.csv,Don't Let Me Down - Naked Version / Remastered 2013,Don't Let Me Down ,5BhMoGrz5KzG2fA5uzHjZ1,2.250783333
Don't Let Me Down ,https://open.spotify.com/embed/track/5BhMoGrz5KzG2fA5uzHjZ1,Let It Be... Naked,The Beatles,12,Afternoon,2019,0,Don't Let Me Down - Naked Version / Remastered 2013 -- The Beatles,Spotify Listening History 2019 - 2022.csv,Don't Let Me Down - Naked Version / Remastered 2013,Don't Let Me Down ,5BhMoGrz5KzG2fA5uzHjZ1,2.577016667
Don't Let Me Down ,https://open.spotify.com/embed/track/5BhMoGrz5KzG2fA5uzHjZ1,Let It Be... Naked,The Beatles,12,Afternoon,2021,0,Don't Let Me Down - Naked Version / Remastered 2013 -- The Beatles,Spotify Listening History 2019 - 2022.csv,Don't Let Me Down - Naked Version / Remastered 2013,Don't Let Me Down ,5BhMoGrz5KzG2fA5uzHjZ1,2.375816667
Don't Let Me Down ,https://open.spotify.com/embed/track/5BhMoGrz5KzG2fA5uzHjZ1,Let It Be... Naked,The Beatles,18,Evening,2020,0,Don't Let Me Down - Naked Version / Remastered 2013 -- The Beatles,Spotify Listening History 2019 - 2022.csv,Don't Let Me Down - Naked Version / Remastered 2013,Don't Let Me Down ,5BhMoGrz5KzG2fA5uzHjZ1,3.314366667
Don't Let Me Down ,https://open.spotify.com/embed/track/5BhMoGrz5KzG2fA5uzHjZ1,Let It Be... Naked,The Beatles,16,Afternoon,2020,0,Don't Let Me Down - Naked Version / Remastered 2013 -- The Beatles,Spotify Listening History 2019 - 2022.csv,Don't Let Me Down - Naked Version / Remastered 2013,Don't Let Me Down ,5BhMoGrz5KzG2fA5uzHjZ1,3.314366667
Don't Let Me Down ,https://open.spotify.com/embed/track/5BhMoGrz5KzG2fA5uzHjZ1,Let It Be... Naked,The Beatles,10,Morning,2019,0,Don't Let Me Down - Naked Version / Remastered 2013 -- The Beatles,Spotify Listening History 2019 - 2022.csv,Don't Let Me Down - Naked Version / Remastered 2013,Don't Let Me Down ,5BhMoGrz5KzG2fA5uzHjZ1,3.314366667
Don't Let Me Down ,https://open.spotify.com/embed/track/5BhMoGrz5KzG2fA5uzHjZ1,Let It Be... Naked,The Beatles,18,Evening,2019,0,Don't Let Me Down - Naked Version / Remastered 2013 -- The Beatles,Spotify Listening History 2019 - 2022.csv,Don't Let Me Down - Naked Version / Remastered 2013,Don't Let Me Down ,5BhMoGrz5KzG2fA5uzHjZ1,3.314366667
Don't Let Me Down ,https://open.spotify.com/embed/track/5BhMoGrz5KzG2fA5uzHjZ1,Let It Be... Naked,The Beatles,12,Afternoon,2020,0,Don't Let Me Down - Naked Version / Remastered 2013 -- The Beatles,Spotify Listening History 2019 - 2022.csv,Don't Let Me Down - Naked Version / Remastered 2013,Don't Let Me Down ,5BhMoGrz5KzG2fA5uzHjZ1,3.314366667
Don't Let Me Down ,https://open.spotify.com/embed/track/5BhMoGrz5KzG2fA5uzHjZ1,Let It Be... Naked,The Beatles,14,Afternoon,2019,0,Don't Let Me Down - Naked Version / Remastered 2013 -- The Beatles,Spotify Listening History 2019 - 2022.csv,Don't Let Me Down - Naked Version / Remastered 2013,Don't Let Me Down ,5BhMoGrz5KzG2fA5uzHjZ1,3.314366667
Don't Let Me Down ,https://open.spotify.com/embed/track/5BhMoGrz5KzG2fA5uzHjZ1,Let It Be... Naked,The Beatles,13,Afternoon,2019,0,Don't Let Me Down - Naked Version / Remastered 2013 -- The Beatles,Spotify Listening History 2019 - 2022.csv,Don't Let Me Down - Naked Version / Remastered 2013,Don't Let Me Down ,5BhMoGrz5KzG2fA5uzHjZ1,3.314366667
Don't Let Me Down ,https://open.spotify.com/embed/track/5BhMoGrz5KzG2fA5uzHjZ1,Let It Be... Naked,The Beatles,22,Evening,2019,0,Don't Let Me Down - Naked Version / Remastered 2013 -- The Beatles,Spotify Listening History 2019 - 2022.csv,Don't Let Me Down - Naked Version / Remastered 2013,Don't Let Me Down ,5BhMoGrz5KzG2fA5uzHjZ1,1.984983333
Don't Let Me Down ,https://open.spotify.com/embed/track/5BhMoGrz5KzG2fA5uzHjZ1,Let It Be... Naked,The Beatles,23,Evening,2020,0,Don't Let Me Down - Naked Version / Remastered 2013 -- The Beatles,Spotify Listening History 2019 - 2022.csv,Don't Let Me Down - Naked Version / Remastered 2013,Don't Let Me Down ,5BhMoGrz5KzG2fA5uzHjZ1,3.314366667
Don't Let Me Down ,https://open.spotify.com/embed/track/5BhMoGrz5KzG2fA5uzHjZ1,Let It Be... Naked,The Beatles,13,Afternoon,2021,0,Don't Let Me Down - Naked Version / Remastered 2013 -- The Beatles,Spotify Listening History 2019 - 2022.csv,Don't Let Me Down - Naked Version / Remastered 2013,Don't Let Me Down ,5BhMoGrz5KzG2fA5uzHjZ1,3.314366667
Don't Let Me Down ,https://open.spotify.com/embed/track/5BhMoGrz5KzG2fA5uzHjZ1,Let It Be... Naked,The Beatles,20,Evening,2019,0,Don't Let Me Down - Naked Version / Remastered 2013 -- The Beatles,Spotify Listening History 2019 - 2022.csv,Don't Let Me Down - Naked Version / Remastered 2013,Don't Let Me Down ,5BhMoGrz5KzG2fA5uzHjZ1,3.314366667
Don't Let Me Down ,https://open.spotify.com/embed/track/5BhMoGrz5KzG2fA5uzHjZ1,Let It Be... Naked,The Beatles,23,Evening,2021,0,Don't Let Me Down - Naked Version / Remastered 2013 -- The Beatles,Spotify Listening History 2019 - 2022.csv,Don't Let Me Down - Naked Version / Remastered 2013,Don't Let Me Down ,5BhMoGrz5KzG2fA5uzHjZ1,3.314366667
Don't Let Me Down ,https://open.spotify.com/embed/track/5BhMoGrz5KzG2fA5uzHjZ1,Let It Be... Naked,The Beatles,10,Morning,2019,0,Don't Let Me Down - Naked Version / Remastered 2013 -- The Beatles,Spotify Listening History 2019 - 2022.csv,Don't Let Me Down - Naked Version / Remastered 2013,Don't Let Me Down ,5BhMoGrz5KzG2fA5uzHjZ1,2.1369
Don't Let Me Down ,https://open.spotify.com/embed/track/5BhMoGrz5KzG2fA5uzHjZ1,Let It Be... Naked,The Beatles,15,Afternoon,2019,0,Don't Let Me Down - Naked Version / Remastered 2013 -- The Beatles,Spotify Listening History 2019 - 2022.csv,Don't Let Me Down - Naked Version / Remastered 2013,Don't Let Me Down ,5BhMoGrz5KzG2fA5uzHjZ1,3.314366667
Don't Let Me Down ,https://open.spotify.com/embed/track/5BhMoGrz5KzG2fA5uzHjZ1,Let It Be... Naked,The Beatles,11,Morning,2019,0,Don't Let Me Down - Naked Version / Remastered 2013 -- The Beatles,Spotify Listening History 2019 - 2022.csv,Don't Let Me Down - Naked Version / Remastered 2013,Don't Let Me Down ,5BhMoGrz5KzG2fA5uzHjZ1,2.85615
Don't Let Me Down ,https://open.spotify.com/embed/track/5BhMoGrz5KzG2fA5uzHjZ1,Let It Be... Naked,The Beatles,13,Afternoon,2019,0,Don't Let Me Down - Naked Version / Remastered 2013 -- The Beatles,Spotify Listening History 2019 - 2022.csv,Don't Let Me Down - Naked Version / Remastered 2013,Don't Let Me Down ,5BhMoGrz5KzG2fA5uzHjZ1,2.0334
Don't Let Me Down ,https://open.spotify.com/embed/track/5BhMoGrz5KzG2fA5uzHjZ1,Let It Be... Naked,The Beatles,22,Evening,2019,0,Don't Let Me Down - Naked Version / Remastered 2013 -- The Beatles,Spotify Listening History 2019 - 2022.csv,Don't Let Me Down - Naked Version / Remastered 2013,Don't Let Me Down ,5BhMoGrz5KzG2fA5uzHjZ1,3.314366667
Don't Let Me Down ,https://open.spotify.com/embed/track/5BhMoGrz5KzG2fA5uzHjZ1,Let It Be... Naked,The Beatles,9,Morning,2020,0,Don't Let Me Down - Naked Version / Remastered 2013 -- The Beatles,Spotify Listening History 2019 - 2022.csv,Don't Let Me Down - Naked Version / Remastered 2013,Don't Let Me Down ,5BhMoGrz5KzG2fA5uzHjZ1,3.314366667
Don't Let Me Down ,https://open.spotify.com/embed/track/5BhMoGrz5KzG2fA5uzHjZ1,Let It Be... Naked,The Beatles,11,Morning,2019,0,Don't Let Me Down - Naked Version / Remastered 2013 -- The Beatles,Spotify Listening History 2019 - 2022.csv,Don't Let Me Down - Naked Version / Remastered 2013,Don't Let Me Down ,5BhMoGrz5KzG2fA5uzHjZ1,15.136616667
Don't Let Me Down ,https://open.spotify.com/embed/track/5BhMoGrz5KzG2fA5uzHjZ1,Let It Be... Naked,The Beatles,14,Afternoon,2020,0,Don't Let Me Down - Naked Version / Remastered 2013 -- The Beatles,Spotify Listening History 2019 - 2022.csv,Don't Let Me Down - Naked Version / Remastered 2013,Don't Let Me Down ,5BhMoGrz5KzG2fA5uzHjZ1,3.314366667
Don't Let Me Down ,https://open.spotify.com/embed/track/5BhMoGrz5KzG2fA5uzHjZ1,Let It Be... Naked,The Beatles,10,Morning,2019,0,Don't Let Me Down - Naked Version / Remastered 2013 -- The Beatles,Spotify Listening History 2019 - 2022.csv,Don't Let Me Down - Naked Version / Remastered 2013,Don't Let Me Down ,5BhMoGrz5KzG2fA5uzHjZ1,3.314366667
Don't Let Me Down ,https://open.spotify.com/embed/track/5BhMoGrz5KzG2fA5uzHjZ1,Let It Be... Naked,The Beatles,16,Afternoon,2020,0,Don't Let Me Down - Naked Version / Remastered 2013 -- The Beatles,Spotify Listening History 2019 - 2022.csv,Don't Let Me Down - Naked Version / Remastered 2013,Don't Let Me Down ,5BhMoGrz5KzG2fA5uzHjZ1,3.314366667
Don't Let Me Down ,https://open.spotify.com/embed/track/5BhMoGrz5KzG2fA5uzHjZ1,Let It Be... Naked,The Beatles,13,Afternoon,2019,0,Don't Let Me Down - Naked Version / Remastered 2013 -- The Beatles,Spotify Listening History 2019 - 2022.csv,Don't Let Me Down - Naked Version / Remastered 2013,Don't Let Me Down ,5BhMoGrz5KzG2fA5uzHjZ1,6.4692
Don't Let Me Down ,https://open.spotify.com/embed/track/5BhMoGrz5KzG2fA5uzHjZ1,Let It Be... Naked,The Beatles,10,Morning,2019,0,Don't Let Me Down - Naked Version / Remastered 2013 -- The Beatles,Spotify Listening History 2019 - 2022.csv,Don't Let Me Down - Naked Version / Remastered 2013,Don't Let Me Down ,5BhMoGrz5KzG2fA5uzHjZ1,3.314366667
Don't Let Me Down ,https://open.spotify.com/embed/track/5BhMoGrz5KzG2fA5uzHjZ1,Let It Be... Naked,The Beatles,15,Afternoon,2021,0,Don't Let Me Down - Naked Version / Remastered 2013 -- The Beatles,Spotify Listening History 2019 - 2022.csv,Don't Let Me Down - Naked Version / Remastered 2013,Don't Let Me Down ,5BhMoGrz5KzG2fA5uzHjZ1,3.314366667
Don't Let Me Down ,https://open.spotify.com/embed/track/5BhMoGrz5KzG2fA5uzHjZ1,Let It Be... Naked,The Beatles,13,Afternoon,2019,0,Don't Let Me Down - Naked Version / Remastered 2013 -- The Beatles,Spotify Listening History 2019 - 2022.csv,Don't Let Me Down - Naked Version / Remastered 2013,Don't Let Me Down ,5BhMoGrz5KzG2fA5uzHjZ1,2.020433333
Don't Let Me Down ,https://open.spotify.com/embed/track/5BhMoGrz5KzG2fA5uzHjZ1,Let It Be... Naked,The Beatles,15,Afternoon,2020,0,Don't Let Me Down - Naked Version / Remastered 2013 -- The Beatles,Spotify Listening History 2019 - 2022.csv,Don't Let Me Down - Naked Version / Remastered 2013,Don't Let Me Down ,5BhMoGrz5KzG2fA5uzHjZ1,3.314366667
Don't Let Me Down ,https://open.spotify.com/embed/track/5BhMoGrz5KzG2fA5uzHjZ1,Let It Be... Naked,The Beatles,14,Afternoon,2021,0,Don't Let Me Down - Naked Version / Remastered 2013 -- The Beatles,Spotify Listening History 2019 - 2022.csv,Don't Let Me Down - Naked Version / Remastered 2013,Don't Let Me Down ,5BhMoGrz5KzG2fA5uzHjZ1,3.314366667
Don't Let Me Down ,https://open.spotify.com/embed/track/5BhMoGrz5KzG2fA5uzHjZ1,Let It Be... Naked,The Beatles,15,Afternoon,2020,0,Don't Let Me Down - Naked Version / Remastered 2013 -- The Beatles,Spotify Listening History 2019 - 2022.csv,Don't Let Me Down - Naked Version / Remastered 2013,Don't Let Me Down ,5BhMoGrz5KzG2fA5uzHjZ1,3.314366667
Don't Let Me Down ,https://open.spotify.com/embed/track/5BhMoGrz5KzG2fA5uzHjZ1,Let It Be... Naked,The Beatles,11,Morning,2021,0,Don't Let Me Down - Naked Version / Remastered 2013 -- The Beatles,Spotify Listening History 2019 - 2022.csv,Don't Let Me Down - Naked Version / Remastered 2013,Don't Let Me Down ,5BhMoGrz5KzG2fA5uzHjZ1,3.314366667
Don't Let Me Down ,https://open.spotify.com/embed/track/5BhMoGrz5KzG2fA5uzHjZ1,Let It Be... Naked,The Beatles,0,Night,2019,0,Don't Let Me Down - Naked Version / Remastered 2013 -- The Beatles,Spotify Listening History 2019 - 2022.csv,Don't Let Me Down - Naked Version / Remastered 2013,Don't Let Me Down ,5BhMoGrz5KzG2fA5uzHjZ1,2.164083333
Don't Let Me Down ,https://open.spotify.com/embed/track/5BhMoGrz5KzG2fA5uzHjZ1,Let It Be... Naked,The Beatles,10,Morning,2019,0,Don't Let Me Down - Naked Version / Remastered 2013 -- The Beatles,Spotify Listening History 2019 - 2022.csv,Don't Let Me Down - Naked Version / Remastered 2013,Don't Let Me Down ,5BhMoGrz5KzG2fA5uzHjZ1,2.140866667
Don't Let Me Down ,https://open.spotify.com/embed/track/5BhMoGrz5KzG2fA5uzHjZ1,Let It Be... Naked,The Beatles,22,Evening,2020,0,Don't Let Me Down - Naked Version / Remastered 2013 -- The Beatles,Spotify Listening History 2019 - 2022.csv,Don't Let Me Down - Naked Version / Remastered 2013,Don't Let Me Down ,5BhMoGrz5KzG2fA5uzHjZ1,1.967766667
Don't Let Me Down ,https://open.spotify.com/embed/track/5BhMoGrz5KzG2fA5uzHjZ1,Let It Be... Naked,The Beatles,12,Afternoon,2020,0,Don't Let Me Down - Naked Version / Remastered 2013 -- The Beatles,Spotify Listening History 2019 - 2022.csv,Don't Let Me Down - Naked Version / Remastered 2013,Don't Let Me Down ,5BhMoGrz5KzG2fA5uzHjZ1,3.314366667
Don't Let Me Down ,https://open.spotify.com/embed/track/5BhMoGrz5KzG2fA5uzHjZ1,Let It Be... Naked,The Beatles,13,Afternoon,2019,0,Don't Let Me Down - Naked Version / Remastered 2013 -- The Beatles,Spotify Listening History 2019 - 2022.csv,Don't Let Me Down - Naked Version / Remastered 2013,Don't Let Me Down ,5BhMoGrz5KzG2fA5uzHjZ1,1.875
Don't Let Me Down ,https://open.spotify.com/embed/track/5BhMoGrz5KzG2fA5uzHjZ1,Let It Be... Naked,The Beatles,16,Afternoon,2019,0,Don't Let Me Down - Naked Version / Remastered 2013 -- The Beatles,Spotify Listening History 2019 - 2022.csv,Don't Let Me Down - Naked Version / Remastered 2013,Don't Let Me Down ,5BhMoGrz5KzG2fA5uzHjZ1,2.67725
Don't Let Me Down ,https://open.spotify.com/embed/track/5BhMoGrz5KzG2fA5uzHjZ1,Let It Be... Naked,The Beatles,8,Morning,2019,0,Don't Let Me Down - Naked Version / Remastered 2013 -- The Beatles,Spotify Listening History 2019 - 2022.csv,Don't Let Me Down - Naked Version / Remastered 2013,Don't Let Me Down ,5BhMoGrz5KzG2fA5uzHjZ1,1.963633333
Don't Let Me Down ,https://open.spotify.com/embed/track/5BhMoGrz5KzG2fA5uzHjZ1,Let It Be... Naked,The Beatles,17,Afternoon,2020,0,Don't Let Me Down - Naked Version / Remastered 2013 -- The Beatles,Spotify Listening History 2019 - 2022.csv,Don't Let Me Down - Naked Version / Remastered 2013,Don't Let Me Down ,5BhMoGrz5KzG2fA5uzHjZ1,3.314366667
Don't Let Me Down ,https://open.spotify.com/embed/track/5BhMoGrz5KzG2fA5uzHjZ1,Let It Be... Naked,The Beatles,10,Morning,2020,0,Don't Let Me Down - Naked Version / Remastered 2013 -- The Beatles,Spotify Listening History 2019 - 2022.csv,Don't Let Me Down - Naked Version / Remastered 2013,Don't Let Me Down ,5BhMoGrz5KzG2fA5uzHjZ1,3.314366667
Don't Let Me Down ,https://open.spotify.com/embed/track/5BhMoGrz5KzG2fA5uzHjZ1,Let It Be... Naked,The Beatles,21,Evening,2019,0,Don't Let Me Down - Naked Version / Remastered 2013 -- The Beatles,Spotify Listening History 2019 - 2022.csv,Don't Let Me Down - Naked Version / Remastered 2013,Don't Let Me Down ,5BhMoGrz5KzG2fA5uzHjZ1,1.909833333
Don't Let Me Down ,https://open.spotify.com/embed/track/5BhMoGrz5KzG2fA5uzHjZ1,Let It Be... Naked,The Beatles,20,Evening,2019,0,Don't Let Me Down - Naked Version / Remastered 2013 -- The Beatles,Spotify Listening History 2019 - 2022.csv,Don't Let Me Down - Naked Version / Remastered 2013,Don't Let Me Down ,5BhMoGrz5KzG2fA5uzHjZ1,1.7353
Don't Let Me Down ,https://open.spotify.com/embed/track/5BhMoGrz5KzG2fA5uzHjZ1,Let It Be... Naked,The Beatles,18,Evening,2019,0,Don't Let Me Down - Naked Version / Remastered 2013 -- The Beatles,Spotify Listening History 2019 - 2022.csv,Don't Let Me Down - Naked Version / Remastered 2013,Don't Let Me Down ,5BhMoGrz5KzG2fA5uzHjZ1,3.314366667
Don't Let Me Down ,https://open.spotify.com/embed/track/5BhMoGrz5KzG2fA5uzHjZ1,Let It Be... Naked,The Beatles,21,Evening,2019,0,Don't Let Me Down - Naked Version / Remastered 2013 -- The Beatles,Spotify Listening History 2019 - 2022.csv,Don't Let Me Down - Naked Version / Remastered 2013,Don't Let Me Down ,5BhMoGrz5KzG2fA5uzHjZ1,1.20975
Don't Let Me Down ,https://open.spotify.com/embed/track/5BhMoGrz5KzG2fA5uzHjZ1,Let It Be... Naked,The Beatles,11,Morning,2019,0,Don't Let Me Down - Naked Version / Remastered 2013 -- The Beatles,Spotify Listening History 2019 - 2022.csv,Don't Let Me Down - Naked Version / Remastered 2013,Don't Let Me Down ,5BhMoGrz5KzG2fA5uzHjZ1,1.563466667
Don't Let Me Down ,https://open.spotify.com/embed/track/5BhMoGrz5KzG2fA5uzHjZ1,Let It Be... Naked,The Beatles,13,Afternoon,2019,0,Don't Let Me Down - Naked Version / Remastered 2013 -- The Beatles,Spotify Listening History 2019 - 2022.csv,Don't Let Me Down - Naked Version / Remastered 2013,Don't Let Me Down ,5BhMoGrz5KzG2fA5uzHjZ1,2.34715
Don't Let Me Down ,https://open.spotify.com/embed/track/5BhMoGrz5KzG2fA5uzHjZ1,Let It Be... Naked,The Beatles,16,Afternoon,2019,0,Don't Let Me Down - Naked Version / Remastered 2013 -- The Beatles,Spotify Listening History 2019 - 2022.csv,Don't Let Me Down - Naked Version / Remastered 2013,Don't Let Me Down ,5BhMoGrz5KzG2fA5uzHjZ1,2.534066667
Don't Let Me Down ,https://open.spotify.com/embed/track/5BhMoGrz5KzG2fA5uzHjZ1,Let It Be... Naked,The Beatles,23,Evening,2019,0,Don't Let Me Down - Naked Version / Remastered 2013 -- The Beatles,Spotify Listening History 2019 - 2022.csv,Don't Let Me Down - Naked Version / Remastered 2013,Don't Let Me Down ,5BhMoGrz5KzG2fA5uzHjZ1,1.747383333
Don't Let Me Down ,https://open.spotify.com/embed/track/5BhMoGrz5KzG2fA5uzHjZ1,Let It Be... Naked,The Beatles,19,Evening,2019,0,Don't Let Me Down - Naked Version / Remastered 2013 -- The Beatles,Spotify Listening History 2019 - 2022.csv,Don't Let Me Down - Naked Version / Remastered 2013,Don't Let Me Down ,5BhMoGrz5KzG2fA5uzHjZ1,3.314366667
Don't Let Me Down ,https://open.spotify.com/embed/track/5BhMoGrz5KzG2fA5uzHjZ1,Let It Be... Naked,The Beatles,22,Evening,2019,0,Don't Let Me Down - Naked Version / Remastered 2013 -- The Beatles,Spotify Listening History 2019 - 2022.csv,Don't Let Me Down - Naked Version / Remastered 2013,Don't Let Me Down ,5BhMoGrz5KzG2fA5uzHjZ1,1.268966667
Don't Let Me Down ,https://open.spotify.com/embed/track/5BhMoGrz5KzG2fA5uzHjZ1,Let It Be... Naked,The Beatles,16,Afternoon,2019,0,Don't Let Me Down - Naked Version / Remastered 2013 -- The Beatles,Spotify Listening History 2019 - 2022.csv,Don't Let Me Down - Naked Version / Remastered 2013,Don't Let Me Down ,5BhMoGrz5KzG2fA5uzHjZ1,3.314366667
Don't Let Me Down ,https://open.spotify.com/embed/track/5BhMoGrz5KzG2fA5uzHjZ1,Let It Be... Naked,The Beatles,10,Morning,2019,0,Don't Let Me Down - Naked Version / Remastered 2013 -- The Beatles,Spotify Listening History 2019 - 2022.csv,Don't Let Me Down - Naked Version / Remastered 2013,Don't Let Me Down ,5BhMoGrz5KzG2fA5uzHjZ1,3.314366667
Don't Let Me Down ,https://open.spotify.com/embed/track/5BhMoGrz5KzG2fA5uzHjZ1,Let It Be... Naked,The Beatles,23,Evening,2020,0,Don't Let Me Down - Naked Version / Remastered 2013 -- The Beatles,Spotify Listening History 2019 - 2022.csv,Don't Let Me Down - Naked Version / Remastered 2013,Don't Let Me Down ,5BhMoGrz5KzG2fA5uzHjZ1,3.314366667
Don't Let Me Down ,https://open.spotify.com/embed/track/5BhMoGrz5KzG2fA5uzHjZ1,Let It Be... Naked,The Beatles,20,Evening,2019,0,Don't Let Me Down - Naked Version / Remastered 2013 -- The Beatles,Spotify Listening History 2019 - 2022.csv,Don't Let Me Down - Naked Version / Remastered 2013,Don't Let Me Down ,5BhMoGrz5KzG2fA5uzHjZ1,3.314366667
Don't Let Me Down ,https://open.spotify.com/embed/track/5BhMoGrz5KzG2fA5uzHjZ1,Let It Be... Naked,The Beatles,12,Afternoon,2020,0,Don't Let Me Down - Naked Version / Remastered 2013 -- The Beatles,Spotify Listening History 2019 - 2022.csv,Don't Let Me Down - Naked Version / Remastered 2013,Don't Let Me Down ,5BhMoGrz5KzG2fA5uzHjZ1,3.314366667
Don't Let Me Down ,https://open.spotify.com/embed/track/5BhMoGrz5KzG2fA5uzHjZ1,Let It Be... Naked,The Beatles,12,Afternoon,2019,0,Don't Let Me Down - Naked Version / Remastered 2013 -- The Beatles,Spotify Listening History 2019 - 2022.csv,Don't Let Me Down - Naked Version / Remastered 2013,Don't Let Me Down ,5BhMoGrz5KzG2fA5uzHjZ1,3.314366667
Don't Let Me Down ,https://open.spotify.com/embed/track/5BhMoGrz5KzG2fA5uzHjZ1,Let It Be... Naked,The Beatles,14,Afternoon,2019,0,Don't Let Me Down - Naked Version / Remastered 2013 -- The Beatles,Spotify Listening History 2019 - 2022.csv,Don't Let Me Down - Naked Version / Remastered 2013,Don't Let Me Down ,5BhMoGrz5KzG2fA5uzHjZ1,3.314366667
Don't Let Me Down ,https://open.spotify.com/embed/track/5BhMoGrz5KzG2fA5uzHjZ1,Let It Be... Naked,The Beatles,12,Afternoon,2019,0,Don't Let Me Down - Naked Version / Remastered 2013 -- The Beatles,Spotify Listening History 2019 - 2022.csv,Don't Let Me Down - Naked Version / Remastered 2013,Don't Let Me Down ,5BhMoGrz5KzG2fA5uzHjZ1,3.314366667
Don't Let Me Down ,https://open.spotify.com/embed/track/5BhMoGrz5KzG2fA5uzHjZ1,Let It Be... Naked,The Beatles,17,Afternoon,2019,0,Don't Let Me Down - Naked Version / Remastered 2013 -- The Beatles,Spotify Listening History 2019 - 2022.csv,Don't Let Me Down - Naked Version / Remastered 2013,Don't Let Me Down ,5BhMoGrz5KzG2fA5uzHjZ1,3.314366667
Don't Let Me Down ,https://open.spotify.com/embed/track/5BhMoGrz5KzG2fA5uzHjZ1,Let It Be... Naked,The Beatles,15,Afternoon,2019,0,Don't Let Me Down - Naked Version / Remastered 2013 -- The Beatles,Spotify Listening History 2019 - 2022.csv,Don't Let Me Down - Naked Version / Remastered 2013,Don't Let Me Down ,5BhMoGrz5KzG2fA5uzHjZ1,3.088883333
Don't Let Me Down ,https://open.spotify.com/embed/track/5BhMoGrz5KzG2fA5uzHjZ1,Let It Be... Naked,The Beatles,22,Evening,2020,0,Don't Let Me Down - Naked Version / Remastered 2013 -- The Beatles,Spotify Listening History 2019 - 2022.csv,Don't Let Me Down - Naked Version / Remastered 2013,Don't Let Me Down ,5BhMoGrz5KzG2fA5uzHjZ1,1.938483333
Don't Let Me Down ,https://open.spotify.com/embed/track/5BhMoGrz5KzG2fA5uzHjZ1,Let It Be... Naked,The Beatles,22,Evening,2019,0,Don't Let Me Down - Naked Version / Remastered 2013 -- The Beatles,Spotify Listening History 2019 - 2022.csv,Don't Let Me Down - Naked Version / Remastered 2013,Don't Let Me Down ,5BhMoGrz5KzG2fA5uzHjZ1,2.817733333
Don't Let Me Down ,https://open.spotify.com/embed/track/5BhMoGrz5KzG2fA5uzHjZ1,Let It Be... Naked,The Beatles,18,Evening,2020,0,Don't Let Me Down - Naked Version / Remastered 2013 -- The Beatles,Spotify Listening History 2019 - 2022.csv,Don't Let Me Down - Naked Version / Remastered 2013,Don't Let Me Down ,5BhMoGrz5KzG2fA5uzHjZ1,2.98065
Don't Let Me Down ,https://open.spotify.com/embed/track/5BhMoGrz5KzG2fA5uzHjZ1,Let It Be... Naked,The Beatles,16,Afternoon,2019,0,Don't Let Me Down - Naked Version / Remastered 2013 -- The Beatles,Spotify Listening History 2019 - 2022.csv,Don't Let Me Down - Naked Version / Remastered 2013,Don't Let Me Down ,5BhMoGrz5KzG2fA5uzHjZ1,3.18535
Don't Let Me Down ,https://open.spotify.com/embed/track/5BhMoGrz5KzG2fA5uzHjZ1,Let It Be... Naked,The Beatles,16,Afternoon,2019,0,Don't Let Me Down - Naked Version / Remastered 2013 -- The Beatles,Spotify Listening History 2019 - 2022.csv,Don't Let Me Down - Naked Version / Remastered 2013,Don't Let Me Down ,5BhMoGrz5KzG2fA5uzHjZ1,3.314366667
Don't Let Me Down ,https://open.spotify.com/embed/track/5BhMoGrz5KzG2fA5uzHjZ1,Let It Be... Naked,The Beatles,16,Afternoon,2019,0,Don't Let Me Down - Naked Version / Remastered 2013 -- The Beatles,Spotify Listening History 2019 - 2022.csv,Don't Let Me Down - Naked Version / Remastered 2013,Don't Let Me Down ,5BhMoGrz5KzG2fA5uzHjZ1,3.314366667
Don't Let Me Down ,https://open.spotify.com/embed/track/5BhMoGrz5KzG2fA5uzHjZ1,Let It Be... Naked,The Beatles,12,Afternoon,2019,0,Don't Let Me Down - Naked Version / Remastered 2013 -- The Beatles,Spotify Listening History 2019 - 2022.csv,Don't Let Me Down - Naked Version / Remastered 2013,Don't Let Me Down ,5BhMoGrz5KzG2fA5uzHjZ1,2.6045
Don't Let Me Down ,https://open.spotify.com/embed/track/5BhMoGrz5KzG2fA5uzHjZ1,Let It Be... Naked,The Beatles,15,Afternoon,2021,0,Don't Let Me Down - Naked Version / Remastered 2013 -- The Beatles,Spotify Listening History 2019 - 2022.csv,Don't Let Me Down - Naked Version / Remastered 2013,Don't Let Me Down ,5BhMoGrz5KzG2fA5uzHjZ1,3.314366667
Don't Let Me Down ,https://open.spotify.com/embed/track/5BhMoGrz5KzG2fA5uzHjZ1,Let It Be... Naked,The Beatles,16,Afternoon,2019,0,Don't Let Me Down - Naked Version / Remastered 2013 -- The Beatles,Spotify Listening History 2019 - 2022.csv,Don't Let Me Down - Naked Version / Remastered 2013,Don't Let Me Down ,5BhMoGrz5KzG2fA5uzHjZ1,3.314366667
Don't Let Me Down ,https://open.spotify.com/embed/track/5BhMoGrz5KzG2fA5uzHjZ1,Let It Be... Naked,The Beatles,17,Afternoon,2020,0,Don't Let Me Down - Naked Version / Remastered 2013 -- The Beatles,Spotify Listening History 2019 - 2022.csv,Don't Let Me Down - Naked Version / Remastered 2013,Don't Let Me Down ,5BhMoGrz5KzG2fA5uzHjZ1,3.314366667
Don't Let Me Down ,https://open.spotify.com/embed/track/5BhMoGrz5KzG2fA5uzHjZ1,Let It Be... Naked,The Beatles,13,Afternoon,2020,0,Don't Let Me Down - Naked Version / Remastered 2013 -- The Beatles,Spotify Listening History 2019 - 2022.csv,Don't Let Me Down - Naked Version / Remastered 2013,Don't Let Me Down ,5BhMoGrz5KzG2fA5uzHjZ1,3.314366667
Don't Let Me Down ,https://open.spotify.com/embed/track/5BhMoGrz5KzG2fA5uzHjZ1,Let It Be... Naked,The Beatles,14,Afternoon,2020,0,Don't Let Me Down - Naked Version / Remastered 2013 -- The Beatles,Spotify Listening History 2019 - 2022.csv,Don't Let Me Down - Naked Version / Remastered 2013,Don't Let Me Down ,5BhMoGrz5KzG2fA5uzHjZ1,1.297233333
Don't Let Me Down ,https://open.spotify.com/embed/track/5BhMoGrz5KzG2fA5uzHjZ1,Let It Be... Naked,The Beatles,18,Evening,2020,0,Don't Let Me Down - Naked Version / Remastered 2013 -- The Beatles,Spotify Listening History 2019 - 2022.csv,Don't Let Me Down - Naked Version / Remastered 2013,Don't Let Me Down ,5BhMoGrz5KzG2fA5uzHjZ1,3.278266667
Don't Let Me Down ,https://open.spotify.com/embed/track/5BhMoGrz5KzG2fA5uzHjZ1,Let It Be... Naked,The Beatles,13,Afternoon,2020,0,Don't Let Me Down - Naked Version / Remastered 2013 -- The Beatles,Spotify Listening History 2019 - 2022.csv,Don't Let Me Down - Naked Version / Remastered 2013,Don't Let Me Down ,5BhMoGrz5KzG2fA5uzHjZ1,3.314366667
Don't Let Me Down ,https://open.spotify.com/embed/track/5BhMoGrz5KzG2fA5uzHjZ1,Let It Be... Naked,The Beatles,12,Afternoon,2020,0,Don't Let Me Down - Naked Version / Remastered 2013 -- The Beatles,Spotify Listening History 2019 - 2022.csv,Don't Let Me Down - Naked Version / Remastered 2013,Don't Let Me Down ,5BhMoGrz5KzG2fA5uzHjZ1,3.314366667
Don't Let Me Down ,https://open.spotify.com/embed/track/5BhMoGrz5KzG2fA5uzHjZ1,Let It Be... Naked,The Beatles,15,Afternoon,2020,0,Don't Let Me Down - Naked Version / Remastered 2013 -- The Beatles,Spotify Listening History 2019 - 2022.csv,Don't Let Me Down - Naked Version / Remastered 2013,Don't Let Me Down ,5BhMoGrz5KzG2fA5uzHjZ1,5.850533333
Don't Let Me Down ,https://open.spotify.com/embed/track/5BhMoGrz5KzG2fA5uzHjZ1,Let It Be... Naked,The Beatles,21,Evening,2019,0,Don't Let Me Down - Naked Version / Remastered 2013 -- The Beatles,Spotify Listening History 2019 - 2022.csv,Don't Let Me Down - Naked Version / Remastered 2013,Don't Let Me Down ,5BhMoGrz5KzG2fA5uzHjZ1,3.294933333
Don't Let Me Down ,https://open.spotify.com/embed/track/5BhMoGrz5KzG2fA5uzHjZ1,Let It Be... Naked,The Beatles,21,Evening,2019,0,Don't Let Me Down - Naked Version / Remastered 2013 -- The Beatles,Spotify Listening History 2019 - 2022.csv,Don't Let Me Down - Naked Version / Remastered 2013,Don't Let Me Down ,5BhMoGrz5KzG2fA5uzHjZ1,2.571983333
Don't Let Me Down ,https://open.spotify.com/embed/track/5BhMoGrz5KzG2fA5uzHjZ1,Let It Be... Naked,The Beatles,12,Afternoon,2022,0,Don't Let Me Down - Naked Version / Remastered 2013 -- The Beatles,Spotify Listening History 2019 - 2022.csv,Don't Let Me Down - Naked Version / Remastered 2013,Don't Let Me Down ,5BhMoGrz5KzG2fA5uzHjZ1,3.314366667
Don't Let Me Down ,https://open.spotify.com/embed/track/5BhMoGrz5KzG2fA5uzHjZ1,Let It Be... Naked,The Beatles,12,Afternoon,2022,0,Don't Let Me Down - Naked Version / Remastered 2013 -- The Beatles,Spotify Listening History 2019 - 2022.csv,Don't Let Me Down - Naked Version / Remastered 2013,Don't Let Me Down ,5BhMoGrz5KzG2fA5uzHjZ1,3.314366667
Don't Let Me Down ,https://open.spotify.com/embed/track/5BhMoGrz5KzG2fA5uzHjZ1,Let It Be... Naked,The Beatles,8,Morning,2022,0,Don't Let Me Down - Naked Version / Remastered 2013 -- The Beatles,Spotify Listening History 2019 - 2022.csv,Don't Let Me Down - Naked Version / Remastered 2013,Don't Let Me Down ,5BhMoGrz5KzG2fA5uzHjZ1,3.314366667
Don't Let Me Down ,https://open.spotify.com/embed/track/5BhMoGrz5KzG2fA5uzHjZ1,Let It Be... Naked,The Beatles,15,Afternoon,2019,0,Don't Let Me Down - Naked Version / Remastered 2013 -- The Beatles,Spotify Listening History 2019 - 2022.csv,Don't Let Me Down - Naked Version / Remastered 2013,Don't Let Me Down ,5BhMoGrz5KzG2fA5uzHjZ1,3.314366667
Don't Let Me Down ,https://open.spotify.com/embed/track/5BhMoGrz5KzG2fA5uzHjZ1,Let It Be... Naked,The Beatles,15,Afternoon,2019,0,Don't Let Me Down - Naked Version / Remastered 2013 -- The Beatles,Spotify Listening History 2019 - 2022.csv,Don't Let Me Down - Naked Version / Remastered 2013,Don't Let Me Down ,5BhMoGrz5KzG2fA5uzHjZ1,1.820816667
Don't Let Me Down ,https://open.spotify.com/embed/track/5BhMoGrz5KzG2fA5uzHjZ1,Let It Be... Naked,The Beatles,20,Evening,2019,0,Don't Let Me Down - Naked Version / Remastered 2013 -- The Beatles,Spotify Listening History 2019 - 2022.csv,Don't Let Me Down - Naked Version / Remastered 2013,Don't Let Me Down ,5BhMoGrz5KzG2fA5uzHjZ1,3.314366667
Don't Let Me Down ,https://open.spotify.com/embed/track/5BhMoGrz5KzG2fA5uzHjZ1,Let It Be... Naked,The Beatles,18,Evening,2020,0,Don't Let Me Down - Naked Version / Remastered 2013 -- The Beatles,Spotify Listening History 2019 - 2022.csv,Don't Let Me Down - Naked Version / Remastered 2013,Don't Let Me Down ,5BhMoGrz5KzG2fA5uzHjZ1,3.314366667
Don't Let Me Down ,https://open.spotify.com/embed/track/5BhMoGrz5KzG2fA5uzHjZ1,Let It Be... Naked,The Beatles,17,Afternoon,2022,0,Don't Let Me Down - Naked Version / Remastered 2013 -- The Beatles,Spotify Listening History 2019 - 2022.csv,Don't Let Me Down - Naked Version / Remastered 2013,Don't Let Me Down ,5BhMoGrz5KzG2fA5uzHjZ1,3.314366667
Don't Let Me Down ,https://open.spotify.com/embed/track/5BhMoGrz5KzG2fA5uzHjZ1,Let It Be... Naked,The Beatles,14,Afternoon,2019,0,Don't Let Me Down - Naked Version / Remastered 2013 -- The Beatles,Spotify Listening History 2019 - 2022.csv,Don't Let Me Down - Naked Version / Remastered 2013,Don't Let Me Down ,5BhMoGrz5KzG2fA5uzHjZ1,2.426083333
Don't Let Me Down ,https://open.spotify.com/embed/track/5BhMoGrz5KzG2fA5uzHjZ1,Let It Be... Naked,The Beatles,12,Afternoon,2020,0,Don't Let Me Down - Naked Version / Remastered 2013 -- The Beatles,Spotify Listening History 2019 - 2022.csv,Don't Let Me Down - Naked Version / Remastered 2013,Don't Let Me Down ,5BhMoGrz5KzG2fA5uzHjZ1,3.314366667
Don't Let Me Down ,https://open.spotify.com/embed/track/5BhMoGrz5KzG2fA5uzHjZ1,Let It Be... Naked,The Beatles,12,Afternoon,2019,0,Don't Let Me Down - Naked Version / Remastered 2013 -- The Beatles,Spotify Listening History 2019 - 2022.csv,Don't Let Me Down - Naked Version / Remastered 2013,Don't Let Me Down ,5BhMoGrz5KzG2fA5uzHjZ1,2.573916667
Don't Let Me Down ,https://open.spotify.com/embed/track/5BhMoGrz5KzG2fA5uzHjZ1,Let It Be... Naked,The Beatles,17,Afternoon,2019,0,Don't Let Me Down - Naked Version / Remastered 2013 -- The Beatles,Spotify Listening History 2019 - 2022.csv,Don't Let Me Down - Naked Version / Remastered 2013,Don't Let Me Down ,5BhMoGrz5KzG2fA5uzHjZ1,3.314366667
Don't Let Me Down ,https://open.spotify.com/embed/track/5BhMoGrz5KzG2fA5uzHjZ1,Let It Be... Naked,The Beatles,10,Morning,2019,0,Don't Let Me Down - Naked Version / Remastered 2013 -- The Beatles,Spotify Listening History 2019 - 2022.csv,Don't Let Me Down - Naked Version / Remastered 2013,Don't Let Me Down ,5BhMoGrz5KzG2fA5uzHjZ1,2.554966667
Don't Let Me Down ,https://open.spotify.com/embed/track/5BhMoGrz5KzG2fA5uzHjZ1,Let It Be... Naked,The Beatles,18,Evening,2019,0,Don't Let Me Down - Naked Version / Remastered 2013 -- The Beatles,Spotify Listening History 2019 - 2022.csv,Don't Let Me Down - Naked Version / Remastered 2013,Don't Let Me Down ,5BhMoGrz5KzG2fA5uzHjZ1,3.314366667
Don't Let Me Down ,https://open.spotify.com/embed/track/5BhMoGrz5KzG2fA5uzHjZ1,Let It Be... Naked,The Beatles,23,Evening,2019,0,Don't Let Me Down - Naked Version / Remastered 2013 -- The Beatles,Spotify Listening History 2019 - 2022.csv,Don't Let Me Down - Naked Version / Remastered 2013,Don't Let Me Down ,5BhMoGrz5KzG2fA5uzHjZ1,1.59985
Don't Let Me Down ,https://open.spotify.com/embed/track/5BhMoGrz5KzG2fA5uzHjZ1,Let It Be... Naked,The Beatles,17,Afternoon,2019,0,Don't Let Me Down - Naked Version / Remastered 2013 -- The Beatles,Spotify Listening History 2019 - 2022.csv,Don't Let Me Down - Naked Version / Remastered 2013,Don't Let Me Down ,5BhMoGrz5KzG2fA5uzHjZ1,3.314366667
Don't Let Me Down ,https://open.spotify.com/embed/track/5BhMoGrz5KzG2fA5uzHjZ1,Let It Be... Naked,The Beatles,8,Morning,2022,0,Don't Let Me Down - Naked Version / Remastered 2013 -- The Beatles,Spotify Listening History 2019 - 2022.csv,Don't Let Me Down - Naked Version / Remastered 2013,Don't Let Me Down ,5BhMoGrz5KzG2fA5uzHjZ1,3.314366667
Don't Let Me Down ,https://open.spotify.com/embed/track/5BhMoGrz5KzG2fA5uzHjZ1,Let It Be... Naked,The Beatles,15,Afternoon,2019,0,Don't Let Me Down - Naked Version / Remastered 2013 -- The Beatles,Spotify Listening History 2019 - 2022.csv,Don't Let Me Down - Naked Version / Remastered 2013,Don't Let Me Down ,5BhMoGrz5KzG2fA5uzHjZ1,3.314366667
Don't Let Me Down ,https://open.spotify.com/embed/track/5BhMoGrz5KzG2fA5uzHjZ1,Let It Be... Naked,The Beatles,14,Afternoon,2019,0,Don't Let Me Down - Naked Version / Remastered 2013 -- The Beatles,Spotify Listening History 2019 - 2022.csv,Don't Let Me Down - Naked Version / Remastered 2013,Don't Let Me Down ,5BhMoGrz5KzG2fA5uzHjZ1,3.314366667
Don't Let Me Down ,https://open.spotify.com/embed/track/5BhMoGrz5KzG2fA5uzHjZ1,Let It Be... Naked,The Beatles,23,Evening,2019,0,Don't Let Me Down - Naked Version / Remastered 2013 -- The Beatles,Spotify Listening History 2019 - 2022.csv,Don't Let Me Down - Naked Version / Remastered 2013,Don't Let Me Down ,5BhMoGrz5KzG2fA5uzHjZ1,1.795283333
Don't Let Me Down ,https://open.spotify.com/embed/track/5BhMoGrz5KzG2fA5uzHjZ1,Let It Be... Naked,The Beatles,16,Afternoon,2020,0,Don't Let Me Down - Naked Version / Remastered 2013 -- The Beatles,Spotify Listening History 2019 - 2022.csv,Don't Let Me Down - Naked Version / Remastered 2013,Don't Let Me Down ,5BhMoGrz5KzG2fA5uzHjZ1,3.314366667
Don't Let Me Down ,https://open.spotify.com/embed/track/5BhMoGrz5KzG2fA5uzHjZ1,Let It Be... Naked,The Beatles,16,Afternoon,2019,0,Don't Let Me Down - Naked Version / Remastered 2013 -- The Beatles,Spotify Listening History 2019 - 2022.csv,Don't Let Me Down - Naked Version / Remastered 2013,Don't Let Me Down ,5BhMoGrz5KzG2fA5uzHjZ1,3.314366667
Don't Let Me Down ,https://open.spotify.com/embed/track/5BhMoGrz5KzG2fA5uzHjZ1,Let It Be... Naked,The Beatles,21,Evening,2019,0,Don't Let Me Down - Naked Version / Remastered 2013 -- The Beatles,Spotify Listening History 2019 - 2022.csv,Don't Let Me Down - Naked Version / Remastered 2013,Don't Let Me Down ,5BhMoGrz5KzG2fA5uzHjZ1,3.314366667
Don't Let Me Down ,https://open.spotify.com/embed/track/5BhMoGrz5KzG2fA5uzHjZ1,Let It Be... Naked,The Beatles,17,Afternoon,2020,0,Don't Let Me Down - Naked Version / Remastered 2013 -- The Beatles,Spotify Listening History 2019 - 2022.csv,Don't Let Me Down - Naked Version / Remastered 2013,Don't Let Me Down ,5BhMoGrz5KzG2fA5uzHjZ1,3.314366667
Don't Let Me Down ,https://open.spotify.com/embed/track/5BhMoGrz5KzG2fA5uzHjZ1,Let It Be... Naked,The Beatles,13,Afternoon,2021,0,Don't Let Me Down - Naked Version / Remastered 2013 -- The Beatles,Spotify Listening History 2019 - 2022.csv,Don't Let Me Down - Naked Version / Remastered 2013,Don't Let Me Down ,5BhMoGrz5KzG2fA5uzHjZ1,3.314366667
Don't Let Me Down ,https://open.spotify.com/embed/track/5BhMoGrz5KzG2fA5uzHjZ1,Let It Be... Naked,The Beatles,18,Evening,2022,0,Don't Let Me Down - Naked Version / Remastered 2013 -- The Beatles,Spotify Listening History 2019 - 2022.csv,Don't Let Me Down - Naked Version / Remastered 2013,Don't Let Me Down ,5BhMoGrz5KzG2fA5uzHjZ1,3.314366667
Don't Let Me Down ,https://open.spotify.com/embed/track/5BhMoGrz5KzG2fA5uzHjZ1,Let It Be... Naked,The Beatles,22,Evening,2020,0,Don't Let Me Down - Naked Version / Remastered 2013 -- The Beatles,Spotify Listening History 2019 - 2022.csv,Don't Let Me Down - Naked Version / Remastered 2013,Don't Let Me Down ,5BhMoGrz5KzG2fA5uzHjZ1,3.314366667
Don't Let Me Down ,https://open.spotify.com/embed/track/5BhMoGrz5KzG2fA5uzHjZ1,Let It Be... Naked,The Beatles,11,Morning,2021,0,Don't Let Me Down - Naked Version / Remastered 2013 -- The Beatles,Spotify Listening History 2019 - 2022.csv,Don't Let Me Down - Naked Version / Remastered 2013,Don't Let Me Down ,5BhMoGrz5KzG2fA5uzHjZ1,3.314366667
Don't Let Me Down ,https://open.spotify.com/embed/track/5BhMoGrz5KzG2fA5uzHjZ1,Let It Be... Naked,The Beatles,17,Afternoon,2022,0,Don't Let Me Down - Naked Version / Remastered 2013 -- The Beatles,Spotify Listening History 2019 - 2022.csv,Don't Let Me Down - Naked Version / Remastered 2013,Don't Let Me Down ,5BhMoGrz5KzG2fA5uzHjZ1,3.314366667
Don't Let Me Down ,https://open.spotify.com/embed/track/5BhMoGrz5KzG2fA5uzHjZ1,Let It Be... Naked,The Beatles,15,Afternoon,2020,0,Don't Let Me Down - Naked Version / Remastered 2013 -- The Beatles,Spotify Listening History 2019 - 2022.csv,Don't Let Me Down - Naked Version / Remastered 2013,Don't Let Me Down ,5BhMoGrz5KzG2fA5uzHjZ1,3.314366667
Don't Let Me Down ,https://open.spotify.com/embed/track/5BhMoGrz5KzG2fA5uzHjZ1,Let It Be... Naked,The Beatles,14,Afternoon,2019,0,Don't Let Me Down - Naked Version / Remastered 2013 -- The Beatles,Spotify Listening History 2019 - 2022.csv,Don't Let Me Down - Naked Version / Remastered 2013,Don't Let Me Down ,5BhMoGrz5KzG2fA5uzHjZ1,3.314366667
Don't Let Me Down ,https://open.spotify.com/embed/track/5BhMoGrz5KzG2fA5uzHjZ1,Let It Be... Naked,The Beatles,16,Afternoon,2019,0,Don't Let Me Down - Naked Version / Remastered 2013 -- The Beatles,Spotify Listening History 2019 - 2022.csv,Don't Let Me Down - Naked Version / Remastered 2013,Don't Let Me Down ,5BhMoGrz5KzG2fA5uzHjZ1,3.314366667
Don't Let Me Down ,https://open.spotify.com/embed/track/5BhMoGrz5KzG2fA5uzHjZ1,Let It Be... Naked,The Beatles,11,Morning,2019,0,Don't Let Me Down - Naked Version / Remastered 2013 -- The Beatles,Spotify Listening History 2019 - 2022.csv,Don't Let Me Down - Naked Version / Remastered 2013,Don't Let Me Down ,5BhMoGrz5KzG2fA5uzHjZ1,3.314366667
Don't Let Me Down ,https://open.spotify.com/embed/track/5BhMoGrz5KzG2fA5uzHjZ1,Let It Be... Naked,The Beatles,15,Afternoon,2019,0,Don't Let Me Down - Naked Version / Remastered 2013 -- The Beatles,Spotify Listening History 2019 - 2022.csv,Don't Let Me Down - Naked Version / Remastered 2013,Don't Let Me Down ,5BhMoGrz5KzG2fA5uzHjZ1,2.702683333
Don't Let Me Down ,https://open.spotify.com/embed/track/5BhMoGrz5KzG2fA5uzHjZ1,Let It Be... Naked,The Beatles,10,Morning,2020,0,Don't Let Me Down - Naked Version / Remastered 2013 -- The Beatles,Spotify Listening History 2019 - 2022.csv,Don't Let Me Down - Naked Version / Remastered 2013,Don't Let Me Down ,5BhMoGrz5KzG2fA5uzHjZ1,2.613033333
Don't Let Me Down ,https://open.spotify.com/embed/track/5BhMoGrz5KzG2fA5uzHjZ1,Let It Be... Naked,The Beatles,10,Morning,2019,0,Don't Let Me Down - Naked Version / Remastered 2013 -- The Beatles,Spotify Listening History 2019 - 2022.csv,Don't Let Me Down - Naked Version / Remastered 2013,Don't Let Me Down ,5BhMoGrz5KzG2fA5uzHjZ1,3.314366667
Don't Let Me Down ,https://open.spotify.com/embed/track/5BhMoGrz5KzG2fA5uzHjZ1,Let It Be... Naked,The Beatles,15,Afternoon,2022,0,Don't Let Me Down - Naked Version / Remastered 2013 -- The Beatles,Spotify Listening History 2019 - 2022.csv,Don't Let Me Down - Naked Version / Remastered 2013,Don't Let Me Down ,5BhMoGrz5KzG2fA5uzHjZ1,3.314366667
Don't Let Me Down ,https://open.spotify.com/embed/track/5BhMoGrz5KzG2fA5uzHjZ1,Let It Be... Naked,The Beatles,16,Afternoon,2019,0,Don't Let Me Down - Naked Version / Remastered 2013 -- The Beatles,Spotify Listening History 2019 - 2022.csv,Don't Let Me Down - Naked Version / Remastered 2013,Don't Let Me Down ,5BhMoGrz5KzG2fA5uzHjZ1,3.314366667
Don't Let Me Down ,https://open.spotify.com/embed/track/5BhMoGrz5KzG2fA5uzHjZ1,Let It Be... Naked,The Beatles,15,Afternoon,2022,0,Don't Let Me Down - Naked Version / Remastered 2013 -- The Beatles,Spotify Listening History 2019 - 2022.csv,Don't Let Me Down - Naked Version / Remastered 2013,Don't Let Me Down ,5BhMoGrz5KzG2fA5uzHjZ1,3.314366667
Don't Let Me Down ,https://open.spotify.com/embed/track/5BhMoGrz5KzG2fA5uzHjZ1,Let It Be... Naked,The Beatles,13,Afternoon,2019,0,Don't Let Me Down - Naked Version / Remastered 2013 -- The Beatles,Spotify Listening History 2019 - 2022.csv,Don't Let Me Down - Naked Version / Remastered 2013,Don't Let Me Down ,5BhMoGrz5KzG2fA5uzHjZ1,3.314366667
Don't Let Me Down ,https://open.spotify.com/embed/track/5BhMoGrz5KzG2fA5uzHjZ1,Let It Be... Naked,The Beatles,19,Evening,2019,0,Don't Let Me Down - Naked Version / Remastered 2013 -- The Beatles,Spotify Listening History 2019 - 2022.csv,Don't Let Me Down - Naked Version / Remastered 2013,Don't Let Me Down ,5BhMoGrz5KzG2fA5uzHjZ1,3.314366667
Don't Let Me Down ,https://open.spotify.com/embed/track/5BhMoGrz5KzG2fA5uzHjZ1,Let It Be... Naked,The Beatles,11,Morning,2022,0,Don't Let Me Down - Naked Version / Remastered 2013 -- The Beatles,Spotify Listening History 2019 - 2022.csv,Don't Let Me Down - Naked Version / Remastered 2013,Don't Let Me Down ,5BhMoGrz5KzG2fA5uzHjZ1,3.314366667
Don't Let Me Down ,https://open.spotify.com/embed/track/5BhMoGrz5KzG2fA5uzHjZ1,Let It Be... Naked,The Beatles,12,Afternoon,2019,0,Don't Let Me Down - Naked Version / Remastered 2013 -- The Beatles,Spotify Listening History 2019 - 2022.csv,Don't Let Me Down - Naked Version / Remastered 2013,Don't Let Me Down ,5BhMoGrz5KzG2fA5uzHjZ1,3.314366667
Don't Let Me Down ,https://open.spotify.com/embed/track/5BhMoGrz5KzG2fA5uzHjZ1,Let It Be... Naked,The Beatles,11,Morning,2019,0,Don't Let Me Down - Naked Version / Remastered 2013 -- The Beatles,Spotify Listening History 2019 - 2022.csv,Don't Let Me Down - Naked Version / Remastered 2013,Don't Let Me Down ,5BhMoGrz5KzG2fA5uzHjZ1,3.314366667
Don't Let Me Down ,https://open.spotify.com/embed/track/5BhMoGrz5KzG2fA5uzHjZ1,Let It Be... Naked,The Beatles,18,Evening,2020,0,Don't Let Me Down - Naked Version / Remastered 2013 -- The Beatles,Spotify Listening History 2019 - 2022.csv,Don't Let Me Down - Naked Version / Remastered 2013,Don't Let Me Down ,5BhMoGrz5KzG2fA5uzHjZ1,2.14935
Don't Let Me Down ,https://open.spotify.com/embed/track/5BhMoGrz5KzG2fA5uzHjZ1,Let It Be... Naked,The Beatles,13,Afternoon,2019,0,Don't Let Me Down - Naked Version / Remastered 2013 -- The Beatles,Spotify Listening History 2019 - 2022.csv,Don't Let Me Down - Naked Version / Remastered 2013,Don't Let Me Down ,5BhMoGrz5KzG2fA5uzHjZ1,6.289233333
Don't Let Me Down ,https://open.spotify.com/embed/track/5BhMoGrz5KzG2fA5uzHjZ1,Let It Be... Naked,The Beatles,17,Afternoon,2019,0,Don't Let Me Down - Naked Version / Remastered 2013 -- The Beatles,Spotify Listening History 2019 - 2022.csv,Don't Let Me Down - Naked Version / Remastered 2013,Don't Let Me Down ,5BhMoGrz5KzG2fA5uzHjZ1,3.314366667
Don't Let Me Down ,https://open.spotify.com/embed/track/5BhMoGrz5KzG2fA5uzHjZ1,Let It Be... Naked,The Beatles,17,Afternoon,2020,0,Don't Let Me Down - Naked Version / Remastered 2013 -- The Beatles,Spotify Listening History 2019 - 2022.csv,Don't Let Me Down - Naked Version / Remastered 2013,Don't Let Me Down ,5BhMoGrz5KzG2fA5uzHjZ1,3.314366667
Don't Let Me Down ,https://open.spotify.com/embed/track/5BhMoGrz5KzG2fA5uzHjZ1,Let It Be... Naked,The Beatles,15,Afternoon,2019,0,Don't Let Me Down - Naked Version / Remastered 2013 -- The Beatles,Spotify Listening History 2019 - 2022.csv,Don't Let Me Down - Naked Version / Remastered 2013,Don't Let Me Down ,5BhMoGrz5KzG2fA5uzHjZ1,3.314366667
Don't Let Me Down ,https://open.spotify.com/embed/track/5BhMoGrz5KzG2fA5uzHjZ1,Let It Be... Naked,The Beatles,0,Night,2019,0,Don't Let Me Down - Naked Version / Remastered 2013 -- The Beatles,Spotify Listening History 2019 - 2022.csv,Don't Let Me Down - Naked Version / Remastered 2013,Don't Let Me Down ,5BhMoGrz5KzG2fA5uzHjZ1,4.154183333
Don't Let Me Down ,https://open.spotify.com/embed/track/5BhMoGrz5KzG2fA5uzHjZ1,Let It Be... Naked,The Beatles,19,Evening,2019,0,Don't Let Me Down - Naked Version / Remastered 2013 -- The Beatles,Spotify Listening History 2019 - 2022.csv,Don't Let Me Down - Naked Version / Remastered 2013,Don't Let Me Down ,5BhMoGrz5KzG2fA5uzHjZ1,3.314366667
Don't Let Me Down ,https://open.spotify.com/embed/track/5BhMoGrz5KzG2fA5uzHjZ1,Let It Be... Naked,The Beatles,16,Afternoon,2019,0,Don't Let Me Down - Naked Version / Remastered 2013 -- The Beatles,Spotify Listening History 2019 - 2022.csv,Don't Let Me Down - Naked Version / Remastered 2013,Don't Let Me Down ,5BhMoGrz5KzG2fA5uzHjZ1,3.314366667
Don't Let Me Down ,https://open.spotify.com/embed/track/5BhMoGrz5KzG2fA5uzHjZ1,Let It Be... Naked,The Beatles,13,Afternoon,2019,0,Don't Let Me Down - Naked Version / Remastered 2013 -- The Beatles,Spotify Listening History 2019 - 2022.csv,Don't Let Me Down - Naked Version / Remastered 2013,Don't Let Me Down ,5BhMoGrz5KzG2fA5uzHjZ1,3.314366667
Don't Let Me Down ,https://open.spotify.com/embed/track/5BhMoGrz5KzG2fA5uzHjZ1,Let It Be... Naked,The Beatles,17,Afternoon,2022,0,Don't Let Me Down - Naked Version / Remastered 2013 -- The Beatles,Spotify Listening History 2019 - 2022.csv,Don't Let Me Down - Naked Version / Remastered 2013,Don't Let Me Down ,5BhMoGrz5KzG2fA5uzHjZ1,2.723666667
Don't Let Me Down ,https://open.spotify.com/embed/track/5BhMoGrz5KzG2fA5uzHjZ1,Let It Be... Naked,The Beatles,13,Afternoon,2022,0,Don't Let Me Down - Naked Version / Remastered 2013 -- The Beatles,Spotify Listening History 2019 - 2022.csv,Don't Let Me Down - Naked Version / Remastered 2013,Don't Let Me Down ,5BhMoGrz5KzG2fA5uzHjZ1,3.314366667
Don't Let Me Down ,https://open.spotify.com/embed/track/5BhMoGrz5KzG2fA5uzHjZ1,Let It Be... Naked,The Beatles,15,Afternoon,2019,0,Don't Let Me Down - Naked Version / Remastered 2013 -- The Beatles,Spotify Listening History 2019 - 2022.csv,Don't Let Me Down - Naked Version / Remastered 2013,Don't Let Me Down ,5BhMoGrz5KzG2fA5uzHjZ1,3.314366667
Don't Let Me Down ,https://open.spotify.com/embed/track/5BhMoGrz5KzG2fA5uzHjZ1,Let It Be... Naked,The Beatles,20,Evening,2019,0,Don't Let Me Down - Naked Version / Remastered 2013 -- The Beatles,Spotify Listening History 2019 - 2022.csv,Don't Let Me Down - Naked Version / Remastered 2013,Don't Let Me Down ,5BhMoGrz5KzG2fA5uzHjZ1,3.314366667
Don't Let Me Down ,https://open.spotify.com/embed/track/5BhMoGrz5KzG2fA5uzHjZ1,Let It Be... Naked,The Beatles,16,Afternoon,2020,0,Don't Let Me Down - Naked Version / Remastered 2013 -- The Beatles,Spotify Listening History 2019 - 2022.csv,Don't Let Me Down - Naked Version / Remastered 2013,Don't Let Me Down ,5BhMoGrz5KzG2fA5uzHjZ1,3.003883333
Don't Let Me Down ,https://open.spotify.com/embed/track/5BhMoGrz5KzG2fA5uzHjZ1,Let It Be... Naked,The Beatles,14,Afternoon,2019,0,Don't Let Me Down - Naked Version / Remastered 2013 -- The Beatles,Spotify Listening History 2019 - 2022.csv,Don't Let Me Down - Naked Version / Remastered 2013,Don't Let Me Down ,5BhMoGrz5KzG2fA5uzHjZ1,2.182666667
Don't Let Me Down ,https://open.spotify.com/embed/track/5BhMoGrz5KzG2fA5uzHjZ1,Let It Be... Naked,The Beatles,19,Evening,2019,0,Don't Let Me Down - Naked Version / Remastered 2013 -- The Beatles,Spotify Listening History 2019 - 2022.csv,Don't Let Me Down - Naked Version / Remastered 2013,Don't Let Me Down ,5BhMoGrz5KzG2fA5uzHjZ1,3.314366667
Don't Let Me Down ,https://open.spotify.com/embed/track/5BhMoGrz5KzG2fA5uzHjZ1,Let It Be... Naked,The Beatles,13,Afternoon,2019,0,Don't Let Me Down - Naked Version / Remastered 2013 -- The Beatles,Spotify Listening History 2019 - 2022.csv,Don't Let Me Down - Naked Version / Remastered 2013,Don't Let Me Down ,5BhMoGrz5KzG2fA5uzHjZ1,3.314366667
Don't Let Me Down ,https://open.spotify.com/embed/track/5BhMoGrz5KzG2fA5uzHjZ1,Let It Be... Naked,The Beatles,10,Morning,2019,0,Don't Let Me Down - Naked Version / Remastered 2013 -- The Beatles,Spotify Listening History 2019 - 2022.csv,Don't Let Me Down - Naked Version / Remastered 2013,Don't Let Me Down ,5BhMoGrz5KzG2fA5uzHjZ1,3.314366667
Don't Let Me Down ,https://open.spotify.com/embed/track/5BhMoGrz5KzG2fA5uzHjZ1,Let It Be... Naked,The Beatles,16,Afternoon,2019,0,Don't Let Me Down - Naked Version / Remastered 2013 -- The Beatles,Spotify Listening History 2019 - 2022.csv,Don't Let Me Down - Naked Version / Remastered 2013,Don't Let Me Down ,5BhMoGrz5KzG2fA5uzHjZ1,3.314366667
Don't Let Me Down ,https://open.spotify.com/embed/track/5BhMoGrz5KzG2fA5uzHjZ1,Let It Be... Naked,The Beatles,14,Afternoon,2021,0,Don't Let Me Down - Naked Version / Remastered 2013 -- The Beatles,Spotify Listening History 2019 - 2022.csv,Don't Let Me Down - Naked Version / Remastered 2013,Don't Let Me Down ,5BhMoGrz5KzG2fA5uzHjZ1,3.314366667
Don't Let Me Down ,https://open.spotify.com/embed/track/5BhMoGrz5KzG2fA5uzHjZ1,Let It Be... Naked,The Beatles,11,Morning,2022,0,Don't Let Me Down - Naked Version / Remastered 2013 -- The Beatles,Spotify Listening History 2019 - 2022.csv,Don't Let Me Down - Naked Version / Remastered 2013,Don't Let Me Down ,5BhMoGrz5KzG2fA5uzHjZ1,3.314366667
Don't Let Me Down ,https://open.spotify.com/embed/track/5BhMoGrz5KzG2fA5uzHjZ1,Let It Be... Naked,The Beatles,13,Afternoon,2020,0,Don't Let Me Down - Naked Version / Remastered 2013 -- The Beatles,Spotify Listening History 2019 - 2022.csv,Don't Let Me Down - Naked Version / Remastered 2013,Don't Let Me Down ,5BhMoGrz5KzG2fA5uzHjZ1,3.314366667
Don't Let Me Down ,https://open.spotify.com/embed/track/5BhMoGrz5KzG2fA5uzHjZ1,Let It Be... Naked,The Beatles,16,Afternoon,2022,0,Don't Let Me Down - Naked Version / Remastered 2013 -- The Beatles,Spotify Listening History 2019 - 2022.csv,Don't Let Me Down - Naked Version / Remastered 2013,Don't Let Me Down ,5BhMoGrz5KzG2fA5uzHjZ1,1.669216667
Don't Let Me Down ,https://open.spotify.com/embed/track/5BhMoGrz5KzG2fA5uzHjZ1,Let It Be... Naked,The Beatles,14,Afternoon,2021,0,Don't Let Me Down - Naked Version / Remastered 2013 -- The Beatles,Spotify Listening History 2019 - 2022.csv,Don't Let Me Down - Naked Version / Remastered 2013,Don't Let Me Down ,5BhMoGrz5KzG2fA5uzHjZ1,3.314366667
Don't Let Me Down ,https://open.spotify.com/embed/track/5BhMoGrz5KzG2fA5uzHjZ1,Let It Be... Naked,The Beatles,18,Evening,2019,0,Don't Let Me Down - Naked Version / Remastered 2013 -- The Beatles,Spotify Listening History 2019 - 2022.csv,Don't Let Me Down - Naked Version / Remastered 2013,Don't Let Me Down ,5BhMoGrz5KzG2fA5uzHjZ1,3.314366667
Don't Let Me Down ,https://open.spotify.com/embed/track/5BhMoGrz5KzG2fA5uzHjZ1,Let It Be... Naked,The Beatles,13,Afternoon,2022,0,Don't Let Me Down - Naked Version / Remastered 2013 -- The Beatles,Spotify Listening History 2019 - 2022.csv,Don't Let Me Down - Naked Version / Remastered 2013,Don't Let Me Down ,5BhMoGrz5KzG2fA5uzHjZ1,3.314366667
Don't Let Me Down ,https://open.spotify.com/embed/track/5BhMoGrz5KzG2fA5uzHjZ1,Let It Be... Naked,The Beatles,15,Afternoon,2019,0,Don't Let Me Down - Naked Version / Remastered 2013 -- The Beatles,Spotify Listening History 2019 - 2022.csv,Don't Let Me Down - Naked Version / Remastered 2013,Don't Let Me Down ,5BhMoGrz5KzG2fA5uzHjZ1,1.843266667
Don't Let Me Down ,https://open.spotify.com/embed/track/5BhMoGrz5KzG2fA5uzHjZ1,Let It Be... Naked,The Beatles,13,Afternoon,2019,0,Don't Let Me Down - Naked Version / Remastered 2013 -- The Beatles,Spotify Listening History 2019 - 2022.csv,Don't Let Me Down - Naked Version / Remastered 2013,Don't Let Me Down ,5BhMoGrz5KzG2fA5uzHjZ1,3.314366667
Don't Let Me Down ,https://open.spotify.com/embed/track/5BhMoGrz5KzG2fA5uzHjZ1,Let It Be... Naked,The Beatles,21,Evening,2019,0,Don't Let Me Down - Naked Version / Remastered 2013 -- The Beatles,Spotify Listening History 2019 - 2022.csv,Don't Let Me Down - Naked Version / Remastered 2013,Don't Let Me Down ,5BhMoGrz5KzG2fA5uzHjZ1,3.160616667
Don't Let Me Down ,https://open.spotify.com/embed/track/5BhMoGrz5KzG2fA5uzHjZ1,Let It Be... Naked,The Beatles,17,Afternoon,2019,0,Don't Let Me Down - Naked Version / Remastered 2013 -- The Beatles,Spotify Listening History 2019 - 2022.csv,Don't Let Me Down - Naked Version / Remastered 2013,Don't Let Me Down ,5BhMoGrz5KzG2fA5uzHjZ1,3.314366667
Don't Let Me Down ,https://open.spotify.com/embed/track/5BhMoGrz5KzG2fA5uzHjZ1,Let It Be... Naked,The Beatles,11,Morning,2022,0,Don't Let Me Down - Naked Version / Remastered 2013 -- The Beatles,Spotify Listening History 2019 - 2022.csv,Don't Let Me Down - Naked Version / Remastered 2013,Don't Let Me Down ,5BhMoGrz5KzG2fA5uzHjZ1,3.314366667
Don't Let Me Down ,https://open.spotify.com/embed/track/5BhMoGrz5KzG2fA5uzHjZ1,Let It Be... Naked,The Beatles,20,Evening,2019,0,Don't Let Me Down - Naked Version / Remastered 2013 -- The Beatles,Spotify Listening History 2019 - 2022.csv,Don't Let Me Down - Naked Version / Remastered 2013,Don't Let Me Down ,5BhMoGrz5KzG2fA5uzHjZ1,2.9486
Don't Let Me Down ,https://open.spotify.com/embed/track/5BhMoGrz5KzG2fA5uzHjZ1,Let It Be... Naked,The Beatles,0,Night,2022,0,Don't Let Me Down - Naked Version / Remastered 2013 -- The Beatles,Spotify Listening History 2019 - 2022.csv,Don't Let Me Down - Naked Version / Remastered 2013,Don't Let Me Down ,5BhMoGrz5KzG2fA5uzHjZ1,3.314366667
Don't Let Me Down ,https://open.spotify.com/embed/track/5BhMoGrz5KzG2fA5uzHjZ1,Let It Be... Naked,The Beatles,11,Morning,2019,0,Don't Let Me Down - Naked Version / Remastered 2013 -- The Beatles,Spotify Listening History 2019 - 2022.csv,Don't Let Me Down - Naked Version / Remastered 2013,Don't Let Me Down ,5BhMoGrz5KzG2fA5uzHjZ1,3.314366667
Don't Let Me Down ,https://open.spotify.com/embed/track/5BhMoGrz5KzG2fA5uzHjZ1,Let It Be... Naked,The Beatles,23,Evening,2019,0,Don't Let Me Down - Naked Version / Remastered 2013 -- The Beatles,Spotify Listening History 2019 - 2022.csv,Don't Let Me Down - Naked Version / Remastered 2013,Don't Let Me Down ,5BhMoGrz5KzG2fA5uzHjZ1,3.314366667
Don't Let Me Down ,https://open.spotify.com/embed/track/5BhMoGrz5KzG2fA5uzHjZ1,Let It Be... Naked,The Beatles,14,Afternoon,2022,0,Don't Let Me Down - Naked Version / Remastered 2013 -- The Beatles,Spotify Listening History 2019 - 2022.csv,Don't Let Me Down - Naked Version / Remastered 2013,Don't Let Me Down ,5BhMoGrz5KzG2fA5uzHjZ1,3.314366667
Don't Let Me Down ,https://open.spotify.com/embed/track/5BhMoGrz5KzG2fA5uzHjZ1,Let It Be... Naked,The Beatles,14,Afternoon,2022,0,Don't Let Me Down - Naked Version / Remastered 2013 -- The Beatles,Spotify Listening History 2019 - 2022.csv,Don't Let Me Down - Naked Version / Remastered 2013,Don't Let Me Down ,5BhMoGrz5KzG2fA5uzHjZ1,3.314366667
Don't Let Me Down ,https://open.spotify.com/embed/track/5BhMoGrz5KzG2fA5uzHjZ1,Let It Be... Naked,The Beatles,17,Afternoon,2019,0,Don't Let Me Down - Naked Version / Remastered 2013 -- The Beatles,Spotify Listening History 2019 - 2022.csv,Don't Let Me Down - Naked Version / Remastered 2013,Don't Let Me Down ,5BhMoGrz5KzG2fA5uzHjZ1,1.8065
Don't Let Me Down ,https://open.spotify.com/embed/track/5BhMoGrz5KzG2fA5uzHjZ1,Let It Be... Naked,The Beatles,20,Evening,2019,0,Don't Let Me Down - Naked Version / Remastered 2013 -- The Beatles,Spotify Listening History 2019 - 2022.csv,Don't Let Me Down - Naked Version / Remastered 2013,Don't Let Me Down ,5BhMoGrz5KzG2fA5uzHjZ1,3.314366667
Don't Let Me Down ,https://open.spotify.com/embed/track/5BhMoGrz5KzG2fA5uzHjZ1,Let It Be... Naked,The Beatles,18,Evening,2019,0,Don't Let Me Down - Naked Version / Remastered 2013 -- The Beatles,Spotify Listening History 2019 - 2022.csv,Don't Let Me Down - Naked Version / Remastered 2013,Don't Let Me Down ,5BhMoGrz5KzG2fA5uzHjZ1,3.314366667
Don't Let Me Down ,https://open.spotify.com/embed/track/5BhMoGrz5KzG2fA5uzHjZ1,Let It Be... Naked,The Beatles,18,Evening,2019,0,Don't Let Me Down - Naked Version / Remastered 2013 -- The Beatles,Spotify Listening History 2019 - 2022.csv,Don't Let Me Down - Naked Version / Remastered 2013,Don't Let Me Down ,5BhMoGrz5KzG2fA5uzHjZ1,3.314366667
Don't Let Me Down ,https://open.spotify.com/embed/track/5BhMoGrz5KzG2fA5uzHjZ1,Let It Be... Naked,The Beatles,17,Afternoon,2019,0,Don't Let Me Down - Naked Version / Remastered 2013 -- The Beatles,Spotify Listening History 2019 - 2022.csv,Don't Let Me Down - Naked Version / Remastered 2013,Don't Let Me Down ,5BhMoGrz5KzG2fA5uzHjZ1,5.920416667
Don't Let Me Down ,https://open.spotify.com/embed/track/5BhMoGrz5KzG2fA5uzHjZ1,Let It Be... Naked,The Beatles,16,Afternoon,2019,0,Don't Let Me Down - Naked Version / Remastered 2013 -- The Beatles,Spotify Listening History 2019 - 2022.csv,Don't Let Me Down - Naked Version / Remastered 2013,Don't Let Me Down ,5BhMoGrz5KzG2fA5uzHjZ1,3.314366667
Don't Let Me Down ,https://open.spotify.com/embed/track/5BhMoGrz5KzG2fA5uzHjZ1,Let It Be... Naked,The Beatles,13,Afternoon,2019,0,Don't Let Me Down - Naked Version / Remastered 2013 -- The Beatles,Spotify Listening History 2019 - 2022.csv,Don't Let Me Down - Naked Version / Remastered 2013,Don't Let Me Down ,5BhMoGrz5KzG2fA5uzHjZ1,3.314366667
Don't Let Me Down ,https://open.spotify.com/embed/track/5BhMoGrz5KzG2fA5uzHjZ1,Let It Be... Naked,The Beatles,13,Afternoon,2019,0,Don't Let Me Down - Naked Version / Remastered 2013 -- The Beatles,Spotify Listening History 2019 - 2022.csv,Don't Let Me Down - Naked Version / Remastered 2013,Don't Let Me Down ,5BhMoGrz5KzG2fA5uzHjZ1,3.314366667
Don't Let Me Down ,https://open.spotify.com/embed/track/5BhMoGrz5KzG2fA5uzHjZ1,Let It Be... Naked,The Beatles,20,Evening,2022,0,Don't Let Me Down - Naked Version / Remastered 2013 -- The Beatles,Spotify Listening History 2019 - 2022.csv,Don't Let Me Down - Naked Version / Remastered 2013,Don't Let Me Down ,5BhMoGrz5KzG2fA5uzHjZ1,3.314366667
Don't Let Me Down ,https://open.spotify.com/embed/track/5BhMoGrz5KzG2fA5uzHjZ1,Let It Be... Naked,The Beatles,5,Night,2022,0,Don't Let Me Down - Naked Version / Remastered 2013 -- The Beatles,Spotify Listening History 2019 - 2022.csv,Don't Let Me Down - Naked Version / Remastered 2013,Don't Let Me Down ,5BhMoGrz5KzG2fA5uzHjZ1,3.314366667
Don't Let Me Down ,https://open.spotify.com/embed/track/5BhMoGrz5KzG2fA5uzHjZ1,Let It Be... Naked,The Beatles,17,Afternoon,2022,0,Don't Let Me Down - Naked Version / Remastered 2013 -- The Beatles,Spotify Listening History 2019 - 2022.csv,Don't Let Me Down - Naked Version / Remastered 2013,Don't Let Me Down ,5BhMoGrz5KzG2fA5uzHjZ1,3.314366667
Don't Let Me Down ,https://open.spotify.com/embed/track/5BhMoGrz5KzG2fA5uzHjZ1,Let It Be... Naked,The Beatles,9,Morning,2022,0,Don't Let Me Down - Naked Version / Remastered 2013 -- The Beatles,Spotify Listening History 2019 - 2022.csv,Don't Let Me Down - Naked Version / Remastered 2013,Don't Let Me Down ,5BhMoGrz5KzG2fA5uzHjZ1,3.314366667
Don't Let Me Down ,https://open.spotify.com/embed/track/5BhMoGrz5KzG2fA5uzHjZ1,Let It Be... Naked,The Beatles,19,Evening,2021,0,Don't Let Me Down - Naked Version / Remastered 2013 -- The Beatles,Spotify Listening History 2019 - 2022.csv,Don't Let Me Down - Naked Version / Remastered 2013,Don't Let Me Down ,5BhMoGrz5KzG2fA5uzHjZ1,3.314366667
Don't Let Me Down ,https://open.spotify.com/embed/track/5BhMoGrz5KzG2fA5uzHjZ1,Let It Be... Naked,The Beatles,15,Afternoon,2019,0,Don't Let Me Down - Naked Version / Remastered 2013 -- The Beatles,Spotify Listening History 2019 - 2022.csv,Don't Let Me Down - Naked Version / Remastered 2013,Don't Let Me Down ,5BhMoGrz5KzG2fA5uzHjZ1,2.637383333
Don't Let Me Down ,https://open.spotify.com/embed/track/5BhMoGrz5KzG2fA5uzHjZ1,Let It Be... Naked,The Beatles,14,Afternoon,2019,0,Don't Let Me Down - Naked Version / Remastered 2013 -- The Beatles,Spotify Listening History 2019 - 2022.csv,Don't Let Me Down - Naked Version / Remastered 2013,Don't Let Me Down ,5BhMoGrz5KzG2fA5uzHjZ1,1.302633333
Don't Let Me Down ,https://open.spotify.com/embed/track/5BhMoGrz5KzG2fA5uzHjZ1,Let It Be... Naked,The Beatles,19,Evening,2019,0,Don't Let Me Down - Naked Version / Remastered 2013 -- The Beatles,Spotify Listening History 2019 - 2022.csv,Don't Let Me Down - Naked Version / Remastered 2013,Don't Let Me Down ,5BhMoGrz5KzG2fA5uzHjZ1,3.314366667
Don't Let Me Down ,https://open.spotify.com/embed/track/5BhMoGrz5KzG2fA5uzHjZ1,Let It Be... Naked,The Beatles,13,Afternoon,2021,0,Don't Let Me Down - Naked Version / Remastered 2013 -- The Beatles,Spotify Listening History 2019 - 2022.csv,Don't Let Me Down - Naked Version / Remastered 2013,Don't Let Me Down ,5BhMoGrz5KzG2fA5uzHjZ1,3.314366667
Don't Let Me Down ,https://open.spotify.com/embed/track/5BhMoGrz5KzG2fA5uzHjZ1,Let It Be... Naked,The Beatles,14,Afternoon,2019,0,Don't Let Me Down - Naked Version / Remastered 2013 -- The Beatles,Spotify Listening History 2019 - 2022.csv,Don't Let Me Down - Naked Version / Remastered 2013,Don't Let Me Down ,5BhMoGrz5KzG2fA5uzHjZ1,3.314366667
Don't Let Me Down ,https://open.spotify.com/embed/track/5BhMoGrz5KzG2fA5uzHjZ1,Let It Be... Naked,The Beatles,14,Afternoon,2019,0,Don't Let Me Down - Naked Version / Remastered 2013 -- The Beatles,Spotify Listening History 2019 - 2022.csv,Don't Let Me Down - Naked Version / Remastered 2013,Don't Let Me Down ,5BhMoGrz5KzG2fA5uzHjZ1,3.314366667
Don't Let Me Down ,https://open.spotify.com/embed/track/5BhMoGrz5KzG2fA5uzHjZ1,Let It Be... Naked,The Beatles,12,Afternoon,2019,0,Don't Let Me Down - Naked Version / Remastered 2013 -- The Beatles,Spotify Listening History 2019 - 2022.csv,Don't Let Me Down - Naked Version / Remastered 2013,Don't Let Me Down ,5BhMoGrz5KzG2fA5uzHjZ1,3.314366667
Albatross,https://open.spotify.com/embed/track/3iZ5twPwvFeOUQA4Deu8tP,Fleetwood Mac's Greatest Hits,Fleetwood Mac,7,Morning,2021,0,Albatross -- Fleetwood Mac,Spotify Listening History 2019 - 2022.csv,Albatross,Albatross,7dwjD9FPK0bFh3TqTWFV8U,3.133333333
Albatross,https://open.spotify.com/embed/track/3iZ5twPwvFeOUQA4Deu8tP,Fleetwood Mac's Greatest Hits,Fleetwood Mac,2,Night,2021,0,Albatross -- Fleetwood Mac,Spotify Listening History 2019 - 2022.csv,Albatross,Albatross,7dwjD9FPK0bFh3TqTWFV8U,3.133333333
Albatross,https://open.spotify.com/embed/track/3iZ5twPwvFeOUQA4Deu8tP,Fleetwood Mac's Greatest Hits,Fleetwood Mac,13,Afternoon,2021,0,Albatross -- Fleetwood Mac,Spotify Listening History 2019 - 2022.csv,Albatross,Albatross,7dwjD9FPK0bFh3TqTWFV8U,3.133333333
Albatross,https://open.spotify.com/embed/track/3iZ5twPwvFeOUQA4Deu8tP,Fleetwood Mac's Greatest Hits,Fleetwood Mac,15,Afternoon,2021,0,Albatross -- Fleetwood Mac,Spotify Listening History 2019 - 2022.csv,Albatross,Albatross,7dwjD9FPK0bFh3TqTWFV8U,3.133333333
Albatross,https://open.spotify.com/embed/track/3iZ5twPwvFeOUQA4Deu8tP,Fleetwood Mac's Greatest Hits,Fleetwood Mac,9,Morning,2021,0,Albatross -- Fleetwood Mac,Spotify Listening History 2019 - 2022.csv,Albatross,Albatross,7dwjD9FPK0bFh3TqTWFV8U,3.133333333
Albatross,https://open.spotify.com/embed/track/3iZ5twPwvFeOUQA4Deu8tP,Fleetwood Mac's Greatest Hits,Fleetwood Mac,9,Morning,2021,0,Albatross -- Fleetwood Mac,Spotify Listening History 2019 - 2022.csv,Albatross,Albatross,7dwjD9FPK0bFh3TqTWFV8U,3.133333333
Albatross,https://open.spotify.com/embed/track/3iZ5twPwvFeOUQA4Deu8tP,Fleetwood Mac's Greatest Hits,Fleetwood Mac,11,Morning,2021,0,Albatross -- Fleetwood Mac,Spotify Listening History 2019 - 2022.csv,Albatross,Albatross,7dwjD9FPK0bFh3TqTWFV8U,1.759616667
Albatross,https://open.spotify.com/embed/track/3iZ5twPwvFeOUQA4Deu8tP,Fleetwood Mac's Greatest Hits,Fleetwood Mac,23,Evening,2021,0,Albatross -- Fleetwood Mac,Spotify Listening History 2019 - 2022.csv,Albatross,Albatross,7dwjD9FPK0bFh3TqTWFV8U,3.133333333
Albatross,https://open.spotify.com/embed/track/3iZ5twPwvFeOUQA4Deu8tP,Fleetwood Mac's Greatest Hits,Fleetwood Mac,23,Evening,2021,0,Albatross -- Fleetwood Mac,Spotify Listening History 2019 - 2022.csv,Albatross,Albatross,7dwjD9FPK0bFh3TqTWFV8U,3.133333333
Albatross,https://open.spotify.com/embed/track/3iZ5twPwvFeOUQA4Deu8tP,Fleetwood Mac's Greatest Hits,Fleetwood Mac,15,Afternoon,2021,0,Albatross -- Fleetwood Mac,Spotify Listening History 2019 - 2022.csv,Albatross,Albatross,7dwjD9FPK0bFh3TqTWFV8U,3.133333333
Albatross,https://open.spotify.com/embed/track/3iZ5twPwvFeOUQA4Deu8tP,Fleetwood Mac's Greatest Hits,Fleetwood Mac,15,Afternoon,2021,0,Albatross -- Fleetwood Mac,Spotify Listening History 2019 - 2022.csv,Albatross,Albatross,7dwjD9FPK0bFh3TqTWFV8U,2.801766667
Albatross,https://open.spotify.com/embed/track/3iZ5twPwvFeOUQA4Deu8tP,Fleetwood Mac's Greatest Hits,Fleetwood Mac,23,Evening,2021,0,Albatross -- Fleetwood Mac,Spotify Listening History 2019 - 2022.csv,Albatross,Albatross,7dwjD9FPK0bFh3TqTWFV8U,3.133333333
Albatross,https://open.spotify.com/embed/track/3iZ5twPwvFeOUQA4Deu8tP,Fleetwood Mac's Greatest Hits,Fleetwood Mac,21,Evening,2021,0,Albatross -- Fleetwood Mac,Spotify Listening History 2019 - 2022.csv,Albatross,Albatross,7dwjD9FPK0bFh3TqTWFV8U,1.844666667
Albatross,https://open.spotify.com/embed/track/3iZ5twPwvFeOUQA4Deu8tP,Fleetwood Mac's Greatest Hits,Fleetwood Mac,13,Afternoon,2022,0,Albatross -- Fleetwood Mac,Spotify Listening History 2019 - 2022.csv,Albatross,Albatross,7dwjD9FPK0bFh3TqTWFV8U,3.133333333
Albatross,https://open.spotify.com/embed/track/3iZ5twPwvFeOUQA4Deu8tP,English Rose,Fleetwood Mac,15,Afternoon,2022,0,Albatross -- Fleetwood Mac,Spotify Listening History 2019 - 2022.csv,Albatross,Albatross,3iZ5twPwvFeOUQA4Deu8tP,3.168433333
Albatross,https://open.spotify.com/embed/track/3iZ5twPwvFeOUQA4Deu8tP,English Rose,Fleetwood Mac,12,Afternoon,2022,0,Albatross -- Fleetwood Mac,Spotify Listening History 2019 - 2022.csv,Albatross,Albatross,3iZ5twPwvFeOUQA4Deu8tP,3.168433333
Albatross,https://open.spotify.com/embed/track/3iZ5twPwvFeOUQA4Deu8tP,English Rose,Fleetwood Mac,10,Morning,2022,0,Albatross -- Fleetwood Mac,Spotify Listening History 2019 - 2022.csv,Albatross,Albatross,3iZ5twPwvFeOUQA4Deu8tP,3.168433333
Albatross,https://open.spotify.com/embed/track/3iZ5twPwvFeOUQA4Deu8tP,Fleetwood Mac's Greatest Hits,Fleetwood Mac,17,Afternoon,2022,0,Albatross -- Fleetwood Mac,Spotify Listening History 2019 - 2022.csv,Albatross,Albatross,7dwjD9FPK0bFh3TqTWFV8U,3.133333333
Albatross,https://open.spotify.com/embed/track/3iZ5twPwvFeOUQA4Deu8tP,Fleetwood Mac's Greatest Hits,Fleetwood Mac,14,Afternoon,2021,0,Albatross -- Fleetwood Mac,Spotify Listening History 2019 - 2022.csv,Albatross,Albatross,7dwjD9FPK0bFh3TqTWFV8U,2.303633333
Albatross,https://open.spotify.com/embed/track/3iZ5twPwvFeOUQA4Deu8tP,Fleetwood Mac's Greatest Hits,Fleetwood Mac,15,Afternoon,2019,0,Albatross -- Fleetwood Mac,Spotify Listening History 2019 - 2022.csv,Albatross,Albatross,7dwjD9FPK0bFh3TqTWFV8U,3.133333333
Albatross,https://open.spotify.com/embed/track/3iZ5twPwvFeOUQA4Deu8tP,Fleetwood Mac's Greatest Hits,Fleetwood Mac,14,Afternoon,2019,0,Albatross -- Fleetwood Mac,Spotify Listening History 2019 - 2022.csv,Albatross,Albatross,7dwjD9FPK0bFh3TqTWFV8U,3.133333333
Albatross,https://open.spotify.com/embed/track/3iZ5twPwvFeOUQA4Deu8tP,Fleetwood Mac's Greatest Hits,Fleetwood Mac,13,Afternoon,2019,0,Albatross -- Fleetwood Mac,Spotify Listening History 2019 - 2022.csv,Albatross,Albatross,7dwjD9FPK0bFh3TqTWFV8U,3.133333333
Albatross,https://open.spotify.com/embed/track/3iZ5twPwvFeOUQA4Deu8tP,Fleetwood Mac's Greatest Hits,Fleetwood Mac,12,Afternoon,2019,0,Albatross -- Fleetwood Mac,Spotify Listening History 2019 - 2022.csv,Albatross,Albatross,7dwjD9FPK0bFh3TqTWFV8U,3.133333333
Albatross,https://open.spotify.com/embed/track/3iZ5twPwvFeOUQA4Deu8tP,Fleetwood Mac's Greatest Hits,Fleetwood Mac,11,Morning,2019,0,Albatross -- Fleetwood Mac,Spotify Listening History 2019 - 2022.csv,Albatross,Albatross,7dwjD9FPK0bFh3TqTWFV8U,3.133333333
Albatross,https://open.spotify.com/embed/track/3iZ5twPwvFeOUQA4Deu8tP,Fleetwood Mac's Greatest Hits,Fleetwood Mac,7,Morning,2019,0,Albatross -- Fleetwood Mac,Spotify Listening History 2019 - 2022.csv,Albatross,Albatross,7dwjD9FPK0bFh3TqTWFV8U,3.133333333
Albatross,https://open.spotify.com/embed/track/3iZ5twPwvFeOUQA4Deu8tP,Fleetwood Mac's Greatest Hits,Fleetwood Mac,7,Morning,2019,0,Albatross -- Fleetwood Mac,Spotify Listening History 2019 - 2022.csv,Albatross,Albatross,7dwjD9FPK0bFh3TqTWFV8U,9.227116667
Albatross,https://open.spotify.com/embed/track/3iZ5twPwvFeOUQA4Deu8tP,Fleetwood Mac's Greatest Hits,Fleetwood Mac,10,Morning,2021,0,Albatross -- Fleetwood Mac,Spotify Listening History 2019 - 2022.csv,Albatross,Albatross,7dwjD9FPK0bFh3TqTWFV8U,3.133333333
Albatross,https://open.spotify.com/embed/track/3iZ5twPwvFeOUQA4Deu8tP,Fleetwood Mac's Greatest Hits,Fleetwood Mac,15,Afternoon,2022,0,Albatross -- Fleetwood Mac,Spotify Listening History 2019 - 2022.csv,Albatross,Albatross,7dwjD9FPK0bFh3TqTWFV8U,3.133333333
Albatross,https://open.spotify.com/embed/track/3iZ5twPwvFeOUQA4Deu8tP,Fleetwood Mac's Greatest Hits,Fleetwood Mac,11,Morning,2020,0,Albatross -- Fleetwood Mac,Spotify Listening History 2019 - 2022.csv,Albatross,Albatross,7dwjD9FPK0bFh3TqTWFV8U,2.947366667
Albatross,https://open.spotify.com/embed/track/3iZ5twPwvFeOUQA4Deu8tP,Fleetwood Mac's Greatest Hits,Fleetwood Mac,10,Morning,2020,0,Albatross -- Fleetwood Mac,Spotify Listening History 2019 - 2022.csv,Albatross,Albatross,7dwjD9FPK0bFh3TqTWFV8U,1.140133333
Albatross,https://open.spotify.com/embed/track/3iZ5twPwvFeOUQA4Deu8tP,Fleetwood Mac's Greatest Hits,Fleetwood Mac,5,Night,2020,0,Albatross -- Fleetwood Mac,Spotify Listening History 2019 - 2022.csv,Albatross,Albatross,7dwjD9FPK0bFh3TqTWFV8U,1.276266667
Albatross,https://open.spotify.com/embed/track/3iZ5twPwvFeOUQA4Deu8tP,Fleetwood Mac's Greatest Hits,Fleetwood Mac,11,Morning,2020,0,Albatross -- Fleetwood Mac,Spotify Listening History 2019 - 2022.csv,Albatross,Albatross,7dwjD9FPK0bFh3TqTWFV8U,2.751616667
Albatross,https://open.spotify.com/embed/track/3iZ5twPwvFeOUQA4Deu8tP,Fleetwood Mac's Greatest Hits,Fleetwood Mac,13,Afternoon,2020,0,Albatross -- Fleetwood Mac,Spotify Listening History 2019 - 2022.csv,Albatross,Albatross,7dwjD9FPK0bFh3TqTWFV8U,3.133333333
Albatross,https://open.spotify.com/embed/track/3iZ5twPwvFeOUQA4Deu8tP,Fleetwood Mac's Greatest Hits,Fleetwood Mac,8,Morning,2022,0,Albatross -- Fleetwood Mac,Spotify Listening History 2019 - 2022.csv,Albatross,Albatross,7dwjD9FPK0bFh3TqTWFV8U,1.11065
Albatross,https://open.spotify.com/embed/track/3iZ5twPwvFeOUQA4Deu8tP,Fleetwood Mac's Greatest Hits,Fleetwood Mac,9,Morning,2022,0,Albatross -- Fleetwood Mac,Spotify Listening History 2019 - 2022.csv,Albatross,Albatross,7dwjD9FPK0bFh3TqTWFV8U,1.236416667
Albatross,https://open.spotify.com/embed/track/3iZ5twPwvFeOUQA4Deu8tP,Fleetwood Mac's Greatest Hits,Fleetwood Mac,9,Morning,2022,0,Albatross -- Fleetwood Mac,Spotify Listening History 2019 - 2022.csv,Albatross,Albatross,7dwjD9FPK0bFh3TqTWFV8U,3.133333333
Albatross,https://open.spotify.com/embed/track/3iZ5twPwvFeOUQA4Deu8tP,Fleetwood Mac's Greatest Hits,Fleetwood Mac,15,Afternoon,2020,0,Albatross -- Fleetwood Mac,Spotify Listening History 2019 - 2022.csv,Albatross,Albatross,7dwjD9FPK0bFh3TqTWFV8U,3.133333333
Albatross,https://open.spotify.com/embed/track/3iZ5twPwvFeOUQA4Deu8tP,English Rose,Fleetwood Mac,13,Afternoon,2022,0,Albatross -- Fleetwood Mac,Spotify Listening History 2019 - 2022.csv,Albatross,Albatross,3iZ5twPwvFeOUQA4Deu8tP,3.168433333
Albatross,https://open.spotify.com/embed/track/3iZ5twPwvFeOUQA4Deu8tP,Fleetwood Mac's Greatest Hits,Fleetwood Mac,12,Afternoon,2020,0,Albatross -- Fleetwood Mac,Spotify Listening History 2019 - 2022.csv,Albatross,Albatross,7dwjD9FPK0bFh3TqTWFV8U,3.133333333
Albatross,https://open.spotify.com/embed/track/3iZ5twPwvFeOUQA4Deu8tP,Fleetwood Mac's Greatest Hits,Fleetwood Mac,2,Night,2020,0,Albatross -- Fleetwood Mac,Spotify Listening History 2019 - 2022.csv,Albatross,Albatross,7dwjD9FPK0bFh3TqTWFV8U,3.133333333
Albatross,https://open.spotify.com/embed/track/3iZ5twPwvFeOUQA4Deu8tP,Fleetwood Mac's Greatest Hits,Fleetwood Mac,7,Morning,2022,0,Albatross -- Fleetwood Mac,Spotify Listening History 2019 - 2022.csv,Albatross,Albatross,7dwjD9FPK0bFh3TqTWFV8U,3.133333333
Albatross,https://open.spotify.com/embed/track/3iZ5twPwvFeOUQA4Deu8tP,Fleetwood Mac's Greatest Hits,Fleetwood Mac,10,Morning,2022,0,Albatross -- Fleetwood Mac,Spotify Listening History 2019 - 2022.csv,Albatross,Albatross,7dwjD9FPK0bFh3TqTWFV8U,3.133333333
Albatross,https://open.spotify.com/embed/track/3iZ5twPwvFeOUQA4Deu8tP,Fleetwood Mac's Greatest Hits,Fleetwood Mac,0,Night,2022,0,Albatross -- Fleetwood Mac,Spotify Listening History 2019 - 2022.csv,Albatross,Albatross,7dwjD9FPK0bFh3TqTWFV8U,3.133333333
Albatross,https://open.spotify.com/embed/track/3iZ5twPwvFeOUQA4Deu8tP,Fleetwood Mac's Greatest Hits,Fleetwood Mac,16,Afternoon,2021,0,Albatross -- Fleetwood Mac,Spotify Listening History 2019 - 2022.csv,Albatross,Albatross,7dwjD9FPK0bFh3TqTWFV8U,3.133333333
Albatross,https://open.spotify.com/embed/track/3iZ5twPwvFeOUQA4Deu8tP,Fleetwood Mac's Greatest Hits,Fleetwood Mac,12,Afternoon,2020,0,Albatross -- Fleetwood Mac,Spotify Listening History 2019 - 2022.csv,Albatross,Albatross,7dwjD9FPK0bFh3TqTWFV8U,3.133333333
Albatross,https://open.spotify.com/embed/track/3iZ5twPwvFeOUQA4Deu8tP,Fleetwood Mac's Greatest Hits,Fleetwood Mac,23,Evening,2020,0,Albatross -- Fleetwood Mac,Spotify Listening History 2019 - 2022.csv,Albatross,Albatross,7dwjD9FPK0bFh3TqTWFV8U,3.133333333
Albatross,https://open.spotify.com/embed/track/3iZ5twPwvFeOUQA4Deu8tP,Fleetwood Mac's Greatest Hits,Fleetwood Mac,14,Afternoon,2021,0,Albatross -- Fleetwood Mac,Spotify Listening History 2019 - 2022.csv,Albatross,Albatross,7dwjD9FPK0bFh3TqTWFV8U,3.133333333
Albatross,https://open.spotify.com/embed/track/3iZ5twPwvFeOUQA4Deu8tP,Fleetwood Mac's Greatest Hits,Fleetwood Mac,17,Afternoon,2021,0,Albatross -- Fleetwood Mac,Spotify Listening History 2019 - 2022.csv,Albatross,Albatross,7dwjD9FPK0bFh3TqTWFV8U,3.133333333
Albatross,https://open.spotify.com/embed/track/3iZ5twPwvFeOUQA4Deu8tP,Fleetwood Mac's Greatest Hits,Fleetwood Mac,3,Night,2020,0,Albatross -- Fleetwood Mac,Spotify Listening History 2019 - 2022.csv,Albatross,Albatross,7dwjD9FPK0bFh3TqTWFV8U,3.133333333
Albatross,https://open.spotify.com/embed/track/3iZ5twPwvFeOUQA4Deu8tP,Fleetwood Mac's Greatest Hits,Fleetwood Mac,11,Morning,2021,0,Albatross -- Fleetwood Mac,Spotify Listening History 2019 - 2022.csv,Albatross,Albatross,7dwjD9FPK0bFh3TqTWFV8U,1.757583333
Albatross,https://open.spotify.com/embed/track/3iZ5twPwvFeOUQA4Deu8tP,Fleetwood Mac's Greatest Hits,Fleetwood Mac,17,Afternoon,2021,0,Albatross -- Fleetwood Mac,Spotify Listening History 2019 - 2022.csv,Albatross,Albatross,7dwjD9FPK0bFh3TqTWFV8U,3.133333333
Albatross,https://open.spotify.com/embed/track/3iZ5twPwvFeOUQA4Deu8tP,Fleetwood Mac's Greatest Hits,Fleetwood Mac,23,Evening,2020,0,Albatross -- Fleetwood Mac,Spotify Listening History 2019 - 2022.csv,Albatross,Albatross,7dwjD9FPK0bFh3TqTWFV8U,3.133333333
Albatross,https://open.spotify.com/embed/track/3iZ5twPwvFeOUQA4Deu8tP,Fleetwood Mac's Greatest Hits,Fleetwood Mac,21,Evening,2020,0,Albatross -- Fleetwood Mac,Spotify Listening History 2019 - 2022.csv,Albatross,Albatross,7dwjD9FPK0bFh3TqTWFV8U,3.133333333
Albatross,https://open.spotify.com/embed/track/3iZ5twPwvFeOUQA4Deu8tP,Fleetwood Mac's Greatest Hits,Fleetwood Mac,20,Evening,2020,0,Albatross -- Fleetwood Mac,Spotify Listening History 2019 - 2022.csv,Albatross,Albatross,7dwjD9FPK0bFh3TqTWFV8U,3.133333333
Albatross,https://open.spotify.com/embed/track/3iZ5twPwvFeOUQA4Deu8tP,Fleetwood Mac's Greatest Hits,Fleetwood Mac,0,Night,2021,0,Albatross -- Fleetwood Mac,Spotify Listening History 2019 - 2022.csv,Albatross,Albatross,7dwjD9FPK0bFh3TqTWFV8U,3.133333333
Albatross,https://open.spotify.com/embed/track/3iZ5twPwvFeOUQA4Deu8tP,Fleetwood Mac's Greatest Hits,Fleetwood Mac,18,Evening,2021,0,Albatross -- Fleetwood Mac,Spotify Listening History 2019 - 2022.csv,Albatross,Albatross,7dwjD9FPK0bFh3TqTWFV8U,3.133333333
Albatross,https://open.spotify.com/embed/track/3iZ5twPwvFeOUQA4Deu8tP,Fleetwood Mac's Greatest Hits,Fleetwood Mac,0,Night,2021,0,Albatross -- Fleetwood Mac,Spotify Listening History 2019 - 2022.csv,Albatross,Albatross,7dwjD9FPK0bFh3TqTWFV8U,3.133333333
Albatross,https://open.spotify.com/embed/track/3iZ5twPwvFeOUQA4Deu8tP,Fleetwood Mac's Greatest Hits,Fleetwood Mac,8,Morning,2020,0,Albatross -- Fleetwood Mac,Spotify Listening History 2019 - 2022.csv,Albatross,Albatross,7dwjD9FPK0bFh3TqTWFV8U,3.133333333
Albatross,https://open.spotify.com/embed/track/3iZ5twPwvFeOUQA4Deu8tP,Fleetwood Mac's Greatest Hits,Fleetwood Mac,1,Night,2020,0,Albatross -- Fleetwood Mac,Spotify Listening History 2019 - 2022.csv,Albatross,Albatross,7dwjD9FPK0bFh3TqTWFV8U,3.133333333
Albatross,https://open.spotify.com/embed/track/3iZ5twPwvFeOUQA4Deu8tP,Fleetwood Mac's Greatest Hits,Fleetwood Mac,22,Evening,2020,0,Albatross -- Fleetwood Mac,Spotify Listening History 2019 - 2022.csv,Albatross,Albatross,7dwjD9FPK0bFh3TqTWFV8U,3.133333333
Albatross,https://open.spotify.com/embed/track/3iZ5twPwvFeOUQA4Deu8tP,Fleetwood Mac's Greatest Hits,Fleetwood Mac,20,Evening,2020,0,Albatross -- Fleetwood Mac,Spotify Listening History 2019 - 2022.csv,Albatross,Albatross,7dwjD9FPK0bFh3TqTWFV8U,2.044083333
Albatross,https://open.spotify.com/embed/track/3iZ5twPwvFeOUQA4Deu8tP,Fleetwood Mac's Greatest Hits,Fleetwood Mac,12,Afternoon,2020,0,Albatross -- Fleetwood Mac,Spotify Listening History 2019 - 2022.csv,Albatross,Albatross,7dwjD9FPK0bFh3TqTWFV8U,3.133333333
Albatross,https://open.spotify.com/embed/track/3iZ5twPwvFeOUQA4Deu8tP,Fleetwood Mac's Greatest Hits,Fleetwood Mac,2,Night,2020,0,Albatross -- Fleetwood Mac,Spotify Listening History 2019 - 2022.csv,Albatross,Albatross,7dwjD9FPK0bFh3TqTWFV8U,3.133333333
Albatross,https://open.spotify.com/embed/track/3iZ5twPwvFeOUQA4Deu8tP,Fleetwood Mac's Greatest Hits,Fleetwood Mac,1,Night,2020,0,Albatross -- Fleetwood Mac,Spotify Listening History 2019 - 2022.csv,Albatross,Albatross,7dwjD9FPK0bFh3TqTWFV8U,3.133333333
Albatross,https://open.spotify.com/embed/track/3iZ5twPwvFeOUQA4Deu8tP,Fleetwood Mac's Greatest Hits,Fleetwood Mac,20,Evening,2020,0,Albatross -- Fleetwood Mac,Spotify Listening History 2019 - 2022.csv,Albatross,Albatross,7dwjD9FPK0bFh3TqTWFV8U,1.209116667
Albatross,https://open.spotify.com/embed/track/3iZ5twPwvFeOUQA4Deu8tP,Fleetwood Mac's Greatest Hits,Fleetwood Mac,9,Morning,2021,0,Albatross -- Fleetwood Mac,Spotify Listening History 2019 - 2022.csv,Albatross,Albatross,7dwjD9FPK0bFh3TqTWFV8U,3.133333333
Albatross,https://open.spotify.com/embed/track/3iZ5twPwvFeOUQA4Deu8tP,Fleetwood Mac's Greatest Hits,Fleetwood Mac,20,Evening,2020,0,Albatross -- Fleetwood Mac,Spotify Listening History 2019 - 2022.csv,Albatross,Albatross,7dwjD9FPK0bFh3TqTWFV8U,3.133333333
Albatross,https://open.spotify.com/embed/track/3iZ5twPwvFeOUQA4Deu8tP,Fleetwood Mac's Greatest Hits,Fleetwood Mac,4,Night,2020,0,Albatross -- Fleetwood Mac,Spotify Listening History 2019 - 2022.csv,Albatross,Albatross,7dwjD9FPK0bFh3TqTWFV8U,3.133333333
Albatross,https://open.spotify.com/embed/track/3iZ5twPwvFeOUQA4Deu8tP,Fleetwood Mac's Greatest Hits,Fleetwood Mac,14,Afternoon,2021,0,Albatross -- Fleetwood Mac,Spotify Listening History 2019 - 2022.csv,Albatross,Albatross,7dwjD9FPK0bFh3TqTWFV8U,3.133333333
Albatross,https://open.spotify.com/embed/track/3iZ5twPwvFeOUQA4Deu8tP,Fleetwood Mac's Greatest Hits,Fleetwood Mac,8,Morning,2021,0,Albatross -- Fleetwood Mac,Spotify Listening History 2019 - 2022.csv,Albatross,Albatross,7dwjD9FPK0bFh3TqTWFV8U,3.133333333
Albatross,https://open.spotify.com/embed/track/3iZ5twPwvFeOUQA4Deu8tP,Fleetwood Mac's Greatest Hits,Fleetwood Mac,10,Morning,2021,0,Albatross -- Fleetwood Mac,Spotify Listening History 2019 - 2022.csv,Albatross,Albatross,7dwjD9FPK0bFh3TqTWFV8U,1.567633333
Albatross,https://open.spotify.com/embed/track/3iZ5twPwvFeOUQA4Deu8tP,Fleetwood Mac's Greatest Hits,Fleetwood Mac,16,Afternoon,2020,0,Albatross -- Fleetwood Mac,Spotify Listening History 2019 - 2022.csv,Albatross,Albatross,7dwjD9FPK0bFh3TqTWFV8U,4.268983333
Albatross,https://open.spotify.com/embed/track/3iZ5twPwvFeOUQA4Deu8tP,Fleetwood Mac's Greatest Hits,Fleetwood Mac,23,Evening,2019,0,Albatross -- Fleetwood Mac,Spotify Listening History 2019 - 2022.csv,Albatross,Albatross,7dwjD9FPK0bFh3TqTWFV8U,2.352566667
Albatross,https://open.spotify.com/embed/track/3iZ5twPwvFeOUQA4Deu8tP,Fleetwood Mac's Greatest Hits,Fleetwood Mac,21,Evening,2019,0,Albatross -- Fleetwood Mac,Spotify Listening History 2019 - 2022.csv,Albatross,Albatross,7dwjD9FPK0bFh3TqTWFV8U,2.9141
Albatross,https://open.spotify.com/embed/track/3iZ5twPwvFeOUQA4Deu8tP,Fleetwood Mac's Greatest Hits,Fleetwood Mac,15,Afternoon,2021,0,Albatross -- Fleetwood Mac,Spotify Listening History 2019 - 2022.csv,Albatross,Albatross,7dwjD9FPK0bFh3TqTWFV8U,3.133333333
Albatross,https://open.spotify.com/embed/track/3iZ5twPwvFeOUQA4Deu8tP,Fleetwood Mac's Greatest Hits,Fleetwood Mac,11,Morning,2019,0,Albatross -- Fleetwood Mac,Spotify Listening History 2019 - 2022.csv,Albatross,Albatross,7dwjD9FPK0bFh3TqTWFV8U,2.973766667
Albatross,https://open.spotify.com/embed/track/3iZ5twPwvFeOUQA4Deu8tP,Fleetwood Mac's Greatest Hits,Fleetwood Mac,0,Night,2020,0,Albatross -- Fleetwood Mac,Spotify Listening History 2019 - 2022.csv,Albatross,Albatross,7dwjD9FPK0bFh3TqTWFV8U,3.133333333
Albatross,https://open.spotify.com/embed/track/3iZ5twPwvFeOUQA4Deu8tP,Fleetwood Mac's Greatest Hits,Fleetwood Mac,16,Afternoon,2020,0,Albatross -- Fleetwood Mac,Spotify Listening History 2019 - 2022.csv,Albatross,Albatross,7dwjD9FPK0bFh3TqTWFV8U,1.05635
Albatross,https://open.spotify.com/embed/track/3iZ5twPwvFeOUQA4Deu8tP,Fleetwood Mac's Greatest Hits,Fleetwood Mac,10,Morning,2019,0,Albatross -- Fleetwood Mac,Spotify Listening History 2019 - 2022.csv,Albatross,Albatross,7dwjD9FPK0bFh3TqTWFV8U,3.841733333
Albatross,https://open.spotify.com/embed/track/3iZ5twPwvFeOUQA4Deu8tP,Fleetwood Mac's Greatest Hits,Fleetwood Mac,15,Afternoon,2020,0,Albatross -- Fleetwood Mac,Spotify Listening History 2019 - 2022.csv,Albatross,Albatross,7dwjD9FPK0bFh3TqTWFV8U,3.133333333
Albatross,https://open.spotify.com/embed/track/3iZ5twPwvFeOUQA4Deu8tP,Fleetwood Mac's Greatest Hits,Fleetwood Mac,19,Evening,2020,0,Albatross -- Fleetwood Mac,Spotify Listening History 2019 - 2022.csv,Albatross,Albatross,7dwjD9FPK0bFh3TqTWFV8U,1.031816667
Albatross,https://open.spotify.com/embed/track/3iZ5twPwvFeOUQA4Deu8tP,Fleetwood Mac's Greatest Hits,Fleetwood Mac,22,Evening,2020,0,Albatross -- Fleetwood Mac,Spotify Listening History 2019 - 2022.csv,Albatross,Albatross,7dwjD9FPK0bFh3TqTWFV8U,2.232166667
Albatross,https://open.spotify.com/embed/track/3iZ5twPwvFeOUQA4Deu8tP,Fleetwood Mac's Greatest Hits,Fleetwood Mac,10,Morning,2022,0,Albatross -- Fleetwood Mac,Spotify Listening History 2019 - 2022.csv,Albatross,Albatross,7dwjD9FPK0bFh3TqTWFV8U,3.133333333
Albatross,https://open.spotify.com/embed/track/3iZ5twPwvFeOUQA4Deu8tP,Fleetwood Mac's Greatest Hits,Fleetwood Mac,23,Evening,2022,0,Albatross -- Fleetwood Mac,Spotify Listening History 2019 - 2022.csv,Albatross,Albatross,7dwjD9FPK0bFh3TqTWFV8U,3.133333333
Albatross,https://open.spotify.com/embed/track/3iZ5twPwvFeOUQA4Deu8tP,Fleetwood Mac's Greatest Hits,Fleetwood Mac,0,Night,2021,0,Albatross -- Fleetwood Mac,Spotify Listening History 2019 - 2022.csv,Albatross,Albatross,7dwjD9FPK0bFh3TqTWFV8U,3.133333333
Albatross,https://open.spotify.com/embed/track/3iZ5twPwvFeOUQA4Deu8tP,Fleetwood Mac's Greatest Hits,Fleetwood Mac,15,Afternoon,2022,0,Albatross -- Fleetwood Mac,Spotify Listening History 2019 - 2022.csv,Albatross,Albatross,7dwjD9FPK0bFh3TqTWFV8U,3.133333333
Albatross,https://open.spotify.com/embed/track/3iZ5twPwvFeOUQA4Deu8tP,Fleetwood Mac's Greatest Hits,Fleetwood Mac,5,Night,2020,0,Albatross -- Fleetwood Mac,Spotify Listening History 2019 - 2022.csv,Albatross,Albatross,7dwjD9FPK0bFh3TqTWFV8U,3.133333333
Albatross,https://open.spotify.com/embed/track/3iZ5twPwvFeOUQA4Deu8tP,Fleetwood Mac's Greatest Hits,Fleetwood Mac,12,Afternoon,2020,0,Albatross -- Fleetwood Mac,Spotify Listening History 2019 - 2022.csv,Albatross,Albatross,7dwjD9FPK0bFh3TqTWFV8U,2.035916667
Albatross,https://open.spotify.com/embed/track/3iZ5twPwvFeOUQA4Deu8tP,Fleetwood Mac's Greatest Hits,Fleetwood Mac,1,Night,2021,0,Albatross -- Fleetwood Mac,Spotify Listening History 2019 - 2022.csv,Albatross,Albatross,7dwjD9FPK0bFh3TqTWFV8U,3.133333333
Albatross,https://open.spotify.com/embed/track/3iZ5twPwvFeOUQA4Deu8tP,Fleetwood Mac's Greatest Hits,Fleetwood Mac,11,Morning,2019,0,Albatross -- Fleetwood Mac,Spotify Listening History 2019 - 2022.csv,Albatross,Albatross,7dwjD9FPK0bFh3TqTWFV8U,3.133333333
Albatross,https://open.spotify.com/embed/track/3iZ5twPwvFeOUQA4Deu8tP,Fleetwood Mac's Greatest Hits,Fleetwood Mac,0,Night,2021,0,Albatross -- Fleetwood Mac,Spotify Listening History 2019 - 2022.csv,Albatross,Albatross,7dwjD9FPK0bFh3TqTWFV8U,3.133333333
Albatross,https://open.spotify.com/embed/track/3iZ5twPwvFeOUQA4Deu8tP,Fleetwood Mac's Greatest Hits,Fleetwood Mac,11,Morning,2020,0,Albatross -- Fleetwood Mac,Spotify Listening History 2019 - 2022.csv,Albatross,Albatross,7dwjD9FPK0bFh3TqTWFV8U,1.966333333
Albatross,https://open.spotify.com/embed/track/3iZ5twPwvFeOUQA4Deu8tP,Fleetwood Mac's Greatest Hits,Fleetwood Mac,17,Afternoon,2020,0,Albatross -- Fleetwood Mac,Spotify Listening History 2019 - 2022.csv,Albatross,Albatross,7dwjD9FPK0bFh3TqTWFV8U,2.279033333
Albatross,https://open.spotify.com/embed/track/3iZ5twPwvFeOUQA4Deu8tP,Fleetwood Mac's Greatest Hits,Fleetwood Mac,13,Afternoon,2020,0,Albatross -- Fleetwood Mac,Spotify Listening History 2019 - 2022.csv,Albatross,Albatross,7dwjD9FPK0bFh3TqTWFV8U,3.133333333
Albatross,https://open.spotify.com/embed/track/3iZ5twPwvFeOUQA4Deu8tP,Fleetwood Mac's Greatest Hits,Fleetwood Mac,13,Afternoon,2020,0,Albatross -- Fleetwood Mac,Spotify Listening History 2019 - 2022.csv,Albatross,Albatross,7dwjD9FPK0bFh3TqTWFV8U,4.895683333
Albatross,https://open.spotify.com/embed/track/3iZ5twPwvFeOUQA4Deu8tP,Fleetwood Mac's Greatest Hits,Fleetwood Mac,19,Evening,2020,0,Albatross -- Fleetwood Mac,Spotify Listening History 2019 - 2022.csv,Albatross,Albatross,7dwjD9FPK0bFh3TqTWFV8U,3.133333333
Albatross,https://open.spotify.com/embed/track/3iZ5twPwvFeOUQA4Deu8tP,Fleetwood Mac's Greatest Hits,Fleetwood Mac,9,Morning,2019,0,Albatross -- Fleetwood Mac,Spotify Listening History 2019 - 2022.csv,Albatross,Albatross,7dwjD9FPK0bFh3TqTWFV8U,2.875833333
Albatross,https://open.spotify.com/embed/track/3iZ5twPwvFeOUQA4Deu8tP,Fleetwood Mac's Greatest Hits,Fleetwood Mac,23,Evening,2019,0,Albatross -- Fleetwood Mac,Spotify Listening History 2019 - 2022.csv,Albatross,Albatross,7dwjD9FPK0bFh3TqTWFV8U,3.133333333
Albatross,https://open.spotify.com/embed/track/3iZ5twPwvFeOUQA4Deu8tP,Fleetwood Mac's Greatest Hits,Fleetwood Mac,23,Evening,2019,0,Albatross -- Fleetwood Mac,Spotify Listening History 2019 - 2022.csv,Albatross,Albatross,7dwjD9FPK0bFh3TqTWFV8U,3.133333333
Albatross,https://open.spotify.com/embed/track/3iZ5twPwvFeOUQA4Deu8tP,Fleetwood Mac's Greatest Hits,Fleetwood Mac,18,Evening,2020,0,Albatross -- Fleetwood Mac,Spotify Listening History 2019 - 2022.csv,Albatross,Albatross,7dwjD9FPK0bFh3TqTWFV8U,3.133333333
Albatross,https://open.spotify.com/embed/track/3iZ5twPwvFeOUQA4Deu8tP,English Rose,Fleetwood Mac,9,Morning,2022,0,Albatross -- Fleetwood Mac,Spotify Listening History 2019 - 2022.csv,Albatross,Albatross,3iZ5twPwvFeOUQA4Deu8tP,3.168433333
Albatross,https://open.spotify.com/embed/track/3iZ5twPwvFeOUQA4Deu8tP,Fleetwood Mac's Greatest Hits,Fleetwood Mac,12,Afternoon,2020,0,Albatross -- Fleetwood Mac,Spotify Listening History 2019 - 2022.csv,Albatross,Albatross,7dwjD9FPK0bFh3TqTWFV8U,3.133333333
Albatross,https://open.spotify.com/embed/track/3iZ5twPwvFeOUQA4Deu8tP,Fleetwood Mac's Greatest Hits,Fleetwood Mac,21,Evening,2020,0,Albatross -- Fleetwood Mac,Spotify Listening History 2019 - 2022.csv,Albatross,Albatross,7dwjD9FPK0bFh3TqTWFV8U,3.133333333
Albatross,https://open.spotify.com/embed/track/3iZ5twPwvFeOUQA4Deu8tP,Fleetwood Mac's Greatest Hits,Fleetwood Mac,17,Afternoon,2019,0,Albatross -- Fleetwood Mac,Spotify Listening History 2019 - 2022.csv,Albatross,Albatross,7dwjD9FPK0bFh3TqTWFV8U,3.133333333
Albatross,https://open.spotify.com/embed/track/3iZ5twPwvFeOUQA4Deu8tP,Fleetwood Mac's Greatest Hits,Fleetwood Mac,14,Afternoon,2019,0,Albatross -- Fleetwood Mac,Spotify Listening History 2019 - 2022.csv,Albatross,Albatross,7dwjD9FPK0bFh3TqTWFV8U,3.133333333
Albatross,https://open.spotify.com/embed/track/3iZ5twPwvFeOUQA4Deu8tP,Fleetwood Mac's Greatest Hits,Fleetwood Mac,14,Afternoon,2019,0,Albatross -- Fleetwood Mac,Spotify Listening History 2019 - 2022.csv,Albatross,Albatross,7dwjD9FPK0bFh3TqTWFV8U,3.133333333
Albatross,https://open.spotify.com/embed/track/3iZ5twPwvFeOUQA4Deu8tP,Fleetwood Mac's Greatest Hits,Fleetwood Mac,13,Afternoon,2019,0,Albatross -- Fleetwood Mac,Spotify Listening History 2019 - 2022.csv,Albatross,Albatross,7dwjD9FPK0bFh3TqTWFV8U,3.133333333
Albatross,https://open.spotify.com/embed/track/3iZ5twPwvFeOUQA4Deu8tP,Fleetwood Mac's Greatest Hits,Fleetwood Mac,23,Evening,2019,0,Albatross -- Fleetwood Mac,Spotify Listening History 2019 - 2022.csv,Albatross,Albatross,7dwjD9FPK0bFh3TqTWFV8U,1.570433333
Albatross,https://open.spotify.com/embed/track/3iZ5twPwvFeOUQA4Deu8tP,Fleetwood Mac's Greatest Hits,Fleetwood Mac,0,Night,2019,0,Albatross -- Fleetwood Mac,Spotify Listening History 2019 - 2022.csv,Albatross,Albatross,7dwjD9FPK0bFh3TqTWFV8U,3.133333333
Albatross,https://open.spotify.com/embed/track/3iZ5twPwvFeOUQA4Deu8tP,Fleetwood Mac's Greatest Hits,Fleetwood Mac,12,Afternoon,2022,0,Albatross -- Fleetwood Mac,Spotify Listening History 2019 - 2022.csv,Albatross,Albatross,7dwjD9FPK0bFh3TqTWFV8U,3.133333333
Albatross,https://open.spotify.com/embed/track/3iZ5twPwvFeOUQA4Deu8tP,Fleetwood Mac's Greatest Hits,Fleetwood Mac,8,Morning,2022,0,Albatross -- Fleetwood Mac,Spotify Listening History 2019 - 2022.csv,Albatross,Albatross,7dwjD9FPK0bFh3TqTWFV8U,3.133333333
Albatross,https://open.spotify.com/embed/track/3iZ5twPwvFeOUQA4Deu8tP,Fleetwood Mac's Greatest Hits,Fleetwood Mac,23,Evening,2021,0,Albatross -- Fleetwood Mac,Spotify Listening History 2019 - 2022.csv,Albatross,Albatross,7dwjD9FPK0bFh3TqTWFV8U,3.133333333
Albatross,https://open.spotify.com/embed/track/3iZ5twPwvFeOUQA4Deu8tP,Fleetwood Mac's Greatest Hits,Fleetwood Mac,9,Morning,2022,0,Albatross -- Fleetwood Mac,Spotify Listening History 2019 - 2022.csv,Albatross,Albatross,7dwjD9FPK0bFh3TqTWFV8U,3.133333333
Albatross,https://open.spotify.com/embed/track/3iZ5twPwvFeOUQA4Deu8tP,Fleetwood Mac's Greatest Hits,Fleetwood Mac,10,Morning,2019,0,Albatross -- Fleetwood Mac,Spotify Listening History 2019 - 2022.csv,Albatross,Albatross,7dwjD9FPK0bFh3TqTWFV8U,2.655133333
Albatross,https://open.spotify.com/embed/track/3iZ5twPwvFeOUQA4Deu8tP,Fleetwood Mac's Greatest Hits,Fleetwood Mac,1,Night,2022,0,Albatross -- Fleetwood Mac,Spotify Listening History 2019 - 2022.csv,Albatross,Albatross,7dwjD9FPK0bFh3TqTWFV8U,3.133333333
Albatross,https://open.spotify.com/embed/track/3iZ5twPwvFeOUQA4Deu8tP,Fleetwood Mac's Greatest Hits,Fleetwood Mac,0,Night,2022,0,Albatross -- Fleetwood Mac,Spotify Listening History 2019 - 2022.csv,Albatross,Albatross,7dwjD9FPK0bFh3TqTWFV8U,3.133333333
Albatross,https://open.spotify.com/embed/track/3iZ5twPwvFeOUQA4Deu8tP,Fleetwood Mac's Greatest Hits,Fleetwood Mac,12,Afternoon,2021,0,Albatross -- Fleetwood Mac,Spotify Listening History 2019 - 2022.csv,Albatross,Albatross,7dwjD9FPK0bFh3TqTWFV8U,1.629333333
Albatross,https://open.spotify.com/embed/track/3iZ5twPwvFeOUQA4Deu8tP,Fleetwood Mac's Greatest Hits,Fleetwood Mac,23,Evening,2022,0,Albatross -- Fleetwood Mac,Spotify Listening History 2019 - 2022.csv,Albatross,Albatross,7dwjD9FPK0bFh3TqTWFV8U,3.133333333
Albatross,https://open.spotify.com/embed/track/3iZ5twPwvFeOUQA4Deu8tP,Fleetwood Mac's Greatest Hits,Fleetwood Mac,18,Evening,2019,0,Albatross -- Fleetwood Mac,Spotify Listening History 2019 - 2022.csv,Albatross,Albatross,7dwjD9FPK0bFh3TqTWFV8U,3.133333333
Albatross,https://open.spotify.com/embed/track/3iZ5twPwvFeOUQA4Deu8tP,Fleetwood Mac's Greatest Hits,Fleetwood Mac,0,Night,2022,0,Albatross -- Fleetwood Mac,Spotify Listening History 2019 - 2022.csv,Albatross,Albatross,7dwjD9FPK0bFh3TqTWFV8U,3.133333333
Albatross,https://open.spotify.com/embed/track/3iZ5twPwvFeOUQA4Deu8tP,Fleetwood Mac's Greatest Hits,Fleetwood Mac,12,Afternoon,2019,0,Albatross -- Fleetwood Mac,Spotify Listening History 2019 - 2022.csv,Albatross,Albatross,7dwjD9FPK0bFh3TqTWFV8U,3.133333333
Albatross,https://open.spotify.com/embed/track/3iZ5twPwvFeOUQA4Deu8tP,Fleetwood Mac's Greatest Hits,Fleetwood Mac,12,Afternoon,2019,0,Albatross -- Fleetwood Mac,Spotify Listening History 2019 - 2022.csv,Albatross,Albatross,7dwjD9FPK0bFh3TqTWFV8U,3.133333333
Albatross,https://open.spotify.com/embed/track/3iZ5twPwvFeOUQA4Deu8tP,Fleetwood Mac's Greatest Hits,Fleetwood Mac,11,Morning,2022,0,Albatross -- Fleetwood Mac,Spotify Listening History 2019 - 2022.csv,Albatross,Albatross,7dwjD9FPK0bFh3TqTWFV8U,2.4403
Albatross,https://open.spotify.com/embed/track/3iZ5twPwvFeOUQA4Deu8tP,Fleetwood Mac's Greatest Hits,Fleetwood Mac,9,Morning,2022,0,Albatross -- Fleetwood Mac,Spotify Listening History 2019 - 2022.csv,Albatross,Albatross,7dwjD9FPK0bFh3TqTWFV8U,3.060183333
Albatross,https://open.spotify.com/embed/track/3iZ5twPwvFeOUQA4Deu8tP,Fleetwood Mac's Greatest Hits,Fleetwood Mac,16,Afternoon,2022,0,Albatross -- Fleetwood Mac,Spotify Listening History 2019 - 2022.csv,Albatross,Albatross,7dwjD9FPK0bFh3TqTWFV8U,3.133333333
Albatross,https://open.spotify.com/embed/track/3iZ5twPwvFeOUQA4Deu8tP,Fleetwood Mac's Greatest Hits,Fleetwood Mac,15,Afternoon,2019,0,Albatross -- Fleetwood Mac,Spotify Listening History 2019 - 2022.csv,Albatross,Albatross,7dwjD9FPK0bFh3TqTWFV8U,3.133333333
Albatross,https://open.spotify.com/embed/track/3iZ5twPwvFeOUQA4Deu8tP,Fleetwood Mac's Greatest Hits,Fleetwood Mac,10,Morning,2020,0,Albatross -- Fleetwood Mac,Spotify Listening History 2019 - 2022.csv,Albatross,Albatross,7dwjD9FPK0bFh3TqTWFV8U,2.5653
Albatross,https://open.spotify.com/embed/track/3iZ5twPwvFeOUQA4Deu8tP,Fleetwood Mac's Greatest Hits,Fleetwood Mac,22,Evening,2022,0,Albatross -- Fleetwood Mac,Spotify Listening History 2019 - 2022.csv,Albatross,Albatross,7dwjD9FPK0bFh3TqTWFV8U,3.133333333
Albatross,https://open.spotify.com/embed/track/3iZ5twPwvFeOUQA4Deu8tP,Fleetwood Mac's Greatest Hits,Fleetwood Mac,9,Morning,2022,0,Albatross -- Fleetwood Mac,Spotify Listening History 2019 - 2022.csv,Albatross,Albatross,7dwjD9FPK0bFh3TqTWFV8U,3.133333333
Albatross,https://open.spotify.com/embed/track/3iZ5twPwvFeOUQA4Deu8tP,Fleetwood Mac's Greatest Hits,Fleetwood Mac,23,Evening,2019,0,Albatross -- Fleetwood Mac,Spotify Listening History 2019 - 2022.csv,Albatross,Albatross,7dwjD9FPK0bFh3TqTWFV8U,5.387983333
Albatross,https://open.spotify.com/embed/track/3iZ5twPwvFeOUQA4Deu8tP,Fleetwood Mac's Greatest Hits,Fleetwood Mac,16,Afternoon,2019,0,Albatross -- Fleetwood Mac,Spotify Listening History 2019 - 2022.csv,Albatross,Albatross,7dwjD9FPK0bFh3TqTWFV8U,3.133333333
Albatross,https://open.spotify.com/embed/track/3iZ5twPwvFeOUQA4Deu8tP,Fleetwood Mac's Greatest Hits,Fleetwood Mac,15,Afternoon,2019,0,Albatross -- Fleetwood Mac,Spotify Listening History 2019 - 2022.csv,Albatross,Albatross,7dwjD9FPK0bFh3TqTWFV8U,3.133333333
Albatross,https://open.spotify.com/embed/track/3iZ5twPwvFeOUQA4Deu8tP,Fleetwood Mac's Greatest Hits,Fleetwood Mac,10,Morning,2021,0,Albatross -- Fleetwood Mac,Spotify Listening History 2019 - 2022.csv,Albatross,Albatross,7dwjD9FPK0bFh3TqTWFV8U,3.133333333
Albatross,https://open.spotify.com/embed/track/3iZ5twPwvFeOUQA4Deu8tP,Fleetwood Mac's Greatest Hits,Fleetwood Mac,13,Afternoon,2019,0,Albatross -- Fleetwood Mac,Spotify Listening History 2019 - 2022.csv,Albatross,Albatross,7dwjD9FPK0bFh3TqTWFV8U,3.133333333
Albatross,https://open.spotify.com/embed/track/3iZ5twPwvFeOUQA4Deu8tP,Fleetwood Mac's Greatest Hits,Fleetwood Mac,4,Night,2019,0,Albatross -- Fleetwood Mac,Spotify Listening History 2019 - 2022.csv,Albatross,Albatross,7dwjD9FPK0bFh3TqTWFV8U,3.133333333
Albatross,https://open.spotify.com/embed/track/3iZ5twPwvFeOUQA4Deu8tP,Fleetwood Mac's Greatest Hits,Fleetwood Mac,10,Morning,2022,0,Albatross -- Fleetwood Mac,Spotify Listening History 2019 - 2022.csv,Albatross,Albatross,7dwjD9FPK0bFh3TqTWFV8U,3.133333333
Albatross,https://open.spotify.com/embed/track/3iZ5twPwvFeOUQA4Deu8tP,Fleetwood Mac's Greatest Hits,Fleetwood Mac,8,Morning,2022,0,Albatross -- Fleetwood Mac,Spotify Listening History 2019 - 2022.csv,Albatross,Albatross,7dwjD9FPK0bFh3TqTWFV8U,3.133333333
Albatross,https://open.spotify.com/embed/track/3iZ5twPwvFeOUQA4Deu8tP,Fleetwood Mac's Greatest Hits,Fleetwood Mac,1,Night,2021,0,Albatross -- Fleetwood Mac,Spotify Listening History 2019 - 2022.csv,Albatross,Albatross,7dwjD9FPK0bFh3TqTWFV8U,1.622216667
Albatross,https://open.spotify.com/embed/track/3iZ5twPwvFeOUQA4Deu8tP,Fleetwood Mac's Greatest Hits,Fleetwood Mac,8,Morning,2022,0,Albatross -- Fleetwood Mac,Spotify Listening History 2019 - 2022.csv,Albatross,Albatross,7dwjD9FPK0bFh3TqTWFV8U,3.133333333
Albatross,https://open.spotify.com/embed/track/3iZ5twPwvFeOUQA4Deu8tP,Fleetwood Mac's Greatest Hits,Fleetwood Mac,7,Morning,2022,0,Albatross -- Fleetwood Mac,Spotify Listening History 2019 - 2022.csv,Albatross,Albatross,7dwjD9FPK0bFh3TqTWFV8U,3.133333333
Albatross,https://open.spotify.com/embed/track/3iZ5twPwvFeOUQA4Deu8tP,Fleetwood Mac's Greatest Hits,Fleetwood Mac,7,Morning,2022,0,Albatross -- Fleetwood Mac,Spotify Listening History 2019 - 2022.csv,Albatross,Albatross,7dwjD9FPK0bFh3TqTWFV8U,4.829266667
Albatross,https://open.spotify.com/embed/track/3iZ5twPwvFeOUQA4Deu8tP,Fleetwood Mac's Greatest Hits,Fleetwood Mac,0,Night,2022,0,Albatross -- Fleetwood Mac,Spotify Listening History 2019 - 2022.csv,Albatross,Albatross,7dwjD9FPK0bFh3TqTWFV8U,3.133333333
Albatross,https://open.spotify.com/embed/track/3iZ5twPwvFeOUQA4Deu8tP,Fleetwood Mac's Greatest Hits,Fleetwood Mac,7,Morning,2022,0,Albatross -- Fleetwood Mac,Spotify Listening History 2019 - 2022.csv,Albatross,Albatross,7dwjD9FPK0bFh3TqTWFV8U,3.133333333
Albatross,https://open.spotify.com/embed/track/3iZ5twPwvFeOUQA4Deu8tP,Fleetwood Mac's Greatest Hits,Fleetwood Mac,7,Morning,2022,0,Albatross -- Fleetwood Mac,Spotify Listening History 2019 - 2022.csv,Albatross,Albatross,7dwjD9FPK0bFh3TqTWFV8U,3.133333333
Albatross,https://open.spotify.com/embed/track/3iZ5twPwvFeOUQA4Deu8tP,Fleetwood Mac's Greatest Hits,Fleetwood Mac,4,Night,2022,0,Albatross -- Fleetwood Mac,Spotify Listening History 2019 - 2022.csv,Albatross,Albatross,7dwjD9FPK0bFh3TqTWFV8U,5.1836
Albatross,https://open.spotify.com/embed/track/3iZ5twPwvFeOUQA4Deu8tP,Fleetwood Mac's Greatest Hits,Fleetwood Mac,23,Evening,2022,0,Albatross -- Fleetwood Mac,Spotify Listening History 2019 - 2022.csv,Albatross,Albatross,7dwjD9FPK0bFh3TqTWFV8U,3.133333333
Albatross,https://open.spotify.com/embed/track/3iZ5twPwvFeOUQA4Deu8tP,Fleetwood Mac's Greatest Hits,Fleetwood Mac,20,Evening,2020,0,Albatross -- Fleetwood Mac,Spotify Listening History 2019 - 2022.csv,Albatross,Albatross,7dwjD9FPK0bFh3TqTWFV8U,1.783816667
Albatross,https://open.spotify.com/embed/track/3iZ5twPwvFeOUQA4Deu8tP,Fleetwood Mac's Greatest Hits,Fleetwood Mac,3,Night,2020,0,Albatross -- Fleetwood Mac,Spotify Listening History 2019 - 2022.csv,Albatross,Albatross,7dwjD9FPK0bFh3TqTWFV8U,3.133333333
Albatross,https://open.spotify.com/embed/track/3iZ5twPwvFeOUQA4Deu8tP,Fleetwood Mac's Greatest Hits,Fleetwood Mac,13,Afternoon,2021,0,Albatross -- Fleetwood Mac,Spotify Listening History 2019 - 2022.csv,Albatross,Albatross,7dwjD9FPK0bFh3TqTWFV8U,3.133333333
Albatross,https://open.spotify.com/embed/track/3iZ5twPwvFeOUQA4Deu8tP,Fleetwood Mac's Greatest Hits,Fleetwood Mac,21,Evening,2022,0,Albatross -- Fleetwood Mac,Spotify Listening History 2019 - 2022.csv,Albatross,Albatross,7dwjD9FPK0bFh3TqTWFV8U,3.133333333
Albatross,https://open.spotify.com/embed/track/3iZ5twPwvFeOUQA4Deu8tP,Fleetwood Mac's Greatest Hits,Fleetwood Mac,14,Afternoon,2020,0,Albatross -- Fleetwood Mac,Spotify Listening History 2019 - 2022.csv,Albatross,Albatross,7dwjD9FPK0bFh3TqTWFV8U,2.729883333
Albatross,https://open.spotify.com/embed/track/3iZ5twPwvFeOUQA4Deu8tP,Fleetwood Mac's Greatest Hits,Fleetwood Mac,20,Evening,2020,0,Albatross -- Fleetwood Mac,Spotify Listening History 2019 - 2022.csv,Albatross,Albatross,7dwjD9FPK0bFh3TqTWFV8U,3.133333333
Albatross,https://open.spotify.com/embed/track/3iZ5twPwvFeOUQA4Deu8tP,Fleetwood Mac's Greatest Hits,Fleetwood Mac,7,Morning,2022,0,Albatross -- Fleetwood Mac,Spotify Listening History 2019 - 2022.csv,Albatross,Albatross,7dwjD9FPK0bFh3TqTWFV8U,2.311416667
Albatross,https://open.spotify.com/embed/track/3iZ5twPwvFeOUQA4Deu8tP,Fleetwood Mac's Greatest Hits,Fleetwood Mac,14,Afternoon,2020,0,Albatross -- Fleetwood Mac,Spotify Listening History 2019 - 2022.csv,Albatross,Albatross,7dwjD9FPK0bFh3TqTWFV8U,3.133333333
Albatross,https://open.spotify.com/embed/track/3iZ5twPwvFeOUQA4Deu8tP,Fleetwood Mac's Greatest Hits,Fleetwood Mac,9,Morning,2022,0,Albatross -- Fleetwood Mac,Spotify Listening History 2019 - 2022.csv,Albatross,Albatross,7dwjD9FPK0bFh3TqTWFV8U,1.0455
Albatross,https://open.spotify.com/embed/track/3iZ5twPwvFeOUQA4Deu8tP,Fleetwood Mac's Greatest Hits,Fleetwood Mac,8,Morning,2022,0,Albatross -- Fleetwood Mac,Spotify Listening History 2019 - 2022.csv,Albatross,Albatross,7dwjD9FPK0bFh3TqTWFV8U,2.652933333
Albatross,https://open.spotify.com/embed/track/3iZ5twPwvFeOUQA4Deu8tP,Fleetwood Mac's Greatest Hits,Fleetwood Mac,13,Afternoon,2020,0,Albatross -- Fleetwood Mac,Spotify Listening History 2019 - 2022.csv,Albatross,Albatross,7dwjD9FPK0bFh3TqTWFV8U,3.133333333
Albatross,https://open.spotify.com/embed/track/3iZ5twPwvFeOUQA4Deu8tP,Fleetwood Mac's Greatest Hits,Fleetwood Mac,7,Morning,2022,0,Albatross -- Fleetwood Mac,Spotify Listening History 2019 - 2022.csv,Albatross,Albatross,7dwjD9FPK0bFh3TqTWFV8U,1.887233333
Albatross,https://open.spotify.com/embed/track/3iZ5twPwvFeOUQA4Deu8tP,Fleetwood Mac's Greatest Hits,Fleetwood Mac,17,Afternoon,2020,0,Albatross -- Fleetwood Mac,Spotify Listening History 2019 - 2022.csv,Albatross,Albatross,7dwjD9FPK0bFh3TqTWFV8U,3.133333333
Albatross,https://open.spotify.com/embed/track/3iZ5twPwvFeOUQA4Deu8tP,Fleetwood Mac's Greatest Hits,Fleetwood Mac,23,Evening,2022,0,Albatross -- Fleetwood Mac,Spotify Listening History 2019 - 2022.csv,Albatross,Albatross,7dwjD9FPK0bFh3TqTWFV8U,3.133333333
Albatross,https://open.spotify.com/embed/track/3iZ5twPwvFeOUQA4Deu8tP,Fleetwood Mac's Greatest Hits,Fleetwood Mac,22,Evening,2022,0,Albatross -- Fleetwood Mac,Spotify Listening History 2019 - 2022.csv,Albatross,Albatross,7dwjD9FPK0bFh3TqTWFV8U,3.133333333
Albatross,https://open.spotify.com/embed/track/3iZ5twPwvFeOUQA4Deu8tP,Fleetwood Mac's Greatest Hits,Fleetwood Mac,8,Morning,2022,0,Albatross -- Fleetwood Mac,Spotify Listening History 2019 - 2022.csv,Albatross,Albatross,7dwjD9FPK0bFh3TqTWFV8U,3.133333333
Albatross,https://open.spotify.com/embed/track/3iZ5twPwvFeOUQA4Deu8tP,Fleetwood Mac's Greatest Hits,Fleetwood Mac,0,Night,2019,0,Albatross -- Fleetwood Mac,Spotify Listening History 2019 - 2022.csv,Albatross,Albatross,7dwjD9FPK0bFh3TqTWFV8U,3.133333333
Albatross,https://open.spotify.com/embed/track/3iZ5twPwvFeOUQA4Deu8tP,Fleetwood Mac's Greatest Hits,Fleetwood Mac,8,Morning,2022,0,Albatross -- Fleetwood Mac,Spotify Listening History 2019 - 2022.csv,Albatross,Albatross,7dwjD9FPK0bFh3TqTWFV8U,3.133333333
Albatross,https://open.spotify.com/embed/track/3iZ5twPwvFeOUQA4Deu8tP,Fleetwood Mac's Greatest Hits,Fleetwood Mac,0,Night,2022,0,Albatross -- Fleetwood Mac,Spotify Listening History 2019 - 2022.csv,Albatross,Albatross,7dwjD9FPK0bFh3TqTWFV8U,2.982033333
Albatross,https://open.spotify.com/embed/track/3iZ5twPwvFeOUQA4Deu8tP,English Rose,Fleetwood Mac,21,Evening,2022,0,Albatross -- Fleetwood Mac,Spotify Listening History 2019 - 2022.csv,Albatross,Albatross,3iZ5twPwvFeOUQA4Deu8tP,3.832433333
Albatross,https://open.spotify.com/embed/track/3iZ5twPwvFeOUQA4Deu8tP,Fleetwood Mac's Greatest Hits,Fleetwood Mac,12,Afternoon,2022,0,Albatross -- Fleetwood Mac,Spotify Listening History 2019 - 2022.csv,Albatross,Albatross,7dwjD9FPK0bFh3TqTWFV8U,3.133333333
Albatross,https://open.spotify.com/embed/track/3iZ5twPwvFeOUQA4Deu8tP,Fleetwood Mac's Greatest Hits,Fleetwood Mac,17,Afternoon,2022,0,Albatross -- Fleetwood Mac,Spotify Listening History 2019 - 2022.csv,Albatross,Albatross,7dwjD9FPK0bFh3TqTWFV8U,3.133333333
Albatross,https://open.spotify.com/embed/track/3iZ5twPwvFeOUQA4Deu8tP,Fleetwood Mac's Greatest Hits,Fleetwood Mac,0,Night,2022,0,Albatross -- Fleetwood Mac,Spotify Listening History 2019 - 2022.csv,Albatross,Albatross,7dwjD9FPK0bFh3TqTWFV8U,3.1344
Albatross,https://open.spotify.com/embed/track/3iZ5twPwvFeOUQA4Deu8tP,Fleetwood Mac's Greatest Hits,Fleetwood Mac,7,Morning,2022,0,Albatross -- Fleetwood Mac,Spotify Listening History 2019 - 2022.csv,Albatross,Albatross,7dwjD9FPK0bFh3TqTWFV8U,3.133333333
Albatross,https://open.spotify.com/embed/track/3iZ5twPwvFeOUQA4Deu8tP,Fleetwood Mac's Greatest Hits,Fleetwood Mac,7,Morning,2022,0,Albatross -- Fleetwood Mac,Spotify Listening History 2019 - 2022.csv,Albatross,Albatross,7dwjD9FPK0bFh3TqTWFV8U,1.29315
Albatross,https://open.spotify.com/embed/track/3iZ5twPwvFeOUQA4Deu8tP,Fleetwood Mac's Greatest Hits,Fleetwood Mac,7,Morning,2022,0,Albatross -- Fleetwood Mac,Spotify Listening History 2019 - 2022.csv,Albatross,Albatross,7dwjD9FPK0bFh3TqTWFV8U,3.133333333
Albatross,https://open.spotify.com/embed/track/3iZ5twPwvFeOUQA4Deu8tP,Fleetwood Mac's Greatest Hits,Fleetwood Mac,1,Night,2022,0,Albatross -- Fleetwood Mac,Spotify Listening History 2019 - 2022.csv,Albatross,Albatross,7dwjD9FPK0bFh3TqTWFV8U,3.133333333
Albatross,https://open.spotify.com/embed/track/3iZ5twPwvFeOUQA4Deu8tP,Fleetwood Mac's Greatest Hits,Fleetwood Mac,13,Afternoon,2022,0,Albatross -- Fleetwood Mac,Spotify Listening History 2019 - 2022.csv,Albatross,Albatross,7dwjD9FPK0bFh3TqTWFV8U,2.656716667
Albatross,https://open.spotify.com/embed/track/3iZ5twPwvFeOUQA4Deu8tP,Fleetwood Mac's Greatest Hits,Fleetwood Mac,23,Evening,2022,0,Albatross -- Fleetwood Mac,Spotify Listening History 2019 - 2022.csv,Albatross,Albatross,7dwjD9FPK0bFh3TqTWFV8U,3.133333333
Albatross,https://open.spotify.com/embed/track/3iZ5twPwvFeOUQA4Deu8tP,Fleetwood Mac's Greatest Hits,Fleetwood Mac,9,Morning,2022,0,Albatross -- Fleetwood Mac,Spotify Listening History 2019 - 2022.csv,Albatross,Albatross,7dwjD9FPK0bFh3TqTWFV8U,2.447833333
Albatross,https://open.spotify.com/embed/track/3iZ5twPwvFeOUQA4Deu8tP,Fleetwood Mac's Greatest Hits,Fleetwood Mac,9,Morning,2022,0,Albatross -- Fleetwood Mac,Spotify Listening History 2019 - 2022.csv,Albatross,Albatross,7dwjD9FPK0bFh3TqTWFV8U,1.887833333
Albatross,https://open.spotify.com/embed/track/3iZ5twPwvFeOUQA4Deu8tP,Fleetwood Mac's Greatest Hits,Fleetwood Mac,23,Evening,2022,0,Albatross -- Fleetwood Mac,Spotify Listening History 2019 - 2022.csv,Albatross,Albatross,7dwjD9FPK0bFh3TqTWFV8U,3.133333333
Albatross,https://open.spotify.com/embed/track/3iZ5twPwvFeOUQA4Deu8tP,Fleetwood Mac's Greatest Hits,Fleetwood Mac,17,Afternoon,2022,0,Albatross -- Fleetwood Mac,Spotify Listening History 2019 - 2022.csv,Albatross,Albatross,7dwjD9FPK0bFh3TqTWFV8U,3.133333333
Albatross,https://open.spotify.com/embed/track/3iZ5twPwvFeOUQA4Deu8tP,Fleetwood Mac's Greatest Hits,Fleetwood Mac,23,Evening,2022,0,Albatross -- Fleetwood Mac,Spotify Listening History 2019 - 2022.csv,Albatross,Albatross,7dwjD9FPK0bFh3TqTWFV8U,3.133333333
Albatross,https://open.spotify.com/embed/track/3iZ5twPwvFeOUQA4Deu8tP,Fleetwood Mac's Greatest Hits,Fleetwood Mac,0,Night,2022,0,Albatross -- Fleetwood Mac,Spotify Listening History 2019 - 2022.csv,Albatross,Albatross,7dwjD9FPK0bFh3TqTWFV8U,3.133333333
Albatross,https://open.spotify.com/embed/track/3iZ5twPwvFeOUQA4Deu8tP,Fleetwood Mac's Greatest Hits,Fleetwood Mac,0,Night,2022,0,Albatross -- Fleetwood Mac,Spotify Listening History 2019 - 2022.csv,Albatross,Albatross,7dwjD9FPK0bFh3TqTWFV8U,3.133333333
Albatross,https://open.spotify.com/embed/track/3iZ5twPwvFeOUQA4Deu8tP,Fleetwood Mac's Greatest Hits,Fleetwood Mac,21,Evening,2022,0,Albatross -- Fleetwood Mac,Spotify Listening History 2019 - 2022.csv,Albatross,Albatross,7dwjD9FPK0bFh3TqTWFV8U,3.133333333
Albatross,https://open.spotify.com/embed/track/3iZ5twPwvFeOUQA4Deu8tP,Fleetwood Mac's Greatest Hits,Fleetwood Mac,0,Night,2022,0,Albatross -- Fleetwood Mac,Spotify Listening History 2019 - 2022.csv,Albatross,Albatross,7dwjD9FPK0bFh3TqTWFV8U,3.133333333
Lovers Rock,https://open.spotify.com/embed/track/1H7zdcRD0gLGQY0w5ejGgX,French Exit,TV Girl,18,Evening,2021,0,Lovers Rock -- TV Girl,Spotify Listening History 2019 - 2022.csv,Lovers Rock,Lovers Rock,1H7zdcRD0gLGQY0w5ejGgX,1.382666667
Lovers Rock,https://open.spotify.com/embed/track/1H7zdcRD0gLGQY0w5ejGgX,French Exit,TV Girl,11,Morning,2021,0,Lovers Rock -- TV Girl,Spotify Listening History 2019 - 2022.csv,Lovers Rock,Lovers Rock,1H7zdcRD0gLGQY0w5ejGgX,3.565333333
Lovers Rock,https://open.spotify.com/embed/track/1H7zdcRD0gLGQY0w5ejGgX,French Exit,TV Girl,8,Morning,2021,0,Lovers Rock -- TV Girl,Spotify Listening History 2019 - 2022.csv,Lovers Rock,Lovers Rock,1H7zdcRD0gLGQY0w5ejGgX,3.565333333
Lovers Rock,https://open.spotify.com/embed/track/1H7zdcRD0gLGQY0w5ejGgX,French Exit,TV Girl,23,Evening,2021,0,Lovers Rock -- TV Girl,Spotify Listening History 2019 - 2022.csv,Lovers Rock,Lovers Rock,1H7zdcRD0gLGQY0w5ejGgX,3.565333333
Lovers Rock,https://open.spotify.com/embed/track/1H7zdcRD0gLGQY0w5ejGgX,French Exit,TV Girl,13,Afternoon,2022,0,Lovers Rock -- TV Girl,Spotify Listening History 2019 - 2022.csv,Lovers Rock,Lovers Rock,1H7zdcRD0gLGQY0w5ejGgX,3.565333333
Lovers Rock,https://open.spotify.com/embed/track/1H7zdcRD0gLGQY0w5ejGgX,French Exit,TV Girl,9,Morning,2021,0,Lovers Rock -- TV Girl,Spotify Listening History 2019 - 2022.csv,Lovers Rock,Lovers Rock,1H7zdcRD0gLGQY0w5ejGgX,3.565333333
Lovers Rock,https://open.spotify.com/embed/track/1H7zdcRD0gLGQY0w5ejGgX,French Exit,TV Girl,8,Morning,2021,0,Lovers Rock -- TV Girl,Spotify Listening History 2019 - 2022.csv,Lovers Rock,Lovers Rock,1H7zdcRD0gLGQY0w5ejGgX,2.060783333
Lovers Rock,https://open.spotify.com/embed/track/1H7zdcRD0gLGQY0w5ejGgX,French Exit,TV Girl,22,Evening,2021,0,Lovers Rock -- TV Girl,Spotify Listening History 2019 - 2022.csv,Lovers Rock,Lovers Rock,1H7zdcRD0gLGQY0w5ejGgX,1.73645
Lovers Rock,https://open.spotify.com/embed/track/1H7zdcRD0gLGQY0w5ejGgX,French Exit,TV Girl,19,Evening,2019,0,Lovers Rock -- TV Girl,Spotify Listening History 2019 - 2022.csv,Lovers Rock,Lovers Rock,1H7zdcRD0gLGQY0w5ejGgX,3.565333333
Lovers Rock,https://open.spotify.com/embed/track/1H7zdcRD0gLGQY0w5ejGgX,French Exit,TV Girl,23,Evening,2019,0,Lovers Rock -- TV Girl,Spotify Listening History 2019 - 2022.csv,Lovers Rock,Lovers Rock,1H7zdcRD0gLGQY0w5ejGgX,3.565333333
Lovers Rock,https://open.spotify.com/embed/track/1H7zdcRD0gLGQY0w5ejGgX,French Exit,TV Girl,22,Evening,2020,0,Lovers Rock -- TV Girl,Spotify Listening History 2019 - 2022.csv,Lovers Rock,Lovers Rock,1H7zdcRD0gLGQY0w5ejGgX,3.565333333
Lovers Rock,https://open.spotify.com/embed/track/1H7zdcRD0gLGQY0w5ejGgX,French Exit,TV Girl,14,Afternoon,2019,0,Lovers Rock -- TV Girl,Spotify Listening History 2019 - 2022.csv,Lovers Rock,Lovers Rock,1H7zdcRD0gLGQY0w5ejGgX,3.565333333
Lovers Rock,https://open.spotify.com/embed/track/1H7zdcRD0gLGQY0w5ejGgX,French Exit,TV Girl,9,Morning,2022,0,Lovers Rock -- TV Girl,Spotify Listening History 2019 - 2022.csv,Lovers Rock,Lovers Rock,6dBUzqjtbnIa1TwYbyw5CM,3.565333333
Lovers Rock,https://open.spotify.com/embed/track/1H7zdcRD0gLGQY0w5ejGgX,French Exit,TV Girl,5,Night,2019,0,Lovers Rock -- TV Girl,Spotify Listening History 2019 - 2022.csv,Lovers Rock,Lovers Rock,1H7zdcRD0gLGQY0w5ejGgX,3.565333333
Lovers Rock,https://open.spotify.com/embed/track/1H7zdcRD0gLGQY0w5ejGgX,French Exit,TV Girl,19,Evening,2019,0,Lovers Rock -- TV Girl,Spotify Listening History 2019 - 2022.csv,Lovers Rock,Lovers Rock,1H7zdcRD0gLGQY0w5ejGgX,3.565333333
Lovers Rock,https://open.spotify.com/embed/track/1H7zdcRD0gLGQY0w5ejGgX,French Exit,TV Girl,16,Afternoon,2019,0,Lovers Rock -- TV Girl,Spotify Listening History 2019 - 2022.csv,Lovers Rock,Lovers Rock,1H7zdcRD0gLGQY0w5ejGgX,3.565333333
Lovers Rock,https://open.spotify.com/embed/track/1H7zdcRD0gLGQY0w5ejGgX,French Exit,TV Girl,15,Afternoon,2019,0,Lovers Rock -- TV Girl,Spotify Listening History 2019 - 2022.csv,Lovers Rock,Lovers Rock,1H7zdcRD0gLGQY0w5ejGgX,6.35895
Lovers Rock,https://open.spotify.com/embed/track/1H7zdcRD0gLGQY0w5ejGgX,French Exit,TV Girl,8,Morning,2022,0,Lovers Rock -- TV Girl,Spotify Listening History 2019 - 2022.csv,Lovers Rock,Lovers Rock,1H7zdcRD0gLGQY0w5ejGgX,1.711333333
Lovers Rock,https://open.spotify.com/embed/track/1H7zdcRD0gLGQY0w5ejGgX,French Exit,TV Girl,10,Morning,2019,0,Lovers Rock -- TV Girl,Spotify Listening History 2019 - 2022.csv,Lovers Rock,Lovers Rock,1H7zdcRD0gLGQY0w5ejGgX,7.893016667
Lovers Rock,https://open.spotify.com/embed/track/1H7zdcRD0gLGQY0w5ejGgX,French Exit,TV Girl,0,Night,2019,0,Lovers Rock -- TV Girl,Spotify Listening History 2019 - 2022.csv,Lovers Rock,Lovers Rock,1H7zdcRD0gLGQY0w5ejGgX,3.565333333
Lovers Rock,https://open.spotify.com/embed/track/1H7zdcRD0gLGQY0w5ejGgX,French Exit,TV Girl,0,Night,2019,0,Lovers Rock -- TV Girl,Spotify Listening History 2019 - 2022.csv,Lovers Rock,Lovers Rock,1H7zdcRD0gLGQY0w5ejGgX,3.565333333
Lovers Rock,https://open.spotify.com/embed/track/1H7zdcRD0gLGQY0w5ejGgX,French Exit,TV Girl,3,Night,2020,0,Lovers Rock -- TV Girl,Spotify Listening History 2019 - 2022.csv,Lovers Rock,Lovers Rock,1H7zdcRD0gLGQY0w5ejGgX,3.565333333
Lovers Rock,https://open.spotify.com/embed/track/1H7zdcRD0gLGQY0w5ejGgX,French Exit,TV Girl,20,Evening,2022,0,Lovers Rock -- TV Girl,Spotify Listening History 2019 - 2022.csv,Lovers Rock,Lovers Rock,6dBUzqjtbnIa1TwYbyw5CM,1.6025
Lovers Rock,https://open.spotify.com/embed/track/1H7zdcRD0gLGQY0w5ejGgX,French Exit,TV Girl,21,Evening,2022,0,Lovers Rock -- TV Girl,Spotify Listening History 2019 - 2022.csv,Lovers Rock,Lovers Rock,6dBUzqjtbnIa1TwYbyw5CM,3.565333333
Lovers Rock,https://open.spotify.com/embed/track/1H7zdcRD0gLGQY0w5ejGgX,French Exit,TV Girl,21,Evening,2020,0,Lovers Rock -- TV Girl,Spotify Listening History 2019 - 2022.csv,Lovers Rock,Lovers Rock,1H7zdcRD0gLGQY0w5ejGgX,3.565333333
Lovers Rock,https://open.spotify.com/embed/track/1H7zdcRD0gLGQY0w5ejGgX,French Exit,TV Girl,13,Afternoon,2021,0,Lovers Rock -- TV Girl,Spotify Listening History 2019 - 2022.csv,Lovers Rock,Lovers Rock,1H7zdcRD0gLGQY0w5ejGgX,3.565333333
Lovers Rock,https://open.spotify.com/embed/track/1H7zdcRD0gLGQY0w5ejGgX,French Exit,TV Girl,13,Afternoon,2021,0,Lovers Rock -- TV Girl,Spotify Listening History 2019 - 2022.csv,Lovers Rock,Lovers Rock,1H7zdcRD0gLGQY0w5ejGgX,3.565333333
Lovers Rock,https://open.spotify.com/embed/track/1H7zdcRD0gLGQY0w5ejGgX,French Exit,TV Girl,13,Afternoon,2019,0,Lovers Rock -- TV Girl,Spotify Listening History 2019 - 2022.csv,Lovers Rock,Lovers Rock,1H7zdcRD0gLGQY0w5ejGgX,3.565333333
Lovers Rock,https://open.spotify.com/embed/track/1H7zdcRD0gLGQY0w5ejGgX,French Exit,TV Girl,14,Afternoon,2020,0,Lovers Rock -- TV Girl,Spotify Listening History 2019 - 2022.csv,Lovers Rock,Lovers Rock,1H7zdcRD0gLGQY0w5ejGgX,1.180283333
Lovers Rock,https://open.spotify.com/embed/track/1H7zdcRD0gLGQY0w5ejGgX,French Exit,TV Girl,18,Evening,2021,0,Lovers Rock -- TV Girl,Spotify Listening History 2019 - 2022.csv,Lovers Rock,Lovers Rock,1H7zdcRD0gLGQY0w5ejGgX,3.565333333
Lovers Rock,https://open.spotify.com/embed/track/1H7zdcRD0gLGQY0w5ejGgX,French Exit,TV Girl,13,Afternoon,2019,0,Lovers Rock -- TV Girl,Spotify Listening History 2019 - 2022.csv,Lovers Rock,Lovers Rock,1H7zdcRD0gLGQY0w5ejGgX,3.565333333
Lovers Rock,https://open.spotify.com/embed/track/1H7zdcRD0gLGQY0w5ejGgX,French Exit,TV Girl,12,Afternoon,2019,0,Lovers Rock -- TV Girl,Spotify Listening History 2019 - 2022.csv,Lovers Rock,Lovers Rock,1H7zdcRD0gLGQY0w5ejGgX,3.565333333
Lovers Rock,https://open.spotify.com/embed/track/1H7zdcRD0gLGQY0w5ejGgX,French Exit,TV Girl,9,Morning,2020,0,Lovers Rock -- TV Girl,Spotify Listening History 2019 - 2022.csv,Lovers Rock,Lovers Rock,1H7zdcRD0gLGQY0w5ejGgX,2.576233333
Lovers Rock,https://open.spotify.com/embed/track/1H7zdcRD0gLGQY0w5ejGgX,French Exit,TV Girl,9,Morning,2019,0,Lovers Rock -- TV Girl,Spotify Listening History 2019 - 2022.csv,Lovers Rock,Lovers Rock,1H7zdcRD0gLGQY0w5ejGgX,3.565333333
Lovers Rock,https://open.spotify.com/embed/track/1H7zdcRD0gLGQY0w5ejGgX,French Exit,TV Girl,22,Evening,2020,0,Lovers Rock -- TV Girl,Spotify Listening History 2019 - 2022.csv,Lovers Rock,Lovers Rock,1H7zdcRD0gLGQY0w5ejGgX,3.565333333
Lovers Rock,https://open.spotify.com/embed/track/1H7zdcRD0gLGQY0w5ejGgX,French Exit,TV Girl,14,Afternoon,2021,0,Lovers Rock -- TV Girl,Spotify Listening History 2019 - 2022.csv,Lovers Rock,Lovers Rock,1H7zdcRD0gLGQY0w5ejGgX,3.565333333
Lovers Rock,https://open.spotify.com/embed/track/1H7zdcRD0gLGQY0w5ejGgX,French Exit,TV Girl,20,Evening,2019,0,Lovers Rock -- TV Girl,Spotify Listening History 2019 - 2022.csv,Lovers Rock,Lovers Rock,1H7zdcRD0gLGQY0w5ejGgX,1.6433
Lovers Rock,https://open.spotify.com/embed/track/1H7zdcRD0gLGQY0w5ejGgX,French Exit,TV Girl,17,Afternoon,2019,0,Lovers Rock -- TV Girl,Spotify Listening History 2019 - 2022.csv,Lovers Rock,Lovers Rock,1H7zdcRD0gLGQY0w5ejGgX,2.126566667
Lovers Rock,https://open.spotify.com/embed/track/1H7zdcRD0gLGQY0w5ejGgX,French Exit,TV Girl,17,Afternoon,2019,0,Lovers Rock -- TV Girl,Spotify Listening History 2019 - 2022.csv,Lovers Rock,Lovers Rock,1H7zdcRD0gLGQY0w5ejGgX,3.0898
Lovers Rock,https://open.spotify.com/embed/track/1H7zdcRD0gLGQY0w5ejGgX,French Exit,TV Girl,13,Afternoon,2019,0,Lovers Rock -- TV Girl,Spotify Listening History 2019 - 2022.csv,Lovers Rock,Lovers Rock,1H7zdcRD0gLGQY0w5ejGgX,7.513683333
Lovers Rock,https://open.spotify.com/embed/track/1H7zdcRD0gLGQY0w5ejGgX,French Exit,TV Girl,12,Afternoon,2019,0,Lovers Rock -- TV Girl,Spotify Listening History 2019 - 2022.csv,Lovers Rock,Lovers Rock,1H7zdcRD0gLGQY0w5ejGgX,2.5777
Lovers Rock,https://open.spotify.com/embed/track/1H7zdcRD0gLGQY0w5ejGgX,French Exit,TV Girl,10,Morning,2019,0,Lovers Rock -- TV Girl,Spotify Listening History 2019 - 2022.csv,Lovers Rock,Lovers Rock,1H7zdcRD0gLGQY0w5ejGgX,4.303033333
Lovers Rock,https://open.spotify.com/embed/track/1H7zdcRD0gLGQY0w5ejGgX,French Exit,TV Girl,23,Evening,2019,0,Lovers Rock -- TV Girl,Spotify Listening History 2019 - 2022.csv,Lovers Rock,Lovers Rock,1H7zdcRD0gLGQY0w5ejGgX,3.565333333
Lovers Rock,https://open.spotify.com/embed/track/1H7zdcRD0gLGQY0w5ejGgX,French Exit,TV Girl,23,Evening,2019,0,Lovers Rock -- TV Girl,Spotify Listening History 2019 - 2022.csv,Lovers Rock,Lovers Rock,1H7zdcRD0gLGQY0w5ejGgX,3.565333333
Lovers Rock,https://open.spotify.com/embed/track/1H7zdcRD0gLGQY0w5ejGgX,French Exit,TV Girl,19,Evening,2019,0,Lovers Rock -- TV Girl,Spotify Listening History 2019 - 2022.csv,Lovers Rock,Lovers Rock,1H7zdcRD0gLGQY0w5ejGgX,3.565333333
Lovers Rock,https://open.spotify.com/embed/track/1H7zdcRD0gLGQY0w5ejGgX,French Exit,TV Girl,14,Afternoon,2019,0,Lovers Rock -- TV Girl,Spotify Listening History 2019 - 2022.csv,Lovers Rock,Lovers Rock,1H7zdcRD0gLGQY0w5ejGgX,3.565333333
Lovers Rock,https://open.spotify.com/embed/track/1H7zdcRD0gLGQY0w5ejGgX,French Exit,TV Girl,14,Afternoon,2019,0,Lovers Rock -- TV Girl,Spotify Listening History 2019 - 2022.csv,Lovers Rock,Lovers Rock,1H7zdcRD0gLGQY0w5ejGgX,6.6857
Lovers Rock,https://open.spotify.com/embed/track/1H7zdcRD0gLGQY0w5ejGgX,French Exit,TV Girl,13,Afternoon,2019,0,Lovers Rock -- TV Girl,Spotify Listening History 2019 - 2022.csv,Lovers Rock,Lovers Rock,1H7zdcRD0gLGQY0w5ejGgX,3.565333333
Lovers Rock,https://open.spotify.com/embed/track/1H7zdcRD0gLGQY0w5ejGgX,French Exit,TV Girl,12,Afternoon,2021,0,Lovers Rock -- TV Girl,Spotify Listening History 2019 - 2022.csv,Lovers Rock,Lovers Rock,1H7zdcRD0gLGQY0w5ejGgX,1.308816667
Lovers Rock,https://open.spotify.com/embed/track/1H7zdcRD0gLGQY0w5ejGgX,French Exit,TV Girl,11,Morning,2019,0,Lovers Rock -- TV Girl,Spotify Listening History 2019 - 2022.csv,Lovers Rock,Lovers Rock,1H7zdcRD0gLGQY0w5ejGgX,6.449633333
Lovers Rock,https://open.spotify.com/embed/track/1H7zdcRD0gLGQY0w5ejGgX,French Exit,TV Girl,10,Morning,2019,0,Lovers Rock -- TV Girl,Spotify Listening History 2019 - 2022.csv,Lovers Rock,Lovers Rock,1H7zdcRD0gLGQY0w5ejGgX,3.565333333
Lovers Rock,https://open.spotify.com/embed/track/1H7zdcRD0gLGQY0w5ejGgX,French Exit,TV Girl,11,Morning,2019,0,Lovers Rock -- TV Girl,Spotify Listening History 2019 - 2022.csv,Lovers Rock,Lovers Rock,1H7zdcRD0gLGQY0w5ejGgX,1.83235
Lovers Rock,https://open.spotify.com/embed/track/1H7zdcRD0gLGQY0w5ejGgX,French Exit,TV Girl,2,Night,2020,0,Lovers Rock -- TV Girl,Spotify Listening History 2019 - 2022.csv,Lovers Rock,Lovers Rock,1H7zdcRD0gLGQY0w5ejGgX,3.565333333
Lovers Rock,https://open.spotify.com/embed/track/1H7zdcRD0gLGQY0w5ejGgX,French Exit,TV Girl,0,Night,2020,0,Lovers Rock -- TV Girl,Spotify Listening History 2019 - 2022.csv,Lovers Rock,Lovers Rock,1H7zdcRD0gLGQY0w5ejGgX,3.565333333
Lovers Rock,https://open.spotify.com/embed/track/1H7zdcRD0gLGQY0w5ejGgX,French Exit,TV Girl,12,Afternoon,2019,0,Lovers Rock -- TV Girl,Spotify Listening History 2019 - 2022.csv,Lovers Rock,Lovers Rock,1H7zdcRD0gLGQY0w5ejGgX,2.5777
Lovers Rock,https://open.spotify.com/embed/track/1H7zdcRD0gLGQY0w5ejGgX,French Exit,TV Girl,2,Night,2020,0,Lovers Rock -- TV Girl,Spotify Listening History 2019 - 2022.csv,Lovers Rock,Lovers Rock,1H7zdcRD0gLGQY0w5ejGgX,3.565333333
Lovers Rock,https://open.spotify.com/embed/track/1H7zdcRD0gLGQY0w5ejGgX,French Exit,TV Girl,1,Night,2020,0,Lovers Rock -- TV Girl,Spotify Listening History 2019 - 2022.csv,Lovers Rock,Lovers Rock,1H7zdcRD0gLGQY0w5ejGgX,3.565333333
Lovers Rock,https://open.spotify.com/embed/track/1H7zdcRD0gLGQY0w5ejGgX,French Exit,TV Girl,1,Night,2020,0,Lovers Rock -- TV Girl,Spotify Listening History 2019 - 2022.csv,Lovers Rock,Lovers Rock,1H7zdcRD0gLGQY0w5ejGgX,3.565333333
Lovers Rock,https://open.spotify.com/embed/track/1H7zdcRD0gLGQY0w5ejGgX,French Exit,TV Girl,23,Evening,2019,0,Lovers Rock -- TV Girl,Spotify Listening History 2019 - 2022.csv,Lovers Rock,Lovers Rock,1H7zdcRD0gLGQY0w5ejGgX,1.549533333
Lovers Rock,https://open.spotify.com/embed/track/1H7zdcRD0gLGQY0w5ejGgX,French Exit,TV Girl,13,Afternoon,2019,0,Lovers Rock -- TV Girl,Spotify Listening History 2019 - 2022.csv,Lovers Rock,Lovers Rock,1H7zdcRD0gLGQY0w5ejGgX,2.701483333
Lovers Rock,https://open.spotify.com/embed/track/1H7zdcRD0gLGQY0w5ejGgX,French Exit,TV Girl,13,Afternoon,2020,0,Lovers Rock -- TV Girl,Spotify Listening History 2019 - 2022.csv,Lovers Rock,Lovers Rock,1H7zdcRD0gLGQY0w5ejGgX,1.03075
Lovers Rock,https://open.spotify.com/embed/track/1H7zdcRD0gLGQY0w5ejGgX,French Exit,TV Girl,16,Afternoon,2019,0,Lovers Rock -- TV Girl,Spotify Listening History 2019 - 2022.csv,Lovers Rock,Lovers Rock,1H7zdcRD0gLGQY0w5ejGgX,2.499233333
Lovers Rock,https://open.spotify.com/embed/track/1H7zdcRD0gLGQY0w5ejGgX,French Exit,TV Girl,12,Afternoon,2020,0,Lovers Rock -- TV Girl,Spotify Listening History 2019 - 2022.csv,Lovers Rock,Lovers Rock,1H7zdcRD0gLGQY0w5ejGgX,3.565333333
Lovers Rock,https://open.spotify.com/embed/track/1H7zdcRD0gLGQY0w5ejGgX,French Exit,TV Girl,13,Afternoon,2021,0,Lovers Rock -- TV Girl,Spotify Listening History 2019 - 2022.csv,Lovers Rock,Lovers Rock,1H7zdcRD0gLGQY0w5ejGgX,3.565333333
Lovers Rock,https://open.spotify.com/embed/track/1H7zdcRD0gLGQY0w5ejGgX,French Exit,TV Girl,11,Morning,2021,0,Lovers Rock -- TV Girl,Spotify Listening History 2019 - 2022.csv,Lovers Rock,Lovers Rock,1H7zdcRD0gLGQY0w5ejGgX,1.607783333
Lovers Rock,https://open.spotify.com/embed/track/1H7zdcRD0gLGQY0w5ejGgX,French Exit,TV Girl,10,Morning,2019,0,Lovers Rock -- TV Girl,Spotify Listening History 2019 - 2022.csv,Lovers Rock,Lovers Rock,1H7zdcRD0gLGQY0w5ejGgX,3.245366667
Lovers Rock,https://open.spotify.com/embed/track/1H7zdcRD0gLGQY0w5ejGgX,French Exit,TV Girl,21,Evening,2019,0,Lovers Rock -- TV Girl,Spotify Listening History 2019 - 2022.csv,Lovers Rock,Lovers Rock,1H7zdcRD0gLGQY0w5ejGgX,3.31115
Lovers Rock,https://open.spotify.com/embed/track/1H7zdcRD0gLGQY0w5ejGgX,French Exit,TV Girl,21,Evening,2019,0,Lovers Rock -- TV Girl,Spotify Listening History 2019 - 2022.csv,Lovers Rock,Lovers Rock,1H7zdcRD0gLGQY0w5ejGgX,3.452016667
Lovers Rock,https://open.spotify.com/embed/track/1H7zdcRD0gLGQY0w5ejGgX,French Exit,TV Girl,19,Evening,2019,0,Lovers Rock -- TV Girl,Spotify Listening History 2019 - 2022.csv,Lovers Rock,Lovers Rock,1H7zdcRD0gLGQY0w5ejGgX,1.845983333
Lovers Rock,https://open.spotify.com/embed/track/1H7zdcRD0gLGQY0w5ejGgX,French Exit,TV Girl,14,Afternoon,2019,0,Lovers Rock -- TV Girl,Spotify Listening History 2019 - 2022.csv,Lovers Rock,Lovers Rock,1H7zdcRD0gLGQY0w5ejGgX,1.990333333
Lovers Rock,https://open.spotify.com/embed/track/1H7zdcRD0gLGQY0w5ejGgX,French Exit,TV Girl,16,Afternoon,2019,0,Lovers Rock -- TV Girl,Spotify Listening History 2019 - 2022.csv,Lovers Rock,Lovers Rock,1H7zdcRD0gLGQY0w5ejGgX,1.888166667
Lovers Rock,https://open.spotify.com/embed/track/1H7zdcRD0gLGQY0w5ejGgX,French Exit,TV Girl,16,Afternoon,2019,0,Lovers Rock -- TV Girl,Spotify Listening History 2019 - 2022.csv,Lovers Rock,Lovers Rock,1H7zdcRD0gLGQY0w5ejGgX,3.462466667
Lovers Rock,https://open.spotify.com/embed/track/1H7zdcRD0gLGQY0w5ejGgX,French Exit,TV Girl,8,Morning,2021,0,Lovers Rock -- TV Girl,Spotify Listening History 2019 - 2022.csv,Lovers Rock,Lovers Rock,1H7zdcRD0gLGQY0w5ejGgX,3.565333333
Lovers Rock,https://open.spotify.com/embed/track/1H7zdcRD0gLGQY0w5ejGgX,French Exit,TV Girl,11,Morning,2019,0,Lovers Rock -- TV Girl,Spotify Listening History 2019 - 2022.csv,Lovers Rock,Lovers Rock,1H7zdcRD0gLGQY0w5ejGgX,3.498083333
Lovers Rock,https://open.spotify.com/embed/track/1H7zdcRD0gLGQY0w5ejGgX,French Exit,TV Girl,10,Morning,2019,0,Lovers Rock -- TV Girl,Spotify Listening History 2019 - 2022.csv,Lovers Rock,Lovers Rock,1H7zdcRD0gLGQY0w5ejGgX,1.126166667
Lovers Rock,https://open.spotify.com/embed/track/1H7zdcRD0gLGQY0w5ejGgX,French Exit,TV Girl,20,Evening,2020,0,Lovers Rock -- TV Girl,Spotify Listening History 2019 - 2022.csv,Lovers Rock,Lovers Rock,1H7zdcRD0gLGQY0w5ejGgX,3.2544
Lovers Rock,https://open.spotify.com/embed/track/1H7zdcRD0gLGQY0w5ejGgX,French Exit,TV Girl,23,Evening,2019,0,Lovers Rock -- TV Girl,Spotify Listening History 2019 - 2022.csv,Lovers Rock,Lovers Rock,1H7zdcRD0gLGQY0w5ejGgX,3.565333333
Lovers Rock,https://open.spotify.com/embed/track/1H7zdcRD0gLGQY0w5ejGgX,French Exit,TV Girl,20,Evening,2019,0,Lovers Rock -- TV Girl,Spotify Listening History 2019 - 2022.csv,Lovers Rock,Lovers Rock,1H7zdcRD0gLGQY0w5ejGgX,3.565333333
Lovers Rock,https://open.spotify.com/embed/track/1H7zdcRD0gLGQY0w5ejGgX,French Exit,TV Girl,17,Afternoon,2022,0,Lovers Rock -- TV Girl,Spotify Listening History 2019 - 2022.csv,Lovers Rock,Lovers Rock,6dBUzqjtbnIa1TwYbyw5CM,3.565333333
Lovers Rock,https://open.spotify.com/embed/track/1H7zdcRD0gLGQY0w5ejGgX,French Exit,TV Girl,18,Evening,2019,0,Lovers Rock -- TV Girl,Spotify Listening History 2019 - 2022.csv,Lovers Rock,Lovers Rock,1H7zdcRD0gLGQY0w5ejGgX,1.36945
Lovers Rock,https://open.spotify.com/embed/track/1H7zdcRD0gLGQY0w5ejGgX,French Exit,TV Girl,20,Evening,2020,0,Lovers Rock -- TV Girl,Spotify Listening History 2019 - 2022.csv,Lovers Rock,Lovers Rock,1H7zdcRD0gLGQY0w5ejGgX,1.392033333
Lovers Rock,https://open.spotify.com/embed/track/1H7zdcRD0gLGQY0w5ejGgX,French Exit,TV Girl,12,Afternoon,2019,0,Lovers Rock -- TV Girl,Spotify Listening History 2019 - 2022.csv,Lovers Rock,Lovers Rock,1H7zdcRD0gLGQY0w5ejGgX,3.565333333
Lovers Rock,https://open.spotify.com/embed/track/1H7zdcRD0gLGQY0w5ejGgX,French Exit,TV Girl,8,Morning,2021,0,Lovers Rock -- TV Girl,Spotify Listening History 2019 - 2022.csv,Lovers Rock,Lovers Rock,1H7zdcRD0gLGQY0w5ejGgX,1.630933333
Lovers Rock,https://open.spotify.com/embed/track/1H7zdcRD0gLGQY0w5ejGgX,French Exit,TV Girl,9,Morning,2019,0,Lovers Rock -- TV Girl,Spotify Listening History 2019 - 2022.csv,Lovers Rock,Lovers Rock,1H7zdcRD0gLGQY0w5ejGgX,3.565333333
Lovers Rock,https://open.spotify.com/embed/track/1H7zdcRD0gLGQY0w5ejGgX,French Exit,TV Girl,1,Night,2020,0,Lovers Rock -- TV Girl,Spotify Listening History 2019 - 2022.csv,Lovers Rock,Lovers Rock,1H7zdcRD0gLGQY0w5ejGgX,2.686216667
Lovers Rock,https://open.spotify.com/embed/track/1H7zdcRD0gLGQY0w5ejGgX,French Exit,TV Girl,8,Morning,2022,0,Lovers Rock -- TV Girl,Spotify Listening History 2019 - 2022.csv,Lovers Rock,Lovers Rock,6dBUzqjtbnIa1TwYbyw5CM,3.565333333
Lovers Rock,https://open.spotify.com/embed/track/1H7zdcRD0gLGQY0w5ejGgX,French Exit,TV Girl,9,Morning,2020,0,Lovers Rock -- TV Girl,Spotify Listening History 2019 - 2022.csv,Lovers Rock,Lovers Rock,1H7zdcRD0gLGQY0w5ejGgX,4.457883333
Lovers Rock,https://open.spotify.com/embed/track/1H7zdcRD0gLGQY0w5ejGgX,French Exit,TV Girl,12,Afternoon,2021,0,Lovers Rock -- TV Girl,Spotify Listening History 2019 - 2022.csv,Lovers Rock,Lovers Rock,1H7zdcRD0gLGQY0w5ejGgX,1.271283333
Lovers Rock,https://open.spotify.com/embed/track/1H7zdcRD0gLGQY0w5ejGgX,French Exit,TV Girl,20,Evening,2020,0,Lovers Rock -- TV Girl,Spotify Listening History 2019 - 2022.csv,Lovers Rock,Lovers Rock,1H7zdcRD0gLGQY0w5ejGgX,3.565333333
Lovers Rock,https://open.spotify.com/embed/track/1H7zdcRD0gLGQY0w5ejGgX,French Exit,TV Girl,12,Afternoon,2020,0,Lovers Rock -- TV Girl,Spotify Listening History 2019 - 2022.csv,Lovers Rock,Lovers Rock,1H7zdcRD0gLGQY0w5ejGgX,2.751466667
Lovers Rock,https://open.spotify.com/embed/track/1H7zdcRD0gLGQY0w5ejGgX,French Exit,TV Girl,19,Evening,2020,0,Lovers Rock -- TV Girl,Spotify Listening History 2019 - 2022.csv,Lovers Rock,Lovers Rock,1H7zdcRD0gLGQY0w5ejGgX,3.565333333
Lovers Rock,https://open.spotify.com/embed/track/1H7zdcRD0gLGQY0w5ejGgX,French Exit,TV Girl,17,Afternoon,2019,0,Lovers Rock -- TV Girl,Spotify Listening History 2019 - 2022.csv,Lovers Rock,Lovers Rock,1H7zdcRD0gLGQY0w5ejGgX,3.565333333
Lovers Rock,https://open.spotify.com/embed/track/1H7zdcRD0gLGQY0w5ejGgX,French Exit,TV Girl,15,Afternoon,2020,0,Lovers Rock -- TV Girl,Spotify Listening History 2019 - 2022.csv,Lovers Rock,Lovers Rock,1H7zdcRD0gLGQY0w5ejGgX,3.565333333
Lovers Rock,https://open.spotify.com/embed/track/1H7zdcRD0gLGQY0w5ejGgX,French Exit,TV Girl,20,Evening,2019,0,Lovers Rock -- TV Girl,Spotify Listening History 2019 - 2022.csv,Lovers Rock,Lovers Rock,1H7zdcRD0gLGQY0w5ejGgX,3.565333333
Lovers Rock,https://open.spotify.com/embed/track/1H7zdcRD0gLGQY0w5ejGgX,French Exit,TV Girl,14,Afternoon,2019,0,Lovers Rock -- TV Girl,Spotify Listening History 2019 - 2022.csv,Lovers Rock,Lovers Rock,1H7zdcRD0gLGQY0w5ejGgX,3.565333333
Lovers Rock,https://open.spotify.com/embed/track/1H7zdcRD0gLGQY0w5ejGgX,French Exit,TV Girl,10,Morning,2019,0,Lovers Rock -- TV Girl,Spotify Listening History 2019 - 2022.csv,Lovers Rock,Lovers Rock,1H7zdcRD0gLGQY0w5ejGgX,2.306116667
Lovers Rock,https://open.spotify.com/embed/track/1H7zdcRD0gLGQY0w5ejGgX,French Exit,TV Girl,18,Evening,2019,0,Lovers Rock -- TV Girl,Spotify Listening History 2019 - 2022.csv,Lovers Rock,Lovers Rock,1H7zdcRD0gLGQY0w5ejGgX,2.48685
Lovers Rock,https://open.spotify.com/embed/track/1H7zdcRD0gLGQY0w5ejGgX,French Exit,TV Girl,13,Afternoon,2019,0,Lovers Rock -- TV Girl,Spotify Listening History 2019 - 2022.csv,Lovers Rock,Lovers Rock,1H7zdcRD0gLGQY0w5ejGgX,2.3783
Lovers Rock,https://open.spotify.com/embed/track/1H7zdcRD0gLGQY0w5ejGgX,French Exit,TV Girl,19,Evening,2019,0,Lovers Rock -- TV Girl,Spotify Listening History 2019 - 2022.csv,Lovers Rock,Lovers Rock,1H7zdcRD0gLGQY0w5ejGgX,3.166916667
Lovers Rock,https://open.spotify.com/embed/track/1H7zdcRD0gLGQY0w5ejGgX,French Exit,TV Girl,10,Morning,2019,0,Lovers Rock -- TV Girl,Spotify Listening History 2019 - 2022.csv,Lovers Rock,Lovers Rock,1H7zdcRD0gLGQY0w5ejGgX,7.000033333
Lovers Rock,https://open.spotify.com/embed/track/1H7zdcRD0gLGQY0w5ejGgX,French Exit,TV Girl,16,Afternoon,2019,0,Lovers Rock -- TV Girl,Spotify Listening History 2019 - 2022.csv,Lovers Rock,Lovers Rock,1H7zdcRD0gLGQY0w5ejGgX,3.565333333
Lovers Rock,https://open.spotify.com/embed/track/1H7zdcRD0gLGQY0w5ejGgX,French Exit,TV Girl,13,Afternoon,2019,0,Lovers Rock -- TV Girl,Spotify Listening History 2019 - 2022.csv,Lovers Rock,Lovers Rock,1H7zdcRD0gLGQY0w5ejGgX,2.604883333
Lovers Rock,https://open.spotify.com/embed/track/1H7zdcRD0gLGQY0w5ejGgX,French Exit,TV Girl,15,Afternoon,2019,0,Lovers Rock -- TV Girl,Spotify Listening History 2019 - 2022.csv,Lovers Rock,Lovers Rock,1H7zdcRD0gLGQY0w5ejGgX,3.565333333
Lovers Rock,https://open.spotify.com/embed/track/1H7zdcRD0gLGQY0w5ejGgX,French Exit,TV Girl,21,Evening,2019,0,Lovers Rock -- TV Girl,Spotify Listening History 2019 - 2022.csv,Lovers Rock,Lovers Rock,1H7zdcRD0gLGQY0w5ejGgX,3.565333333
Lovers Rock,https://open.spotify.com/embed/track/1H7zdcRD0gLGQY0w5ejGgX,French Exit,TV Girl,21,Evening,2019,0,Lovers Rock -- TV Girl,Spotify Listening History 2019 - 2022.csv,Lovers Rock,Lovers Rock,1H7zdcRD0gLGQY0w5ejGgX,3.565333333
Lovers Rock,https://open.spotify.com/embed/track/1H7zdcRD0gLGQY0w5ejGgX,French Exit,TV Girl,16,Afternoon,2022,0,Lovers Rock -- TV Girl,Spotify Listening History 2019 - 2022.csv,Lovers Rock,Lovers Rock,6dBUzqjtbnIa1TwYbyw5CM,3.565333333
Lovers Rock,https://open.spotify.com/embed/track/1H7zdcRD0gLGQY0w5ejGgX,French Exit,TV Girl,1,Night,2020,0,Lovers Rock -- TV Girl,Spotify Listening History 2019 - 2022.csv,Lovers Rock,Lovers Rock,1H7zdcRD0gLGQY0w5ejGgX,3.565333333
Lovers Rock,https://open.spotify.com/embed/track/1H7zdcRD0gLGQY0w5ejGgX,French Exit,TV Girl,18,Evening,2019,0,Lovers Rock -- TV Girl,Spotify Listening History 2019 - 2022.csv,Lovers Rock,Lovers Rock,1H7zdcRD0gLGQY0w5ejGgX,3.565333333
Lovers Rock,https://open.spotify.com/embed/track/1H7zdcRD0gLGQY0w5ejGgX,French Exit,TV Girl,16,Afternoon,2019,0,Lovers Rock -- TV Girl,Spotify Listening History 2019 - 2022.csv,Lovers Rock,Lovers Rock,1H7zdcRD0gLGQY0w5ejGgX,1.743416667
Lovers Rock,https://open.spotify.com/embed/track/1H7zdcRD0gLGQY0w5ejGgX,French Exit,TV Girl,20,Evening,2019,0,Lovers Rock -- TV Girl,Spotify Listening History 2019 - 2022.csv,Lovers Rock,Lovers Rock,1H7zdcRD0gLGQY0w5ejGgX,2.30845
Lovers Rock,https://open.spotify.com/embed/track/1H7zdcRD0gLGQY0w5ejGgX,French Exit,TV Girl,16,Afternoon,2019,0,Lovers Rock -- TV Girl,Spotify Listening History 2019 - 2022.csv,Lovers Rock,Lovers Rock,1H7zdcRD0gLGQY0w5ejGgX,4.310683333
Lovers Rock,https://open.spotify.com/embed/track/1H7zdcRD0gLGQY0w5ejGgX,French Exit,TV Girl,11,Morning,2022,0,Lovers Rock -- TV Girl,Spotify Listening History 2019 - 2022.csv,Lovers Rock,Lovers Rock,1H7zdcRD0gLGQY0w5ejGgX,3.565333333
Lovers Rock,https://open.spotify.com/embed/track/1H7zdcRD0gLGQY0w5ejGgX,French Exit,TV Girl,16,Afternoon,2019,0,Lovers Rock -- TV Girl,Spotify Listening History 2019 - 2022.csv,Lovers Rock,Lovers Rock,1H7zdcRD0gLGQY0w5ejGgX,3.565333333
Lovers Rock,https://open.spotify.com/embed/track/1H7zdcRD0gLGQY0w5ejGgX,French Exit,TV Girl,0,Night,2019,0,Lovers Rock -- TV Girl,Spotify Listening History 2019 - 2022.csv,Lovers Rock,Lovers Rock,1H7zdcRD0gLGQY0w5ejGgX,3.565333333
Lovers Rock,https://open.spotify.com/embed/track/1H7zdcRD0gLGQY0w5ejGgX,French Exit,TV Girl,21,Evening,2019,0,Lovers Rock -- TV Girl,Spotify Listening History 2019 - 2022.csv,Lovers Rock,Lovers Rock,1H7zdcRD0gLGQY0w5ejGgX,3.565333333
Lovers Rock,https://open.spotify.com/embed/track/1H7zdcRD0gLGQY0w5ejGgX,French Exit,TV Girl,10,Morning,2020,0,Lovers Rock -- TV Girl,Spotify Listening History 2019 - 2022.csv,Lovers Rock,Lovers Rock,1H7zdcRD0gLGQY0w5ejGgX,3.565333333
Lovers Rock,https://open.spotify.com/embed/track/1H7zdcRD0gLGQY0w5ejGgX,French Exit,TV Girl,16,Afternoon,2019,0,Lovers Rock -- TV Girl,Spotify Listening History 2019 - 2022.csv,Lovers Rock,Lovers Rock,1H7zdcRD0gLGQY0w5ejGgX,3.565333333
Lovers Rock,https://open.spotify.com/embed/track/1H7zdcRD0gLGQY0w5ejGgX,French Exit,TV Girl,21,Evening,2019,0,Lovers Rock -- TV Girl,Spotify Listening History 2019 - 2022.csv,Lovers Rock,Lovers Rock,1H7zdcRD0gLGQY0w5ejGgX,2.30845
Lovers Rock,https://open.spotify.com/embed/track/1H7zdcRD0gLGQY0w5ejGgX,French Exit,TV Girl,10,Morning,2019,0,Lovers Rock -- TV Girl,Spotify Listening History 2019 - 2022.csv,Lovers Rock,Lovers Rock,1H7zdcRD0gLGQY0w5ejGgX,2.262783333
Lovers Rock,https://open.spotify.com/embed/track/1H7zdcRD0gLGQY0w5ejGgX,French Exit,TV Girl,9,Morning,2019,0,Lovers Rock -- TV Girl,Spotify Listening History 2019 - 2022.csv,Lovers Rock,Lovers Rock,1H7zdcRD0gLGQY0w5ejGgX,9.972616667
Lovers Rock,https://open.spotify.com/embed/track/1H7zdcRD0gLGQY0w5ejGgX,French Exit,TV Girl,9,Morning,2019,0,Lovers Rock -- TV Girl,Spotify Listening History 2019 - 2022.csv,Lovers Rock,Lovers Rock,1H7zdcRD0gLGQY0w5ejGgX,3.5182
Lovers Rock,https://open.spotify.com/embed/track/1H7zdcRD0gLGQY0w5ejGgX,French Exit,TV Girl,12,Afternoon,2020,0,Lovers Rock -- TV Girl,Spotify Listening History 2019 - 2022.csv,Lovers Rock,Lovers Rock,1H7zdcRD0gLGQY0w5ejGgX,3.565333333
Lovers Rock,https://open.spotify.com/embed/track/1H7zdcRD0gLGQY0w5ejGgX,French Exit,TV Girl,13,Afternoon,2022,0,Lovers Rock -- TV Girl,Spotify Listening History 2019 - 2022.csv,Lovers Rock,Lovers Rock,6dBUzqjtbnIa1TwYbyw5CM,3.565333333
Lovers Rock,https://open.spotify.com/embed/track/1H7zdcRD0gLGQY0w5ejGgX,French Exit,TV Girl,1,Night,2021,0,Lovers Rock -- TV Girl,Spotify Listening History 2019 - 2022.csv,Lovers Rock,Lovers Rock,1H7zdcRD0gLGQY0w5ejGgX,3.565333333
Lovers Rock,https://open.spotify.com/embed/track/1H7zdcRD0gLGQY0w5ejGgX,French Exit,TV Girl,0,Night,2019,0,Lovers Rock -- TV Girl,Spotify Listening History 2019 - 2022.csv,Lovers Rock,Lovers Rock,1H7zdcRD0gLGQY0w5ejGgX,3.565333333
Lovers Rock,https://open.spotify.com/embed/track/1H7zdcRD0gLGQY0w5ejGgX,French Exit,TV Girl,21,Evening,2020,0,Lovers Rock -- TV Girl,Spotify Listening History 2019 - 2022.csv,Lovers Rock,Lovers Rock,1H7zdcRD0gLGQY0w5ejGgX,3.565333333
Lovers Rock,https://open.spotify.com/embed/track/1H7zdcRD0gLGQY0w5ejGgX,French Exit,TV Girl,9,Morning,2022,0,Lovers Rock -- TV Girl,Spotify Listening History 2019 - 2022.csv,Lovers Rock,Lovers Rock,6dBUzqjtbnIa1TwYbyw5CM,3.565333333
Lovers Rock,https://open.spotify.com/embed/track/1H7zdcRD0gLGQY0w5ejGgX,French Exit,TV Girl,1,Night,2019,0,Lovers Rock -- TV Girl,Spotify Listening History 2019 - 2022.csv,Lovers Rock,Lovers Rock,1H7zdcRD0gLGQY0w5ejGgX,3.565333333
Lovers Rock,https://open.spotify.com/embed/track/1H7zdcRD0gLGQY0w5ejGgX,French Exit,TV Girl,15,Afternoon,2020,0,Lovers Rock -- TV Girl,Spotify Listening History 2019 - 2022.csv,Lovers Rock,Lovers Rock,1H7zdcRD0gLGQY0w5ejGgX,1.278566667
Lovers Rock,https://open.spotify.com/embed/track/1H7zdcRD0gLGQY0w5ejGgX,French Exit,TV Girl,22,Evening,2019,0,Lovers Rock -- TV Girl,Spotify Listening History 2019 - 2022.csv,Lovers Rock,Lovers Rock,1H7zdcRD0gLGQY0w5ejGgX,3.347416667
Lovers Rock,https://open.spotify.com/embed/track/1H7zdcRD0gLGQY0w5ejGgX,French Exit,TV Girl,16,Afternoon,2019,0,Lovers Rock -- TV Girl,Spotify Listening History 2019 - 2022.csv,Lovers Rock,Lovers Rock,1H7zdcRD0gLGQY0w5ejGgX,2.337683333
Lovers Rock,https://open.spotify.com/embed/track/1H7zdcRD0gLGQY0w5ejGgX,French Exit,TV Girl,16,Afternoon,2019,0,Lovers Rock -- TV Girl,Spotify Listening History 2019 - 2022.csv,Lovers Rock,Lovers Rock,1H7zdcRD0gLGQY0w5ejGgX,2.7891
Lovers Rock,https://open.spotify.com/embed/track/1H7zdcRD0gLGQY0w5ejGgX,French Exit,TV Girl,17,Afternoon,2019,0,Lovers Rock -- TV Girl,Spotify Listening History 2019 - 2022.csv,Lovers Rock,Lovers Rock,1H7zdcRD0gLGQY0w5ejGgX,1.4048
Lovers Rock,https://open.spotify.com/embed/track/1H7zdcRD0gLGQY0w5ejGgX,French Exit,TV Girl,23,Evening,2022,0,Lovers Rock -- TV Girl,Spotify Listening History 2019 - 2022.csv,Lovers Rock,Lovers Rock,6dBUzqjtbnIa1TwYbyw5CM,3.565333333
Lovers Rock,https://open.spotify.com/embed/track/1H7zdcRD0gLGQY0w5ejGgX,French Exit,TV Girl,23,Evening,2019,0,Lovers Rock -- TV Girl,Spotify Listening History 2019 - 2022.csv,Lovers Rock,Lovers Rock,1H7zdcRD0gLGQY0w5ejGgX,3.565333333
Lovers Rock,https://open.spotify.com/embed/track/1H7zdcRD0gLGQY0w5ejGgX,French Exit,TV Girl,19,Evening,2019,0,Lovers Rock -- TV Girl,Spotify Listening History 2019 - 2022.csv,Lovers Rock,Lovers Rock,1H7zdcRD0gLGQY0w5ejGgX,4.8966
Lovers Rock,https://open.spotify.com/embed/track/1H7zdcRD0gLGQY0w5ejGgX,French Exit,TV Girl,15,Afternoon,2019,0,Lovers Rock -- TV Girl,Spotify Listening History 2019 - 2022.csv,Lovers Rock,Lovers Rock,1H7zdcRD0gLGQY0w5ejGgX,3.565333333
Lovers Rock,https://open.spotify.com/embed/track/1H7zdcRD0gLGQY0w5ejGgX,French Exit,TV Girl,15,Afternoon,2019,0,Lovers Rock -- TV Girl,Spotify Listening History 2019 - 2022.csv,Lovers Rock,Lovers Rock,1H7zdcRD0gLGQY0w5ejGgX,6.96975
Lovers Rock,https://open.spotify.com/embed/track/1H7zdcRD0gLGQY0w5ejGgX,French Exit,TV Girl,16,Afternoon,2019,0,Lovers Rock -- TV Girl,Spotify Listening History 2019 - 2022.csv,Lovers Rock,Lovers Rock,1H7zdcRD0gLGQY0w5ejGgX,3.565333333
Lovers Rock,https://open.spotify.com/embed/track/1H7zdcRD0gLGQY0w5ejGgX,French Exit,TV Girl,18,Evening,2019,0,Lovers Rock -- TV Girl,Spotify Listening History 2019 - 2022.csv,Lovers Rock,Lovers Rock,1H7zdcRD0gLGQY0w5ejGgX,1.681883333
Lovers Rock,https://open.spotify.com/embed/track/1H7zdcRD0gLGQY0w5ejGgX,French Exit,TV Girl,13,Afternoon,2019,0,Lovers Rock -- TV Girl,Spotify Listening History 2019 - 2022.csv,Lovers Rock,Lovers Rock,1H7zdcRD0gLGQY0w5ejGgX,3.565333333
Lovers Rock,https://open.spotify.com/embed/track/1H7zdcRD0gLGQY0w5ejGgX,French Exit,TV Girl,17,Afternoon,2019,0,Lovers Rock -- TV Girl,Spotify Listening History 2019 - 2022.csv,Lovers Rock,Lovers Rock,1H7zdcRD0gLGQY0w5ejGgX,3.565333333
Lovers Rock,https://open.spotify.com/embed/track/1H7zdcRD0gLGQY0w5ejGgX,French Exit,TV Girl,10,Morning,2019,0,Lovers Rock -- TV Girl,Spotify Listening History 2019 - 2022.csv,Lovers Rock,Lovers Rock,1H7zdcRD0gLGQY0w5ejGgX,3.565333333
Lovers Rock,https://open.spotify.com/embed/track/1H7zdcRD0gLGQY0w5ejGgX,French Exit,TV Girl,20,Evening,2022,0,Lovers Rock -- TV Girl,Spotify Listening History 2019 - 2022.csv,Lovers Rock,Lovers Rock,6dBUzqjtbnIa1TwYbyw5CM,3.565333333
Lovers Rock,https://open.spotify.com/embed/track/1H7zdcRD0gLGQY0w5ejGgX,French Exit,TV Girl,22,Evening,2022,0,Lovers Rock -- TV Girl,Spotify Listening History 2019 - 2022.csv,Lovers Rock,Lovers Rock,6dBUzqjtbnIa1TwYbyw5CM,2.17385
Lovers Rock,https://open.spotify.com/embed/track/1H7zdcRD0gLGQY0w5ejGgX,French Exit,TV Girl,16,Afternoon,2019,0,Lovers Rock -- TV Girl,Spotify Listening History 2019 - 2022.csv,Lovers Rock,Lovers Rock,1H7zdcRD0gLGQY0w5ejGgX,6.22255
Lovers Rock,https://open.spotify.com/embed/track/1H7zdcRD0gLGQY0w5ejGgX,French Exit,TV Girl,13,Afternoon,2020,0,Lovers Rock -- TV Girl,Spotify Listening History 2019 - 2022.csv,Lovers Rock,Lovers Rock,1H7zdcRD0gLGQY0w5ejGgX,3.565333333
Lovers Rock,https://open.spotify.com/embed/track/1H7zdcRD0gLGQY0w5ejGgX,French Exit,TV Girl,12,Afternoon,2020,0,Lovers Rock -- TV Girl,Spotify Listening History 2019 - 2022.csv,Lovers Rock,Lovers Rock,1H7zdcRD0gLGQY0w5ejGgX,3.565333333
Lovers Rock,https://open.spotify.com/embed/track/1H7zdcRD0gLGQY0w5ejGgX,French Exit,TV Girl,12,Afternoon,2021,0,Lovers Rock -- TV Girl,Spotify Listening History 2019 - 2022.csv,Lovers Rock,Lovers Rock,1H7zdcRD0gLGQY0w5ejGgX,3.565333333
Lovers Rock,https://open.spotify.com/embed/track/1H7zdcRD0gLGQY0w5ejGgX,French Exit,TV Girl,10,Morning,2019,0,Lovers Rock -- TV Girl,Spotify Listening History 2019 - 2022.csv,Lovers Rock,Lovers Rock,1H7zdcRD0gLGQY0w5ejGgX,1.4791
Lovers Rock,https://open.spotify.com/embed/track/1H7zdcRD0gLGQY0w5ejGgX,French Exit,TV Girl,17,Afternoon,2022,0,Lovers Rock -- TV Girl,Spotify Listening History 2019 - 2022.csv,Lovers Rock,Lovers Rock,1H7zdcRD0gLGQY0w5ejGgX,3.565333333
Lovers Rock,https://open.spotify.com/embed/track/1H7zdcRD0gLGQY0w5ejGgX,French Exit,TV Girl,10,Morning,2019,0,Lovers Rock -- TV Girl,Spotify Listening History 2019 - 2022.csv,Lovers Rock,Lovers Rock,1H7zdcRD0gLGQY0w5ejGgX,3.565333333
Lovers Rock,https://open.spotify.com/embed/track/1H7zdcRD0gLGQY0w5ejGgX,French Exit,TV Girl,9,Morning,2019,0,Lovers Rock -- TV Girl,Spotify Listening History 2019 - 2022.csv,Lovers Rock,Lovers Rock,1H7zdcRD0gLGQY0w5ejGgX,3.334033333
Lovers Rock,https://open.spotify.com/embed/track/1H7zdcRD0gLGQY0w5ejGgX,French Exit,TV Girl,18,Evening,2020,0,Lovers Rock -- TV Girl,Spotify Listening History 2019 - 2022.csv,Lovers Rock,Lovers Rock,1H7zdcRD0gLGQY0w5ejGgX,3.565333333
Lovers Rock,https://open.spotify.com/embed/track/1H7zdcRD0gLGQY0w5ejGgX,French Exit,TV Girl,13,Afternoon,2022,0,Lovers Rock -- TV Girl,Spotify Listening History 2019 - 2022.csv,Lovers Rock,Lovers Rock,6dBUzqjtbnIa1TwYbyw5CM,3.565333333
Lovers Rock,https://open.spotify.com/embed/track/1H7zdcRD0gLGQY0w5ejGgX,French Exit,TV Girl,23,Evening,2019,0,Lovers Rock -- TV Girl,Spotify Listening History 2019 - 2022.csv,Lovers Rock,Lovers Rock,1H7zdcRD0gLGQY0w5ejGgX,3.565333333
Lovers Rock,https://open.spotify.com/embed/track/1H7zdcRD0gLGQY0w5ejGgX,French Exit,TV Girl,14,Afternoon,2019,0,Lovers Rock -- TV Girl,Spotify Listening History 2019 - 2022.csv,Lovers Rock,Lovers Rock,1H7zdcRD0gLGQY0w5ejGgX,3.565333333
Lovers Rock,https://open.spotify.com/embed/track/1H7zdcRD0gLGQY0w5ejGgX,French Exit,TV Girl,10,Morning,2022,0,Lovers Rock -- TV Girl,Spotify Listening History 2019 - 2022.csv,Lovers Rock,Lovers Rock,1H7zdcRD0gLGQY0w5ejGgX,3.2096
Lovers Rock,https://open.spotify.com/embed/track/1H7zdcRD0gLGQY0w5ejGgX,French Exit,TV Girl,23,Evening,2019,0,Lovers Rock -- TV Girl,Spotify Listening History 2019 - 2022.csv,Lovers Rock,Lovers Rock,1H7zdcRD0gLGQY0w5ejGgX,3.565333333
Lovers Rock,https://open.spotify.com/embed/track/1H7zdcRD0gLGQY0w5ejGgX,French Exit,TV Girl,23,Evening,2019,0,Lovers Rock -- TV Girl,Spotify Listening History 2019 - 2022.csv,Lovers Rock,Lovers Rock,1H7zdcRD0gLGQY0w5ejGgX,10.066916667
Lovers Rock,https://open.spotify.com/embed/track/1H7zdcRD0gLGQY0w5ejGgX,French Exit,TV Girl,14,Afternoon,2019,0,Lovers Rock -- TV Girl,Spotify Listening History 2019 - 2022.csv,Lovers Rock,Lovers Rock,1H7zdcRD0gLGQY0w5ejGgX,2.585916667
Lovers Rock,https://open.spotify.com/embed/track/1H7zdcRD0gLGQY0w5ejGgX,French Exit,TV Girl,18,Evening,2019,0,Lovers Rock -- TV Girl,Spotify Listening History 2019 - 2022.csv,Lovers Rock,Lovers Rock,1H7zdcRD0gLGQY0w5ejGgX,7.04415
Lovers Rock,https://open.spotify.com/embed/track/1H7zdcRD0gLGQY0w5ejGgX,French Exit,TV Girl,16,Afternoon,2019,0,Lovers Rock -- TV Girl,Spotify Listening History 2019 - 2022.csv,Lovers Rock,Lovers Rock,1H7zdcRD0gLGQY0w5ejGgX,1.522833333
Lovers Rock,https://open.spotify.com/embed/track/1H7zdcRD0gLGQY0w5ejGgX,French Exit,TV Girl,14,Afternoon,2019,0,Lovers Rock -- TV Girl,Spotify Listening History 2019 - 2022.csv,Lovers Rock,Lovers Rock,1H7zdcRD0gLGQY0w5ejGgX,7.784866667
Lovers Rock,https://open.spotify.com/embed/track/1H7zdcRD0gLGQY0w5ejGgX,French Exit,TV Girl,16,Afternoon,2019,0,Lovers Rock -- TV Girl,Spotify Listening History 2019 - 2022.csv,Lovers Rock,Lovers Rock,1H7zdcRD0gLGQY0w5ejGgX,3.565333333
Lovers Rock,https://open.spotify.com/embed/track/1H7zdcRD0gLGQY0w5ejGgX,French Exit,TV Girl,16,Afternoon,2019,0,Lovers Rock -- TV Girl,Spotify Listening History 2019 - 2022.csv,Lovers Rock,Lovers Rock,1H7zdcRD0gLGQY0w5ejGgX,3.565333333
Lovers Rock,https://open.spotify.com/embed/track/1H7zdcRD0gLGQY0w5ejGgX,French Exit,TV Girl,15,Afternoon,2019,0,Lovers Rock -- TV Girl,Spotify Listening History 2019 - 2022.csv,Lovers Rock,Lovers Rock,1H7zdcRD0gLGQY0w5ejGgX,3.565333333
Lovers Rock,https://open.spotify.com/embed/track/1H7zdcRD0gLGQY0w5ejGgX,French Exit,TV Girl,15,Afternoon,2019,0,Lovers Rock -- TV Girl,Spotify Listening History 2019 - 2022.csv,Lovers Rock,Lovers Rock,1H7zdcRD0gLGQY0w5ejGgX,3.565333333
Lovers Rock,https://open.spotify.com/embed/track/1H7zdcRD0gLGQY0w5ejGgX,French Exit,TV Girl,14,Afternoon,2019,0,Lovers Rock -- TV Girl,Spotify Listening History 2019 - 2022.csv,Lovers Rock,Lovers Rock,1H7zdcRD0gLGQY0w5ejGgX,3.565333333
Lovers Rock,https://open.spotify.com/embed/track/1H7zdcRD0gLGQY0w5ejGgX,French Exit,TV Girl,14,Afternoon,2019,0,Lovers Rock -- TV Girl,Spotify Listening History 2019 - 2022.csv,Lovers Rock,Lovers Rock,1H7zdcRD0gLGQY0w5ejGgX,3.565333333
Lovers Rock,https://open.spotify.com/embed/track/1H7zdcRD0gLGQY0w5ejGgX,French Exit,TV Girl,14,Afternoon,2019,0,Lovers Rock -- TV Girl,Spotify Listening History 2019 - 2022.csv,Lovers Rock,Lovers Rock,1H7zdcRD0gLGQY0w5ejGgX,3.565333333
Lovers Rock,https://open.spotify.com/embed/track/1H7zdcRD0gLGQY0w5ejGgX,French Exit,TV Girl,14,Afternoon,2019,0,Lovers Rock -- TV Girl,Spotify Listening History 2019 - 2022.csv,Lovers Rock,Lovers Rock,1H7zdcRD0gLGQY0w5ejGgX,3.565333333
Lovers Rock,https://open.spotify.com/embed/track/1H7zdcRD0gLGQY0w5ejGgX,French Exit,TV Girl,13,Afternoon,2019,0,Lovers Rock -- TV Girl,Spotify Listening History 2019 - 2022.csv,Lovers Rock,Lovers Rock,1H7zdcRD0gLGQY0w5ejGgX,3.565333333
Lovers Rock,https://open.spotify.com/embed/track/1H7zdcRD0gLGQY0w5ejGgX,French Exit,TV Girl,10,Morning,2019,0,Lovers Rock -- TV Girl,Spotify Listening History 2019 - 2022.csv,Lovers Rock,Lovers Rock,1H7zdcRD0gLGQY0w5ejGgX,4.850166667
Lovers Rock,https://open.spotify.com/embed/track/1H7zdcRD0gLGQY0w5ejGgX,French Exit,TV Girl,10,Morning,2019,0,Lovers Rock -- TV Girl,Spotify Listening History 2019 - 2022.csv,Lovers Rock,Lovers Rock,1H7zdcRD0gLGQY0w5ejGgX,3.565333333
Lovers Rock,https://open.spotify.com/embed/track/1H7zdcRD0gLGQY0w5ejGgX,French Exit,TV Girl,8,Morning,2019,0,Lovers Rock -- TV Girl,Spotify Listening History 2019 - 2022.csv,Lovers Rock,Lovers Rock,1H7zdcRD0gLGQY0w5ejGgX,8.840516667
Lovers Rock,https://open.spotify.com/embed/track/1H7zdcRD0gLGQY0w5ejGgX,French Exit,TV Girl,0,Night,2019,0,Lovers Rock -- TV Girl,Spotify Listening History 2019 - 2022.csv,Lovers Rock,Lovers Rock,1H7zdcRD0gLGQY0w5ejGgX,3.565333333
Lovers Rock,https://open.spotify.com/embed/track/1H7zdcRD0gLGQY0w5ejGgX,French Exit,TV Girl,20,Evening,2019,0,Lovers Rock -- TV Girl,Spotify Listening History 2019 - 2022.csv,Lovers Rock,Lovers Rock,1H7zdcRD0gLGQY0w5ejGgX,3.565333333
Lovers Rock,https://open.spotify.com/embed/track/1H7zdcRD0gLGQY0w5ejGgX,French Exit,TV Girl,22,Evening,2022,0,Lovers Rock -- TV Girl,Spotify Listening History 2019 - 2022.csv,Lovers Rock,Lovers Rock,6dBUzqjtbnIa1TwYbyw5CM,3.565333333
Lovers Rock,https://open.spotify.com/embed/track/1H7zdcRD0gLGQY0w5ejGgX,French Exit,TV Girl,6,Morning,2019,0,Lovers Rock -- TV Girl,Spotify Listening History 2019 - 2022.csv,Lovers Rock,Lovers Rock,1H7zdcRD0gLGQY0w5ejGgX,3.565333333
Lovers Rock,https://open.spotify.com/embed/track/1H7zdcRD0gLGQY0w5ejGgX,French Exit,TV Girl,18,Evening,2022,0,Lovers Rock -- TV Girl,Spotify Listening History 2019 - 2022.csv,Lovers Rock,Lovers Rock,1H7zdcRD0gLGQY0w5ejGgX,3.565333333
Happy 4 U,https://open.spotify.com/embed/track/00OIc0La1fUi1jQ0fjJvYZ,Happy 4 U,Alex Fasso,0,Night,2021,0,Happy 4 U -- Alex Fasso,Spotify Listening History 2019 - 2022.csv,Happy 4 U,Happy 4 U,00OIc0La1fUi1jQ0fjJvYZ,3.324383333
Happy 4 U,https://open.spotify.com/embed/track/00OIc0La1fUi1jQ0fjJvYZ,Happy 4 U,Alex Fasso,13,Afternoon,2021,0,Happy 4 U -- Alex Fasso,Spotify Listening History 2019 - 2022.csv,Happy 4 U,Happy 4 U,00OIc0La1fUi1jQ0fjJvYZ,4.749316667
Happy 4 U,https://open.spotify.com/embed/track/00OIc0La1fUi1jQ0fjJvYZ,Happy 4 U,Alex Fasso,12,Afternoon,2021,0,Happy 4 U -- Alex Fasso,Spotify Listening History 2019 - 2022.csv,Happy 4 U,Happy 4 U,00OIc0La1fUi1jQ0fjJvYZ,3.324383333
Happy 4 U,https://open.spotify.com/embed/track/00OIc0La1fUi1jQ0fjJvYZ,Happy 4 U,Alex Fasso,2,Night,2021,0,Happy 4 U -- Alex Fasso,Spotify Listening History 2019 - 2022.csv,Happy 4 U,Happy 4 U,00OIc0La1fUi1jQ0fjJvYZ,3.324383333
Happy 4 U,https://open.spotify.com/embed/track/00OIc0La1fUi1jQ0fjJvYZ,Happy 4 U,Alex Fasso,1,Night,2021,0,Happy 4 U -- Alex Fasso,Spotify Listening History 2019 - 2022.csv,Happy 4 U,Happy 4 U,00OIc0La1fUi1jQ0fjJvYZ,3.324383333
Happy 4 U,https://open.spotify.com/embed/track/00OIc0La1fUi1jQ0fjJvYZ,Happy 4 U,Alex Fasso,1,Night,2021,0,Happy 4 U -- Alex Fasso,Spotify Listening History 2019 - 2022.csv,Happy 4 U,Happy 4 U,00OIc0La1fUi1jQ0fjJvYZ,3.324383333
Happy 4 U,https://open.spotify.com/embed/track/00OIc0La1fUi1jQ0fjJvYZ,Happy 4 U,Alex Fasso,1,Night,2021,0,Happy 4 U -- Alex Fasso,Spotify Listening History 2019 - 2022.csv,Happy 4 U,Happy 4 U,00OIc0La1fUi1jQ0fjJvYZ,3.324383333
Happy 4 U,https://open.spotify.com/embed/track/00OIc0La1fUi1jQ0fjJvYZ,Happy 4 U,Alex Fasso,0,Night,2021,0,Happy 4 U -- Alex Fasso,Spotify Listening History 2019 - 2022.csv,Happy 4 U,Happy 4 U,00OIc0La1fUi1jQ0fjJvYZ,3.324383333
Happy 4 U,https://open.spotify.com/embed/track/00OIc0La1fUi1jQ0fjJvYZ,Happy 4 U,Alex Fasso,0,Night,2021,0,Happy 4 U -- Alex Fasso,Spotify Listening History 2019 - 2022.csv,Happy 4 U,Happy 4 U,00OIc0La1fUi1jQ0fjJvYZ,3.324383333
Happy 4 U,https://open.spotify.com/embed/track/00OIc0La1fUi1jQ0fjJvYZ,Happy 4 U,Alex Fasso,23,Evening,2021,0,Happy 4 U -- Alex Fasso,Spotify Listening History 2019 - 2022.csv,Happy 4 U,Happy 4 U,00OIc0La1fUi1jQ0fjJvYZ,3.324383333
Happy 4 U,https://open.spotify.com/embed/track/00OIc0La1fUi1jQ0fjJvYZ,Happy 4 U,Alex Fasso,23,Evening,2021,0,Happy 4 U -- Alex Fasso,Spotify Listening History 2019 - 2022.csv,Happy 4 U,Happy 4 U,00OIc0La1fUi1jQ0fjJvYZ,3.324383333
Happy 4 U,https://open.spotify.com/embed/track/00OIc0La1fUi1jQ0fjJvYZ,Happy 4 U,Alex Fasso,9,Morning,2021,0,Happy 4 U -- Alex Fasso,Spotify Listening History 2019 - 2022.csv,Happy 4 U,Happy 4 U,00OIc0La1fUi1jQ0fjJvYZ,3.324383333
Happy 4 U,https://open.spotify.com/embed/track/00OIc0La1fUi1jQ0fjJvYZ,Happy 4 U,Alex Fasso,1,Night,2021,0,Happy 4 U -- Alex Fasso,Spotify Listening History 2019 - 2022.csv,Happy 4 U,Happy 4 U,00OIc0La1fUi1jQ0fjJvYZ,3.324383333
Happy 4 U,https://open.spotify.com/embed/track/00OIc0La1fUi1jQ0fjJvYZ,Happy 4 U,Alex Fasso,23,Evening,2021,0,Happy 4 U -- Alex Fasso,Spotify Listening History 2019 - 2022.csv,Happy 4 U,Happy 4 U,00OIc0La1fUi1jQ0fjJvYZ,3.324383333
Happy 4 U,https://open.spotify.com/embed/track/00OIc0La1fUi1jQ0fjJvYZ,Happy 4 U,Alex Fasso,22,Evening,2021,0,Happy 4 U -- Alex Fasso,Spotify Listening History 2019 - 2022.csv,Happy 4 U,Happy 4 U,00OIc0La1fUi1jQ0fjJvYZ,3.324383333
Happy 4 U,https://open.spotify.com/embed/track/00OIc0La1fUi1jQ0fjJvYZ,Happy 4 U,Alex Fasso,20,Evening,2021,0,Happy 4 U -- Alex Fasso,Spotify Listening History 2019 - 2022.csv,Happy 4 U,Happy 4 U,00OIc0La1fUi1jQ0fjJvYZ,3.324383333
Happy 4 U,https://open.spotify.com/embed/track/00OIc0La1fUi1jQ0fjJvYZ,Happy 4 U,Alex Fasso,0,Night,2021,0,Happy 4 U -- Alex Fasso,Spotify Listening History 2019 - 2022.csv,Happy 4 U,Happy 4 U,00OIc0La1fUi1jQ0fjJvYZ,3.324383333
Happy 4 U,https://open.spotify.com/embed/track/00OIc0La1fUi1jQ0fjJvYZ,Happy 4 U,Alex Fasso,0,Night,2021,0,Happy 4 U -- Alex Fasso,Spotify Listening History 2019 - 2022.csv,Happy 4 U,Happy 4 U,00OIc0La1fUi1jQ0fjJvYZ,6.005183333
Happy 4 U,https://open.spotify.com/embed/track/00OIc0La1fUi1jQ0fjJvYZ,Happy 4 U,Alex Fasso,19,Evening,2021,0,Happy 4 U -- Alex Fasso,Spotify Listening History 2019 - 2022.csv,Happy 4 U,Happy 4 U,00OIc0La1fUi1jQ0fjJvYZ,1.649133333
Happy 4 U,https://open.spotify.com/embed/track/00OIc0La1fUi1jQ0fjJvYZ,Happy 4 U,Alex Fasso,11,Morning,2021,0,Happy 4 U -- Alex Fasso,Spotify Listening History 2019 - 2022.csv,Happy 4 U,Happy 4 U,00OIc0La1fUi1jQ0fjJvYZ,2.5113
Happy 4 U,https://open.spotify.com/embed/track/00OIc0La1fUi1jQ0fjJvYZ,Happy 4 U,Alex Fasso,10,Morning,2021,0,Happy 4 U -- Alex Fasso,Spotify Listening History 2019 - 2022.csv,Happy 4 U,Happy 4 U,00OIc0La1fUi1jQ0fjJvYZ,1.573216667
Happy 4 U,https://open.spotify.com/embed/track/00OIc0La1fUi1jQ0fjJvYZ,Happy 4 U,Alex Fasso,10,Morning,2021,0,Happy 4 U -- Alex Fasso,Spotify Listening History 2019 - 2022.csv,Happy 4 U,Happy 4 U,00OIc0La1fUi1jQ0fjJvYZ,3.324383333
Happy 4 U,https://open.spotify.com/embed/track/00OIc0La1fUi1jQ0fjJvYZ,Happy 4 U,Alex Fasso,15,Afternoon,2021,0,Happy 4 U -- Alex Fasso,Spotify Listening History 2019 - 2022.csv,Happy 4 U,Happy 4 U,00OIc0La1fUi1jQ0fjJvYZ,3.324383333
Happy 4 U,https://open.spotify.com/embed/track/00OIc0La1fUi1jQ0fjJvYZ,Happy 4 U,Alex Fasso,14,Afternoon,2021,0,Happy 4 U -- Alex Fasso,Spotify Listening History 2019 - 2022.csv,Happy 4 U,Happy 4 U,00OIc0La1fUi1jQ0fjJvYZ,4.821616667
Happy 4 U,https://open.spotify.com/embed/track/00OIc0La1fUi1jQ0fjJvYZ,Happy 4 U,Alex Fasso,13,Afternoon,2021,0,Happy 4 U -- Alex Fasso,Spotify Listening History 2019 - 2022.csv,Happy 4 U,Happy 4 U,00OIc0La1fUi1jQ0fjJvYZ,3.324383333
Happy 4 U,https://open.spotify.com/embed/track/00OIc0La1fUi1jQ0fjJvYZ,Happy 4 U,Alex Fasso,17,Afternoon,2021,0,Happy 4 U -- Alex Fasso,Spotify Listening History 2019 - 2022.csv,Happy 4 U,Happy 4 U,00OIc0La1fUi1jQ0fjJvYZ,2.837333333
Happy 4 U,https://open.spotify.com/embed/track/00OIc0La1fUi1jQ0fjJvYZ,Happy 4 U,Alex Fasso,12,Afternoon,2021,0,Happy 4 U -- Alex Fasso,Spotify Listening History 2019 - 2022.csv,Happy 4 U,Happy 4 U,00OIc0La1fUi1jQ0fjJvYZ,1.9524
Happy 4 U,https://open.spotify.com/embed/track/00OIc0La1fUi1jQ0fjJvYZ,Happy 4 U,Alex Fasso,23,Evening,2021,0,Happy 4 U -- Alex Fasso,Spotify Listening History 2019 - 2022.csv,Happy 4 U,Happy 4 U,00OIc0La1fUi1jQ0fjJvYZ,2.470033333
Happy 4 U,https://open.spotify.com/embed/track/00OIc0La1fUi1jQ0fjJvYZ,Happy 4 U,Alex Fasso,18,Evening,2021,0,Happy 4 U -- Alex Fasso,Spotify Listening History 2019 - 2022.csv,Happy 4 U,Happy 4 U,00OIc0La1fUi1jQ0fjJvYZ,1.945233333
Happy 4 U,https://open.spotify.com/embed/track/00OIc0La1fUi1jQ0fjJvYZ,Happy 4 U,Alex Fasso,0,Night,2021,0,Happy 4 U -- Alex Fasso,Spotify Listening History 2019 - 2022.csv,Happy 4 U,Happy 4 U,00OIc0La1fUi1jQ0fjJvYZ,3.324383333
Happy 4 U,https://open.spotify.com/embed/track/00OIc0La1fUi1jQ0fjJvYZ,Happy 4 U,Alex Fasso,16,Afternoon,2022,0,Happy 4 U -- Alex Fasso,Spotify Listening History 2019 - 2022.csv,Happy 4 U,Happy 4 U,00OIc0La1fUi1jQ0fjJvYZ,3.324383333
Happy 4 U,https://open.spotify.com/embed/track/00OIc0La1fUi1jQ0fjJvYZ,Happy 4 U,Alex Fasso,1,Night,2021,0,Happy 4 U -- Alex Fasso,Spotify Listening History 2019 - 2022.csv,Happy 4 U,Happy 4 U,00OIc0La1fUi1jQ0fjJvYZ,3.324383333
Happy 4 U,https://open.spotify.com/embed/track/00OIc0La1fUi1jQ0fjJvYZ,Happy 4 U,Alex Fasso,11,Morning,2021,0,Happy 4 U -- Alex Fasso,Spotify Listening History 2019 - 2022.csv,Happy 4 U,Happy 4 U,00OIc0La1fUi1jQ0fjJvYZ,3.324383333
Happy 4 U,https://open.spotify.com/embed/track/00OIc0La1fUi1jQ0fjJvYZ,Happy 4 U,Alex Fasso,0,Night,2021,0,Happy 4 U -- Alex Fasso,Spotify Listening History 2019 - 2022.csv,Happy 4 U,Happy 4 U,00OIc0La1fUi1jQ0fjJvYZ,3.37665
Happy 4 U,https://open.spotify.com/embed/track/00OIc0La1fUi1jQ0fjJvYZ,Happy 4 U,Alex Fasso,11,Morning,2021,0,Happy 4 U -- Alex Fasso,Spotify Listening History 2019 - 2022.csv,Happy 4 U,Happy 4 U,00OIc0La1fUi1jQ0fjJvYZ,4.4935
Happy 4 U,https://open.spotify.com/embed/track/00OIc0La1fUi1jQ0fjJvYZ,Happy 4 U,Alex Fasso,21,Evening,2021,0,Happy 4 U -- Alex Fasso,Spotify Listening History 2019 - 2022.csv,Happy 4 U,Happy 4 U,00OIc0La1fUi1jQ0fjJvYZ,2.89385
Happy 4 U,https://open.spotify.com/embed/track/00OIc0La1fUi1jQ0fjJvYZ,Happy 4 U,Alex Fasso,8,Morning,2021,0,Happy 4 U -- Alex Fasso,Spotify Listening History 2019 - 2022.csv,Happy 4 U,Happy 4 U,00OIc0La1fUi1jQ0fjJvYZ,2.51555
Happy 4 U,https://open.spotify.com/embed/track/00OIc0La1fUi1jQ0fjJvYZ,Happy 4 U,Alex Fasso,10,Morning,2020,0,Happy 4 U -- Alex Fasso,Spotify Listening History 2019 - 2022.csv,Happy 4 U,Happy 4 U,00OIc0La1fUi1jQ0fjJvYZ,1.921166667
Happy 4 U,https://open.spotify.com/embed/track/00OIc0La1fUi1jQ0fjJvYZ,Happy 4 U,Alex Fasso,14,Afternoon,2020,0,Happy 4 U -- Alex Fasso,Spotify Listening History 2019 - 2022.csv,Happy 4 U,Happy 4 U,00OIc0La1fUi1jQ0fjJvYZ,1.6068
Happy 4 U,https://open.spotify.com/embed/track/00OIc0La1fUi1jQ0fjJvYZ,Happy 4 U,Alex Fasso,16,Afternoon,2020,0,Happy 4 U -- Alex Fasso,Spotify Listening History 2019 - 2022.csv,Happy 4 U,Happy 4 U,00OIc0La1fUi1jQ0fjJvYZ,3.165216667
Happy 4 U,https://open.spotify.com/embed/track/00OIc0La1fUi1jQ0fjJvYZ,Happy 4 U,Alex Fasso,11,Morning,2020,0,Happy 4 U -- Alex Fasso,Spotify Listening History 2019 - 2022.csv,Happy 4 U,Happy 4 U,00OIc0La1fUi1jQ0fjJvYZ,1.518966667
Happy 4 U,https://open.spotify.com/embed/track/00OIc0La1fUi1jQ0fjJvYZ,Happy 4 U,Alex Fasso,19,Evening,2020,0,Happy 4 U -- Alex Fasso,Spotify Listening History 2019 - 2022.csv,Happy 4 U,Happy 4 U,00OIc0La1fUi1jQ0fjJvYZ,3.324383333
Happy 4 U,https://open.spotify.com/embed/track/00OIc0La1fUi1jQ0fjJvYZ,Happy 4 U,Alex Fasso,8,Morning,2022,0,Happy 4 U -- Alex Fasso,Spotify Listening History 2019 - 2022.csv,Happy 4 U,Happy 4 U,00OIc0La1fUi1jQ0fjJvYZ,1.86655
Happy 4 U,https://open.spotify.com/embed/track/00OIc0La1fUi1jQ0fjJvYZ,Happy 4 U,Alex Fasso,21,Evening,2022,0,Happy 4 U -- Alex Fasso,Spotify Listening History 2019 - 2022.csv,Happy 4 U,Happy 4 U,00OIc0La1fUi1jQ0fjJvYZ,3.2165
Happy 4 U,https://open.spotify.com/embed/track/00OIc0La1fUi1jQ0fjJvYZ,Happy 4 U,Alex Fasso,1,Night,2020,0,Happy 4 U -- Alex Fasso,Spotify Listening History 2019 - 2022.csv,Happy 4 U,Happy 4 U,00OIc0La1fUi1jQ0fjJvYZ,3.324383333
Happy 4 U,https://open.spotify.com/embed/track/00OIc0La1fUi1jQ0fjJvYZ,Happy 4 U,Alex Fasso,12,Afternoon,2020,0,Happy 4 U -- Alex Fasso,Spotify Listening History 2019 - 2022.csv,Happy 4 U,Happy 4 U,00OIc0La1fUi1jQ0fjJvYZ,3.324383333
Happy 4 U,https://open.spotify.com/embed/track/00OIc0La1fUi1jQ0fjJvYZ,Happy 4 U,Alex Fasso,2,Night,2020,0,Happy 4 U -- Alex Fasso,Spotify Listening History 2019 - 2022.csv,Happy 4 U,Happy 4 U,00OIc0La1fUi1jQ0fjJvYZ,3.324383333
Happy 4 U,https://open.spotify.com/embed/track/00OIc0La1fUi1jQ0fjJvYZ,Happy 4 U,Alex Fasso,22,Evening,2020,0,Happy 4 U -- Alex Fasso,Spotify Listening History 2019 - 2022.csv,Happy 4 U,Happy 4 U,00OIc0La1fUi1jQ0fjJvYZ,5.16315
Happy 4 U,https://open.spotify.com/embed/track/00OIc0La1fUi1jQ0fjJvYZ,Happy 4 U,Alex Fasso,14,Afternoon,2021,0,Happy 4 U -- Alex Fasso,Spotify Listening History 2019 - 2022.csv,Happy 4 U,Happy 4 U,00OIc0La1fUi1jQ0fjJvYZ,3.324383333
Happy 4 U,https://open.spotify.com/embed/track/00OIc0La1fUi1jQ0fjJvYZ,Happy 4 U,Alex Fasso,23,Evening,2020,0,Happy 4 U -- Alex Fasso,Spotify Listening History 2019 - 2022.csv,Happy 4 U,Happy 4 U,00OIc0La1fUi1jQ0fjJvYZ,3.324383333
Happy 4 U,https://open.spotify.com/embed/track/00OIc0La1fUi1jQ0fjJvYZ,Happy 4 U,Alex Fasso,23,Evening,2022,0,Happy 4 U -- Alex Fasso,Spotify Listening History 2019 - 2022.csv,Happy 4 U,Happy 4 U,00OIc0La1fUi1jQ0fjJvYZ,3.324383333
Happy 4 U,https://open.spotify.com/embed/track/00OIc0La1fUi1jQ0fjJvYZ,Happy 4 U,Alex Fasso,1,Night,2020,0,Happy 4 U -- Alex Fasso,Spotify Listening History 2019 - 2022.csv,Happy 4 U,Happy 4 U,00OIc0La1fUi1jQ0fjJvYZ,3.324383333
Happy 4 U,https://open.spotify.com/embed/track/00OIc0La1fUi1jQ0fjJvYZ,Happy 4 U,Alex Fasso,23,Evening,2020,0,Happy 4 U -- Alex Fasso,Spotify Listening History 2019 - 2022.csv,Happy 4 U,Happy 4 U,00OIc0La1fUi1jQ0fjJvYZ,3.324383333
Happy 4 U,https://open.spotify.com/embed/track/00OIc0La1fUi1jQ0fjJvYZ,Happy 4 U,Alex Fasso,22,Evening,2020,0,Happy 4 U -- Alex Fasso,Spotify Listening History 2019 - 2022.csv,Happy 4 U,Happy 4 U,00OIc0La1fUi1jQ0fjJvYZ,3.324383333
Happy 4 U,https://open.spotify.com/embed/track/00OIc0La1fUi1jQ0fjJvYZ,Happy 4 U,Alex Fasso,22,Evening,2020,0,Happy 4 U -- Alex Fasso,Spotify Listening History 2019 - 2022.csv,Happy 4 U,Happy 4 U,00OIc0La1fUi1jQ0fjJvYZ,3.324383333
Happy 4 U,https://open.spotify.com/embed/track/00OIc0La1fUi1jQ0fjJvYZ,Happy 4 U,Alex Fasso,21,Evening,2020,0,Happy 4 U -- Alex Fasso,Spotify Listening History 2019 - 2022.csv,Happy 4 U,Happy 4 U,00OIc0La1fUi1jQ0fjJvYZ,3.324383333
Happy 4 U,https://open.spotify.com/embed/track/00OIc0La1fUi1jQ0fjJvYZ,Happy 4 U,Alex Fasso,21,Evening,2020,0,Happy 4 U -- Alex Fasso,Spotify Listening History 2019 - 2022.csv,Happy 4 U,Happy 4 U,00OIc0La1fUi1jQ0fjJvYZ,3.324383333
Happy 4 U,https://open.spotify.com/embed/track/00OIc0La1fUi1jQ0fjJvYZ,Happy 4 U,Alex Fasso,19,Evening,2020,0,Happy 4 U -- Alex Fasso,Spotify Listening History 2019 - 2022.csv,Happy 4 U,Happy 4 U,00OIc0La1fUi1jQ0fjJvYZ,8.481133333
Happy 4 U,https://open.spotify.com/embed/track/00OIc0La1fUi1jQ0fjJvYZ,Happy 4 U,Alex Fasso,18,Evening,2020,0,Happy 4 U -- Alex Fasso,Spotify Listening History 2019 - 2022.csv,Happy 4 U,Happy 4 U,00OIc0La1fUi1jQ0fjJvYZ,3.324383333
Happy 4 U,https://open.spotify.com/embed/track/00OIc0La1fUi1jQ0fjJvYZ,Happy 4 U,Alex Fasso,17,Afternoon,2020,0,Happy 4 U -- Alex Fasso,Spotify Listening History 2019 - 2022.csv,Happy 4 U,Happy 4 U,00OIc0La1fUi1jQ0fjJvYZ,3.324383333
Happy 4 U,https://open.spotify.com/embed/track/00OIc0La1fUi1jQ0fjJvYZ,Happy 4 U,Alex Fasso,16,Afternoon,2020,0,Happy 4 U -- Alex Fasso,Spotify Listening History 2019 - 2022.csv,Happy 4 U,Happy 4 U,00OIc0La1fUi1jQ0fjJvYZ,3.324383333
Happy 4 U,https://open.spotify.com/embed/track/00OIc0La1fUi1jQ0fjJvYZ,Happy 4 U,Alex Fasso,15,Afternoon,2020,0,Happy 4 U -- Alex Fasso,Spotify Listening History 2019 - 2022.csv,Happy 4 U,Happy 4 U,00OIc0La1fUi1jQ0fjJvYZ,3.324383333
Happy 4 U,https://open.spotify.com/embed/track/00OIc0La1fUi1jQ0fjJvYZ,Happy 4 U,Alex Fasso,15,Afternoon,2020,0,Happy 4 U -- Alex Fasso,Spotify Listening History 2019 - 2022.csv,Happy 4 U,Happy 4 U,00OIc0La1fUi1jQ0fjJvYZ,3.324383333
Happy 4 U,https://open.spotify.com/embed/track/00OIc0La1fUi1jQ0fjJvYZ,Happy 4 U,Alex Fasso,14,Afternoon,2020,0,Happy 4 U -- Alex Fasso,Spotify Listening History 2019 - 2022.csv,Happy 4 U,Happy 4 U,00OIc0La1fUi1jQ0fjJvYZ,3.324383333
Happy 4 U,https://open.spotify.com/embed/track/00OIc0La1fUi1jQ0fjJvYZ,Happy 4 U,Alex Fasso,11,Morning,2020,0,Happy 4 U -- Alex Fasso,Spotify Listening History 2019 - 2022.csv,Happy 4 U,Happy 4 U,00OIc0La1fUi1jQ0fjJvYZ,3.324383333
Happy 4 U,https://open.spotify.com/embed/track/00OIc0La1fUi1jQ0fjJvYZ,Happy 4 U,Alex Fasso,10,Morning,2020,0,Happy 4 U -- Alex Fasso,Spotify Listening History 2019 - 2022.csv,Happy 4 U,Happy 4 U,00OIc0La1fUi1jQ0fjJvYZ,3.324383333
Happy 4 U,https://open.spotify.com/embed/track/00OIc0La1fUi1jQ0fjJvYZ,Happy 4 U,Alex Fasso,6,Morning,2020,0,Happy 4 U -- Alex Fasso,Spotify Listening History 2019 - 2022.csv,Happy 4 U,Happy 4 U,00OIc0La1fUi1jQ0fjJvYZ,3.324383333
Happy 4 U,https://open.spotify.com/embed/track/00OIc0La1fUi1jQ0fjJvYZ,Happy 4 U,Alex Fasso,3,Night,2020,0,Happy 4 U -- Alex Fasso,Spotify Listening History 2019 - 2022.csv,Happy 4 U,Happy 4 U,00OIc0La1fUi1jQ0fjJvYZ,3.324383333
Happy 4 U,https://open.spotify.com/embed/track/00OIc0La1fUi1jQ0fjJvYZ,Happy 4 U,Alex Fasso,1,Night,2020,0,Happy 4 U -- Alex Fasso,Spotify Listening History 2019 - 2022.csv,Happy 4 U,Happy 4 U,00OIc0La1fUi1jQ0fjJvYZ,3.324383333
Happy 4 U,https://open.spotify.com/embed/track/00OIc0La1fUi1jQ0fjJvYZ,Happy 4 U,Alex Fasso,2,Night,2021,0,Happy 4 U -- Alex Fasso,Spotify Listening History 2019 - 2022.csv,Happy 4 U,Happy 4 U,00OIc0La1fUi1jQ0fjJvYZ,3.324383333
Happy 4 U,https://open.spotify.com/embed/track/00OIc0La1fUi1jQ0fjJvYZ,Happy 4 U,Alex Fasso,14,Afternoon,2021,0,Happy 4 U -- Alex Fasso,Spotify Listening History 2019 - 2022.csv,Happy 4 U,Happy 4 U,00OIc0La1fUi1jQ0fjJvYZ,3.324383333
Happy 4 U,https://open.spotify.com/embed/track/00OIc0La1fUi1jQ0fjJvYZ,Happy 4 U,Alex Fasso,1,Night,2021,0,Happy 4 U -- Alex Fasso,Spotify Listening History 2019 - 2022.csv,Happy 4 U,Happy 4 U,00OIc0La1fUi1jQ0fjJvYZ,3.324383333
Happy 4 U,https://open.spotify.com/embed/track/00OIc0La1fUi1jQ0fjJvYZ,Happy 4 U,Alex Fasso,1,Night,2021,0,Happy 4 U -- Alex Fasso,Spotify Listening History 2019 - 2022.csv,Happy 4 U,Happy 4 U,00OIc0La1fUi1jQ0fjJvYZ,3.324383333
Happy 4 U,https://open.spotify.com/embed/track/00OIc0La1fUi1jQ0fjJvYZ,Happy 4 U,Alex Fasso,0,Night,2021,0,Happy 4 U -- Alex Fasso,Spotify Listening History 2019 - 2022.csv,Happy 4 U,Happy 4 U,00OIc0La1fUi1jQ0fjJvYZ,3.324383333
Happy 4 U,https://open.spotify.com/embed/track/00OIc0La1fUi1jQ0fjJvYZ,Happy 4 U,Alex Fasso,23,Evening,2021,0,Happy 4 U -- Alex Fasso,Spotify Listening History 2019 - 2022.csv,Happy 4 U,Happy 4 U,00OIc0La1fUi1jQ0fjJvYZ,3.324383333
Happy 4 U,https://open.spotify.com/embed/track/00OIc0La1fUi1jQ0fjJvYZ,Happy 4 U,Alex Fasso,15,Afternoon,2021,0,Happy 4 U -- Alex Fasso,Spotify Listening History 2019 - 2022.csv,Happy 4 U,Happy 4 U,00OIc0La1fUi1jQ0fjJvYZ,3.324383333
Happy 4 U,https://open.spotify.com/embed/track/00OIc0La1fUi1jQ0fjJvYZ,Happy 4 U,Alex Fasso,18,Evening,2021,0,Happy 4 U -- Alex Fasso,Spotify Listening History 2019 - 2022.csv,Happy 4 U,Happy 4 U,00OIc0La1fUi1jQ0fjJvYZ,3.324383333
Happy 4 U,https://open.spotify.com/embed/track/00OIc0La1fUi1jQ0fjJvYZ,Happy 4 U,Alex Fasso,0,Night,2021,0,Happy 4 U -- Alex Fasso,Spotify Listening History 2019 - 2022.csv,Happy 4 U,Happy 4 U,00OIc0La1fUi1jQ0fjJvYZ,3.324383333
Happy 4 U,https://open.spotify.com/embed/track/00OIc0La1fUi1jQ0fjJvYZ,Happy 4 U,Alex Fasso,16,Afternoon,2021,0,Happy 4 U -- Alex Fasso,Spotify Listening History 2019 - 2022.csv,Happy 4 U,Happy 4 U,00OIc0La1fUi1jQ0fjJvYZ,3.324383333
Happy 4 U,https://open.spotify.com/embed/track/00OIc0La1fUi1jQ0fjJvYZ,Happy 4 U,Alex Fasso,16,Afternoon,2021,0,Happy 4 U -- Alex Fasso,Spotify Listening History 2019 - 2022.csv,Happy 4 U,Happy 4 U,00OIc0La1fUi1jQ0fjJvYZ,3.324383333
Happy 4 U,https://open.spotify.com/embed/track/00OIc0La1fUi1jQ0fjJvYZ,Happy 4 U,Alex Fasso,11,Morning,2021,0,Happy 4 U -- Alex Fasso,Spotify Listening History 2019 - 2022.csv,Happy 4 U,Happy 4 U,00OIc0La1fUi1jQ0fjJvYZ,4.887666667
Happy 4 U,https://open.spotify.com/embed/track/00OIc0La1fUi1jQ0fjJvYZ,Happy 4 U,Alex Fasso,15,Afternoon,2021,0,Happy 4 U -- Alex Fasso,Spotify Listening History 2019 - 2022.csv,Happy 4 U,Happy 4 U,00OIc0La1fUi1jQ0fjJvYZ,3.324383333
Happy 4 U,https://open.spotify.com/embed/track/00OIc0La1fUi1jQ0fjJvYZ,Happy 4 U,Alex Fasso,0,Night,2021,0,Happy 4 U -- Alex Fasso,Spotify Listening History 2019 - 2022.csv,Happy 4 U,Happy 4 U,00OIc0La1fUi1jQ0fjJvYZ,3.324383333
Happy 4 U,https://open.spotify.com/embed/track/00OIc0La1fUi1jQ0fjJvYZ,Happy 4 U,Alex Fasso,14,Afternoon,2021,0,Happy 4 U -- Alex Fasso,Spotify Listening History 2019 - 2022.csv,Happy 4 U,Happy 4 U,00OIc0La1fUi1jQ0fjJvYZ,3.324383333
Happy 4 U,https://open.spotify.com/embed/track/00OIc0La1fUi1jQ0fjJvYZ,Happy 4 U,Alex Fasso,13,Afternoon,2021,0,Happy 4 U -- Alex Fasso,Spotify Listening History 2019 - 2022.csv,Happy 4 U,Happy 4 U,00OIc0La1fUi1jQ0fjJvYZ,3.324383333
Happy 4 U,https://open.spotify.com/embed/track/00OIc0La1fUi1jQ0fjJvYZ,Happy 4 U,Alex Fasso,12,Afternoon,2020,0,Happy 4 U -- Alex Fasso,Spotify Listening History 2019 - 2022.csv,Happy 4 U,Happy 4 U,00OIc0La1fUi1jQ0fjJvYZ,1.732583333
Happy 4 U,https://open.spotify.com/embed/track/00OIc0La1fUi1jQ0fjJvYZ,Happy 4 U,Alex Fasso,11,Morning,2021,0,Happy 4 U -- Alex Fasso,Spotify Listening History 2019 - 2022.csv,Happy 4 U,Happy 4 U,00OIc0La1fUi1jQ0fjJvYZ,3.324383333
Happy 4 U,https://open.spotify.com/embed/track/00OIc0La1fUi1jQ0fjJvYZ,Happy 4 U,Alex Fasso,11,Morning,2020,0,Happy 4 U -- Alex Fasso,Spotify Listening History 2019 - 2022.csv,Happy 4 U,Happy 4 U,00OIc0La1fUi1jQ0fjJvYZ,2.943216667
Happy 4 U,https://open.spotify.com/embed/track/00OIc0La1fUi1jQ0fjJvYZ,Happy 4 U,Alex Fasso,17,Afternoon,2021,0,Happy 4 U -- Alex Fasso,Spotify Listening History 2019 - 2022.csv,Happy 4 U,Happy 4 U,00OIc0La1fUi1jQ0fjJvYZ,2.407666667
Happy 4 U,https://open.spotify.com/embed/track/00OIc0La1fUi1jQ0fjJvYZ,Happy 4 U,Alex Fasso,11,Morning,2021,0,Happy 4 U -- Alex Fasso,Spotify Listening History 2019 - 2022.csv,Happy 4 U,Happy 4 U,00OIc0La1fUi1jQ0fjJvYZ,3.324383333
Happy 4 U,https://open.spotify.com/embed/track/00OIc0La1fUi1jQ0fjJvYZ,Happy 4 U,Alex Fasso,17,Afternoon,2020,0,Happy 4 U -- Alex Fasso,Spotify Listening History 2019 - 2022.csv,Happy 4 U,Happy 4 U,00OIc0La1fUi1jQ0fjJvYZ,5.317333333
Happy 4 U,https://open.spotify.com/embed/track/00OIc0La1fUi1jQ0fjJvYZ,Happy 4 U,Alex Fasso,23,Evening,2021,0,Happy 4 U -- Alex Fasso,Spotify Listening History 2019 - 2022.csv,Happy 4 U,Happy 4 U,00OIc0La1fUi1jQ0fjJvYZ,1.9328
Happy 4 U,https://open.spotify.com/embed/track/00OIc0La1fUi1jQ0fjJvYZ,Happy 4 U,Alex Fasso,13,Afternoon,2020,0,Happy 4 U -- Alex Fasso,Spotify Listening History 2019 - 2022.csv,Happy 4 U,Happy 4 U,00OIc0La1fUi1jQ0fjJvYZ,2.6776
Happy 4 U,https://open.spotify.com/embed/track/00OIc0La1fUi1jQ0fjJvYZ,Happy 4 U,Alex Fasso,22,Evening,2020,0,Happy 4 U -- Alex Fasso,Spotify Listening History 2019 - 2022.csv,Happy 4 U,Happy 4 U,00OIc0La1fUi1jQ0fjJvYZ,3.324383333
Happy 4 U,https://open.spotify.com/embed/track/00OIc0La1fUi1jQ0fjJvYZ,Happy 4 U,Alex Fasso,19,Evening,2020,0,Happy 4 U -- Alex Fasso,Spotify Listening History 2019 - 2022.csv,Happy 4 U,Happy 4 U,00OIc0La1fUi1jQ0fjJvYZ,3.324383333
Happy 4 U,https://open.spotify.com/embed/track/00OIc0La1fUi1jQ0fjJvYZ,Happy 4 U,Alex Fasso,9,Morning,2021,0,Happy 4 U -- Alex Fasso,Spotify Listening History 2019 - 2022.csv,Happy 4 U,Happy 4 U,00OIc0La1fUi1jQ0fjJvYZ,3.324383333
Happy 4 U,https://open.spotify.com/embed/track/00OIc0La1fUi1jQ0fjJvYZ,Happy 4 U,Alex Fasso,11,Morning,2020,0,Happy 4 U -- Alex Fasso,Spotify Listening History 2019 - 2022.csv,Happy 4 U,Happy 4 U,00OIc0La1fUi1jQ0fjJvYZ,3.324383333
Happy 4 U,https://open.spotify.com/embed/track/00OIc0La1fUi1jQ0fjJvYZ,Happy 4 U,Alex Fasso,22,Evening,2020,0,Happy 4 U -- Alex Fasso,Spotify Listening History 2019 - 2022.csv,Happy 4 U,Happy 4 U,00OIc0La1fUi1jQ0fjJvYZ,3.324383333
Happy 4 U,https://open.spotify.com/embed/track/00OIc0La1fUi1jQ0fjJvYZ,Happy 4 U,Alex Fasso,20,Evening,2020,0,Happy 4 U -- Alex Fasso,Spotify Listening History 2019 - 2022.csv,Happy 4 U,Happy 4 U,00OIc0La1fUi1jQ0fjJvYZ,3.324383333
Happy 4 U,https://open.spotify.com/embed/track/00OIc0La1fUi1jQ0fjJvYZ,Happy 4 U,Alex Fasso,19,Evening,2020,0,Happy 4 U -- Alex Fasso,Spotify Listening History 2019 - 2022.csv,Happy 4 U,Happy 4 U,00OIc0La1fUi1jQ0fjJvYZ,3.324383333
Happy 4 U,https://open.spotify.com/embed/track/00OIc0La1fUi1jQ0fjJvYZ,Happy 4 U,Alex Fasso,19,Evening,2020,0,Happy 4 U -- Alex Fasso,Spotify Listening History 2019 - 2022.csv,Happy 4 U,Happy 4 U,00OIc0La1fUi1jQ0fjJvYZ,3.324383333
Happy 4 U,https://open.spotify.com/embed/track/00OIc0La1fUi1jQ0fjJvYZ,Happy 4 U,Alex Fasso,18,Evening,2020,0,Happy 4 U -- Alex Fasso,Spotify Listening History 2019 - 2022.csv,Happy 4 U,Happy 4 U,00OIc0La1fUi1jQ0fjJvYZ,3.324383333
Happy 4 U,https://open.spotify.com/embed/track/00OIc0La1fUi1jQ0fjJvYZ,Happy 4 U,Alex Fasso,8,Morning,2021,0,Happy 4 U -- Alex Fasso,Spotify Listening History 2019 - 2022.csv,Happy 4 U,Happy 4 U,00OIc0La1fUi1jQ0fjJvYZ,3.324383333
Happy 4 U,https://open.spotify.com/embed/track/00OIc0La1fUi1jQ0fjJvYZ,Happy 4 U,Alex Fasso,15,Afternoon,2020,0,Happy 4 U -- Alex Fasso,Spotify Listening History 2019 - 2022.csv,Happy 4 U,Happy 4 U,00OIc0La1fUi1jQ0fjJvYZ,3.324383333
Happy 4 U,https://open.spotify.com/embed/track/00OIc0La1fUi1jQ0fjJvYZ,Happy 4 U,Alex Fasso,15,Afternoon,2020,0,Happy 4 U -- Alex Fasso,Spotify Listening History 2019 - 2022.csv,Happy 4 U,Happy 4 U,00OIc0La1fUi1jQ0fjJvYZ,4.7306
Happy 4 U,https://open.spotify.com/embed/track/00OIc0La1fUi1jQ0fjJvYZ,Happy 4 U,Alex Fasso,16,Afternoon,2021,0,Happy 4 U -- Alex Fasso,Spotify Listening History 2019 - 2022.csv,Happy 4 U,Happy 4 U,00OIc0La1fUi1jQ0fjJvYZ,3.324383333
Happy 4 U,https://open.spotify.com/embed/track/00OIc0La1fUi1jQ0fjJvYZ,Happy 4 U,Alex Fasso,16,Afternoon,2021,0,Happy 4 U -- Alex Fasso,Spotify Listening History 2019 - 2022.csv,Happy 4 U,Happy 4 U,00OIc0La1fUi1jQ0fjJvYZ,3.324383333
Happy 4 U,https://open.spotify.com/embed/track/00OIc0La1fUi1jQ0fjJvYZ,Happy 4 U,Alex Fasso,12,Afternoon,2020,0,Happy 4 U -- Alex Fasso,Spotify Listening History 2019 - 2022.csv,Happy 4 U,Happy 4 U,00OIc0La1fUi1jQ0fjJvYZ,3.324383333
Happy 4 U,https://open.spotify.com/embed/track/00OIc0La1fUi1jQ0fjJvYZ,Happy 4 U,Alex Fasso,12,Afternoon,2020,0,Happy 4 U -- Alex Fasso,Spotify Listening History 2019 - 2022.csv,Happy 4 U,Happy 4 U,00OIc0La1fUi1jQ0fjJvYZ,6.718866667
Happy 4 U,https://open.spotify.com/embed/track/00OIc0La1fUi1jQ0fjJvYZ,Happy 4 U,Alex Fasso,14,Afternoon,2021,0,Happy 4 U -- Alex Fasso,Spotify Listening History 2019 - 2022.csv,Happy 4 U,Happy 4 U,00OIc0La1fUi1jQ0fjJvYZ,3.324383333
Happy 4 U,https://open.spotify.com/embed/track/00OIc0La1fUi1jQ0fjJvYZ,Happy 4 U,Alex Fasso,1,Night,2020,0,Happy 4 U -- Alex Fasso,Spotify Listening History 2019 - 2022.csv,Happy 4 U,Happy 4 U,00OIc0La1fUi1jQ0fjJvYZ,3.75355
Happy 4 U,https://open.spotify.com/embed/track/00OIc0La1fUi1jQ0fjJvYZ,Happy 4 U,Alex Fasso,19,Evening,2021,0,Happy 4 U -- Alex Fasso,Spotify Listening History 2019 - 2022.csv,Happy 4 U,Happy 4 U,00OIc0La1fUi1jQ0fjJvYZ,2.107016667
Happy 4 U,https://open.spotify.com/embed/track/00OIc0La1fUi1jQ0fjJvYZ,Happy 4 U,Alex Fasso,2,Night,2021,0,Happy 4 U -- Alex Fasso,Spotify Listening History 2019 - 2022.csv,Happy 4 U,Happy 4 U,00OIc0La1fUi1jQ0fjJvYZ,2.09635
Happy 4 U,https://open.spotify.com/embed/track/00OIc0La1fUi1jQ0fjJvYZ,Happy 4 U,Alex Fasso,12,Afternoon,2021,0,Happy 4 U -- Alex Fasso,Spotify Listening History 2019 - 2022.csv,Happy 4 U,Happy 4 U,00OIc0La1fUi1jQ0fjJvYZ,3.324383333
Happy 4 U,https://open.spotify.com/embed/track/00OIc0La1fUi1jQ0fjJvYZ,Happy 4 U,Alex Fasso,23,Evening,2020,0,Happy 4 U -- Alex Fasso,Spotify Listening History 2019 - 2022.csv,Happy 4 U,Happy 4 U,00OIc0La1fUi1jQ0fjJvYZ,3.324383333
Happy 4 U,https://open.spotify.com/embed/track/00OIc0La1fUi1jQ0fjJvYZ,Happy 4 U,Alex Fasso,22,Evening,2020,0,Happy 4 U -- Alex Fasso,Spotify Listening History 2019 - 2022.csv,Happy 4 U,Happy 4 U,00OIc0La1fUi1jQ0fjJvYZ,3.324383333
Happy 4 U,https://open.spotify.com/embed/track/00OIc0La1fUi1jQ0fjJvYZ,Happy 4 U,Alex Fasso,18,Evening,2020,0,Happy 4 U -- Alex Fasso,Spotify Listening History 2019 - 2022.csv,Happy 4 U,Happy 4 U,00OIc0La1fUi1jQ0fjJvYZ,3.324383333
Happy 4 U,https://open.spotify.com/embed/track/00OIc0La1fUi1jQ0fjJvYZ,Happy 4 U,Alex Fasso,13,Afternoon,2021,0,Happy 4 U -- Alex Fasso,Spotify Listening History 2019 - 2022.csv,Happy 4 U,Happy 4 U,00OIc0La1fUi1jQ0fjJvYZ,3.324383333
Happy 4 U,https://open.spotify.com/embed/track/00OIc0La1fUi1jQ0fjJvYZ,Happy 4 U,Alex Fasso,0,Night,2020,0,Happy 4 U -- Alex Fasso,Spotify Listening History 2019 - 2022.csv,Happy 4 U,Happy 4 U,00OIc0La1fUi1jQ0fjJvYZ,3.324383333
Happy 4 U,https://open.spotify.com/embed/track/00OIc0La1fUi1jQ0fjJvYZ,Happy 4 U,Alex Fasso,2,Night,2020,0,Happy 4 U -- Alex Fasso,Spotify Listening History 2019 - 2022.csv,Happy 4 U,Happy 4 U,00OIc0La1fUi1jQ0fjJvYZ,1.826483333
Happy 4 U,https://open.spotify.com/embed/track/00OIc0La1fUi1jQ0fjJvYZ,Happy 4 U,Alex Fasso,12,Afternoon,2021,0,Happy 4 U -- Alex Fasso,Spotify Listening History 2019 - 2022.csv,Happy 4 U,Happy 4 U,00OIc0La1fUi1jQ0fjJvYZ,3.324383333
Happy 4 U,https://open.spotify.com/embed/track/00OIc0La1fUi1jQ0fjJvYZ,Happy 4 U,Alex Fasso,1,Night,2021,0,Happy 4 U -- Alex Fasso,Spotify Listening History 2019 - 2022.csv,Happy 4 U,Happy 4 U,00OIc0La1fUi1jQ0fjJvYZ,3.324383333
Happy 4 U,https://open.spotify.com/embed/track/00OIc0La1fUi1jQ0fjJvYZ,Happy 4 U,Alex Fasso,1,Night,2021,0,Happy 4 U -- Alex Fasso,Spotify Listening History 2019 - 2022.csv,Happy 4 U,Happy 4 U,00OIc0La1fUi1jQ0fjJvYZ,3.324383333
Happy 4 U,https://open.spotify.com/embed/track/00OIc0La1fUi1jQ0fjJvYZ,Happy 4 U,Alex Fasso,1,Night,2021,0,Happy 4 U -- Alex Fasso,Spotify Listening History 2019 - 2022.csv,Happy 4 U,Happy 4 U,00OIc0La1fUi1jQ0fjJvYZ,3.324383333
Happy 4 U,https://open.spotify.com/embed/track/00OIc0La1fUi1jQ0fjJvYZ,Happy 4 U,Alex Fasso,0,Night,2021,0,Happy 4 U -- Alex Fasso,Spotify Listening History 2019 - 2022.csv,Happy 4 U,Happy 4 U,00OIc0La1fUi1jQ0fjJvYZ,3.324383333
Happy 4 U,https://open.spotify.com/embed/track/00OIc0La1fUi1jQ0fjJvYZ,Happy 4 U,Alex Fasso,5,Night,2020,0,Happy 4 U -- Alex Fasso,Spotify Listening History 2019 - 2022.csv,Happy 4 U,Happy 4 U,00OIc0La1fUi1jQ0fjJvYZ,3.191066667
Happy 4 U,https://open.spotify.com/embed/track/00OIc0La1fUi1jQ0fjJvYZ,Happy 4 U,Alex Fasso,16,Afternoon,2021,0,Happy 4 U -- Alex Fasso,Spotify Listening History 2019 - 2022.csv,Happy 4 U,Happy 4 U,00OIc0La1fUi1jQ0fjJvYZ,3.324383333
Happy 4 U,https://open.spotify.com/embed/track/00OIc0La1fUi1jQ0fjJvYZ,Happy 4 U,Alex Fasso,14,Afternoon,2021,0,Happy 4 U -- Alex Fasso,Spotify Listening History 2019 - 2022.csv,Happy 4 U,Happy 4 U,00OIc0La1fUi1jQ0fjJvYZ,2.6521
Happy 4 U,https://open.spotify.com/embed/track/00OIc0La1fUi1jQ0fjJvYZ,Happy 4 U,Alex Fasso,11,Morning,2021,0,Happy 4 U -- Alex Fasso,Spotify Listening History 2019 - 2022.csv,Happy 4 U,Happy 4 U,00OIc0La1fUi1jQ0fjJvYZ,4.4935
Happy 4 U,https://open.spotify.com/embed/track/00OIc0La1fUi1jQ0fjJvYZ,Happy 4 U,Alex Fasso,10,Morning,2020,0,Happy 4 U -- Alex Fasso,Spotify Listening History 2019 - 2022.csv,Happy 4 U,Happy 4 U,00OIc0La1fUi1jQ0fjJvYZ,5.499666667
Happy 4 U,https://open.spotify.com/embed/track/00OIc0La1fUi1jQ0fjJvYZ,Happy 4 U,Alex Fasso,11,Morning,2021,0,Happy 4 U -- Alex Fasso,Spotify Listening History 2019 - 2022.csv,Happy 4 U,Happy 4 U,00OIc0La1fUi1jQ0fjJvYZ,3.324383333
Happy 4 U,https://open.spotify.com/embed/track/00OIc0La1fUi1jQ0fjJvYZ,Happy 4 U,Alex Fasso,5,Night,2020,0,Happy 4 U -- Alex Fasso,Spotify Listening History 2019 - 2022.csv,Happy 4 U,Happy 4 U,00OIc0La1fUi1jQ0fjJvYZ,3.324383333
Happy 4 U,https://open.spotify.com/embed/track/00OIc0La1fUi1jQ0fjJvYZ,Happy 4 U,Alex Fasso,12,Afternoon,2020,0,Happy 4 U -- Alex Fasso,Spotify Listening History 2019 - 2022.csv,Happy 4 U,Happy 4 U,00OIc0La1fUi1jQ0fjJvYZ,3.324383333
Happy 4 U,https://open.spotify.com/embed/track/00OIc0La1fUi1jQ0fjJvYZ,Happy 4 U,Alex Fasso,16,Afternoon,2020,0,Happy 4 U -- Alex Fasso,Spotify Listening History 2019 - 2022.csv,Happy 4 U,Happy 4 U,00OIc0La1fUi1jQ0fjJvYZ,3.324383333
Happy 4 U,https://open.spotify.com/embed/track/00OIc0La1fUi1jQ0fjJvYZ,Happy 4 U,Alex Fasso,20,Evening,2022,0,Happy 4 U -- Alex Fasso,Spotify Listening History 2019 - 2022.csv,Happy 4 U,Happy 4 U,00OIc0La1fUi1jQ0fjJvYZ,3.324383333
Happy 4 U,https://open.spotify.com/embed/track/00OIc0La1fUi1jQ0fjJvYZ,Happy 4 U,Alex Fasso,15,Afternoon,2021,0,Happy 4 U -- Alex Fasso,Spotify Listening History 2019 - 2022.csv,Happy 4 U,Happy 4 U,00OIc0La1fUi1jQ0fjJvYZ,4.8586
Happy 4 U,https://open.spotify.com/embed/track/00OIc0La1fUi1jQ0fjJvYZ,Happy 4 U,Alex Fasso,21,Evening,2020,0,Happy 4 U -- Alex Fasso,Spotify Listening History 2019 - 2022.csv,Happy 4 U,Happy 4 U,00OIc0La1fUi1jQ0fjJvYZ,2.858666667
Happy 4 U,https://open.spotify.com/embed/track/00OIc0La1fUi1jQ0fjJvYZ,Happy 4 U,Alex Fasso,20,Evening,2020,0,Happy 4 U -- Alex Fasso,Spotify Listening History 2019 - 2022.csv,Happy 4 U,Happy 4 U,00OIc0La1fUi1jQ0fjJvYZ,3.324383333
Happy 4 U,https://open.spotify.com/embed/track/00OIc0La1fUi1jQ0fjJvYZ,Happy 4 U,Alex Fasso,17,Afternoon,2020,0,Happy 4 U -- Alex Fasso,Spotify Listening History 2019 - 2022.csv,Happy 4 U,Happy 4 U,00OIc0La1fUi1jQ0fjJvYZ,2.521233333
Happy 4 U,https://open.spotify.com/embed/track/00OIc0La1fUi1jQ0fjJvYZ,Happy 4 U,Alex Fasso,23,Evening,2020,0,Happy 4 U -- Alex Fasso,Spotify Listening History 2019 - 2022.csv,Happy 4 U,Happy 4 U,00OIc0La1fUi1jQ0fjJvYZ,3.324383333
Happy 4 U,https://open.spotify.com/embed/track/00OIc0La1fUi1jQ0fjJvYZ,Happy 4 U,Alex Fasso,12,Afternoon,2020,0,Happy 4 U -- Alex Fasso,Spotify Listening History 2019 - 2022.csv,Happy 4 U,Happy 4 U,00OIc0La1fUi1jQ0fjJvYZ,3.4887
Happy 4 U,https://open.spotify.com/embed/track/00OIc0La1fUi1jQ0fjJvYZ,Happy 4 U,Alex Fasso,0,Night,2020,0,Happy 4 U -- Alex Fasso,Spotify Listening History 2019 - 2022.csv,Happy 4 U,Happy 4 U,00OIc0La1fUi1jQ0fjJvYZ,3.324383333
Happy 4 U,https://open.spotify.com/embed/track/00OIc0La1fUi1jQ0fjJvYZ,Happy 4 U,Alex Fasso,23,Evening,2021,0,Happy 4 U -- Alex Fasso,Spotify Listening History 2019 - 2022.csv,Happy 4 U,Happy 4 U,00OIc0La1fUi1jQ0fjJvYZ,3.324383333
Happy 4 U,https://open.spotify.com/embed/track/00OIc0La1fUi1jQ0fjJvYZ,Happy 4 U,Alex Fasso,16,Afternoon,2020,0,Happy 4 U -- Alex Fasso,Spotify Listening History 2019 - 2022.csv,Happy 4 U,Happy 4 U,00OIc0La1fUi1jQ0fjJvYZ,1.6068
Happy 4 U,https://open.spotify.com/embed/track/00OIc0La1fUi1jQ0fjJvYZ,Happy 4 U,Alex Fasso,3,Night,2020,0,Happy 4 U -- Alex Fasso,Spotify Listening History 2019 - 2022.csv,Happy 4 U,Happy 4 U,00OIc0La1fUi1jQ0fjJvYZ,2.548616667
Happy 4 U,https://open.spotify.com/embed/track/00OIc0La1fUi1jQ0fjJvYZ,Happy 4 U,Alex Fasso,1,Night,2020,0,Happy 4 U -- Alex Fasso,Spotify Listening History 2019 - 2022.csv,Happy 4 U,Happy 4 U,00OIc0La1fUi1jQ0fjJvYZ,3.324383333
Happy 4 U,https://open.spotify.com/embed/track/00OIc0La1fUi1jQ0fjJvYZ,Happy 4 U,Alex Fasso,14,Afternoon,2020,0,Happy 4 U -- Alex Fasso,Spotify Listening History 2019 - 2022.csv,Happy 4 U,Happy 4 U,00OIc0La1fUi1jQ0fjJvYZ,3.124066667
Happy 4 U,https://open.spotify.com/embed/track/00OIc0La1fUi1jQ0fjJvYZ,Happy 4 U,Alex Fasso,9,Morning,2020,0,Happy 4 U -- Alex Fasso,Spotify Listening History 2019 - 2022.csv,Happy 4 U,Happy 4 U,00OIc0La1fUi1jQ0fjJvYZ,3.324383333
Happy 4 U,https://open.spotify.com/embed/track/00OIc0La1fUi1jQ0fjJvYZ,Happy 4 U,Alex Fasso,1,Night,2020,0,Happy 4 U -- Alex Fasso,Spotify Listening History 2019 - 2022.csv,Happy 4 U,Happy 4 U,00OIc0La1fUi1jQ0fjJvYZ,3.324383333
Happy 4 U,https://open.spotify.com/embed/track/00OIc0La1fUi1jQ0fjJvYZ,Happy 4 U,Alex Fasso,10,Morning,2021,0,Happy 4 U -- Alex Fasso,Spotify Listening History 2019 - 2022.csv,Happy 4 U,Happy 4 U,00OIc0La1fUi1jQ0fjJvYZ,3.324383333
Happy 4 U,https://open.spotify.com/embed/track/00OIc0La1fUi1jQ0fjJvYZ,Happy 4 U,Alex Fasso,16,Afternoon,2020,0,Happy 4 U -- Alex Fasso,Spotify Listening History 2019 - 2022.csv,Happy 4 U,Happy 4 U,00OIc0La1fUi1jQ0fjJvYZ,3.324383333
Happy 4 U,https://open.spotify.com/embed/track/00OIc0La1fUi1jQ0fjJvYZ,Happy 4 U,Alex Fasso,2,Night,2020,0,Happy 4 U -- Alex Fasso,Spotify Listening History 2019 - 2022.csv,Happy 4 U,Happy 4 U,00OIc0La1fUi1jQ0fjJvYZ,3.324383333
Happy 4 U,https://open.spotify.com/embed/track/00OIc0La1fUi1jQ0fjJvYZ,Happy 4 U,Alex Fasso,19,Evening,2022,0,Happy 4 U -- Alex Fasso,Spotify Listening History 2019 - 2022.csv,Happy 4 U,Happy 4 U,00OIc0La1fUi1jQ0fjJvYZ,3.324383333
Happy 4 U,https://open.spotify.com/embed/track/00OIc0La1fUi1jQ0fjJvYZ,Happy 4 U,Alex Fasso,23,Evening,2021,0,Happy 4 U -- Alex Fasso,Spotify Listening History 2019 - 2022.csv,Happy 4 U,Happy 4 U,00OIc0La1fUi1jQ0fjJvYZ,3.324383333
Happy 4 U,https://open.spotify.com/embed/track/00OIc0La1fUi1jQ0fjJvYZ,Happy 4 U,Alex Fasso,0,Night,2021,0,Happy 4 U -- Alex Fasso,Spotify Listening History 2019 - 2022.csv,Happy 4 U,Happy 4 U,00OIc0La1fUi1jQ0fjJvYZ,3.324383333
Happy 4 U,https://open.spotify.com/embed/track/00OIc0La1fUi1jQ0fjJvYZ,Happy 4 U,Alex Fasso,2,Night,2020,0,Happy 4 U -- Alex Fasso,Spotify Listening History 2019 - 2022.csv,Happy 4 U,Happy 4 U,00OIc0La1fUi1jQ0fjJvYZ,3.324383333
Happy 4 U,https://open.spotify.com/embed/track/00OIc0La1fUi1jQ0fjJvYZ,Happy 4 U,Alex Fasso,12,Afternoon,2022,0,Happy 4 U -- Alex Fasso,Spotify Listening History 2019 - 2022.csv,Happy 4 U,Happy 4 U,00OIc0La1fUi1jQ0fjJvYZ,3.324383333
Happy 4 U,https://open.spotify.com/embed/track/00OIc0La1fUi1jQ0fjJvYZ,Happy 4 U,Alex Fasso,3,Night,2020,0,Happy 4 U -- Alex Fasso,Spotify Listening History 2019 - 2022.csv,Happy 4 U,Happy 4 U,00OIc0La1fUi1jQ0fjJvYZ,3.324383333
Happy 4 U,https://open.spotify.com/embed/track/00OIc0La1fUi1jQ0fjJvYZ,Happy 4 U,Alex Fasso,23,Evening,2020,0,Happy 4 U -- Alex Fasso,Spotify Listening History 2019 - 2022.csv,Happy 4 U,Happy 4 U,00OIc0La1fUi1jQ0fjJvYZ,3.324383333
Happy 4 U,https://open.spotify.com/embed/track/00OIc0La1fUi1jQ0fjJvYZ,Happy 4 U,Alex Fasso,0,Night,2020,0,Happy 4 U -- Alex Fasso,Spotify Listening History 2019 - 2022.csv,Happy 4 U,Happy 4 U,00OIc0La1fUi1jQ0fjJvYZ,3.324383333
Happy 4 U,https://open.spotify.com/embed/track/00OIc0La1fUi1jQ0fjJvYZ,Happy 4 U,Alex Fasso,22,Evening,2020,0,Happy 4 U -- Alex Fasso,Spotify Listening History 2019 - 2022.csv,Happy 4 U,Happy 4 U,00OIc0La1fUi1jQ0fjJvYZ,3.255566667
Happy 4 U,https://open.spotify.com/embed/track/00OIc0La1fUi1jQ0fjJvYZ,Happy 4 U,Alex Fasso,17,Afternoon,2020,0,Happy 4 U -- Alex Fasso,Spotify Listening History 2019 - 2022.csv,Happy 4 U,Happy 4 U,00OIc0La1fUi1jQ0fjJvYZ,8.712466667
Happy 4 U,https://open.spotify.com/embed/track/00OIc0La1fUi1jQ0fjJvYZ,Happy 4 U,Alex Fasso,21,Evening,2020,0,Happy 4 U -- Alex Fasso,Spotify Listening History 2019 - 2022.csv,Happy 4 U,Happy 4 U,00OIc0La1fUi1jQ0fjJvYZ,1.80315
Happy 4 U,https://open.spotify.com/embed/track/00OIc0La1fUi1jQ0fjJvYZ,Happy 4 U,Alex Fasso,21,Evening,2020,0,Happy 4 U -- Alex Fasso,Spotify Listening History 2019 - 2022.csv,Happy 4 U,Happy 4 U,00OIc0La1fUi1jQ0fjJvYZ,2.266083333
Happy 4 U,https://open.spotify.com/embed/track/00OIc0La1fUi1jQ0fjJvYZ,Happy 4 U,Alex Fasso,19,Evening,2020,0,Happy 4 U -- Alex Fasso,Spotify Listening History 2019 - 2022.csv,Happy 4 U,Happy 4 U,00OIc0La1fUi1jQ0fjJvYZ,2.083233333
Happy 4 U,https://open.spotify.com/embed/track/00OIc0La1fUi1jQ0fjJvYZ,Happy 4 U,Alex Fasso,18,Evening,2021,0,Happy 4 U -- Alex Fasso,Spotify Listening History 2019 - 2022.csv,Happy 4 U,Happy 4 U,00OIc0La1fUi1jQ0fjJvYZ,2.639283333
Happy 4 U,https://open.spotify.com/embed/track/00OIc0La1fUi1jQ0fjJvYZ,Happy 4 U,Alex Fasso,11,Morning,2021,0,Happy 4 U -- Alex Fasso,Spotify Listening History 2019 - 2022.csv,Happy 4 U,Happy 4 U,00OIc0La1fUi1jQ0fjJvYZ,1.550216667
Happy 4 U,https://open.spotify.com/embed/track/00OIc0La1fUi1jQ0fjJvYZ,Happy 4 U,Alex Fasso,2,Night,2020,0,Happy 4 U -- Alex Fasso,Spotify Listening History 2019 - 2022.csv,Happy 4 U,Happy 4 U,00OIc0La1fUi1jQ0fjJvYZ,3.324383333
Happy 4 U,https://open.spotify.com/embed/track/00OIc0La1fUi1jQ0fjJvYZ,Happy 4 U,Alex Fasso,0,Night,2021,0,Happy 4 U -- Alex Fasso,Spotify Listening History 2019 - 2022.csv,Happy 4 U,Happy 4 U,00OIc0La1fUi1jQ0fjJvYZ,3.324383333
Happy 4 U,https://open.spotify.com/embed/track/00OIc0La1fUi1jQ0fjJvYZ,Happy 4 U,Alex Fasso,1,Night,2020,0,Happy 4 U -- Alex Fasso,Spotify Listening History 2019 - 2022.csv,Happy 4 U,Happy 4 U,00OIc0La1fUi1jQ0fjJvYZ,1.059333333
Happy 4 U,https://open.spotify.com/embed/track/00OIc0La1fUi1jQ0fjJvYZ,Happy 4 U,Alex Fasso,0,Night,2020,0,Happy 4 U -- Alex Fasso,Spotify Listening History 2019 - 2022.csv,Happy 4 U,Happy 4 U,00OIc0La1fUi1jQ0fjJvYZ,3.2382
Happy 4 U,https://open.spotify.com/embed/track/00OIc0La1fUi1jQ0fjJvYZ,Happy 4 U,Alex Fasso,8,Morning,2022,0,Happy 4 U -- Alex Fasso,Spotify Listening History 2019 - 2022.csv,Happy 4 U,Happy 4 U,00OIc0La1fUi1jQ0fjJvYZ,3.324383333
Happy 4 U,https://open.spotify.com/embed/track/00OIc0La1fUi1jQ0fjJvYZ,Happy 4 U,Alex Fasso,22,Evening,2022,0,Happy 4 U -- Alex Fasso,Spotify Listening History 2019 - 2022.csv,Happy 4 U,Happy 4 U,00OIc0La1fUi1jQ0fjJvYZ,3.324383333
Happy 4 U,https://open.spotify.com/embed/track/00OIc0La1fUi1jQ0fjJvYZ,Happy 4 U,Alex Fasso,0,Night,2022,0,Happy 4 U -- Alex Fasso,Spotify Listening History 2019 - 2022.csv,Happy 4 U,Happy 4 U,00OIc0La1fUi1jQ0fjJvYZ,3.324383333
Happy 4 U,https://open.spotify.com/embed/track/00OIc0La1fUi1jQ0fjJvYZ,Happy 4 U,Alex Fasso,8,Morning,2022,0,Happy 4 U -- Alex Fasso,Spotify Listening History 2019 - 2022.csv,Happy 4 U,Happy 4 U,00OIc0La1fUi1jQ0fjJvYZ,2.284866667
Happy 4 U,https://open.spotify.com/embed/track/00OIc0La1fUi1jQ0fjJvYZ,Happy 4 U,Alex Fasso,12,Afternoon,2022,0,Happy 4 U -- Alex Fasso,Spotify Listening History 2019 - 2022.csv,Happy 4 U,Happy 4 U,00OIc0La1fUi1jQ0fjJvYZ,3.324383333
Happy 4 U,https://open.spotify.com/embed/track/00OIc0La1fUi1jQ0fjJvYZ,Happy 4 U,Alex Fasso,16,Afternoon,2022,0,Happy 4 U -- Alex Fasso,Spotify Listening History 2019 - 2022.csv,Happy 4 U,Happy 4 U,00OIc0La1fUi1jQ0fjJvYZ,3.324383333
Happy 4 U,https://open.spotify.com/embed/track/00OIc0La1fUi1jQ0fjJvYZ,Happy 4 U,Alex Fasso,16,Afternoon,2020,0,Happy 4 U -- Alex Fasso,Spotify Listening History 2019 - 2022.csv,Happy 4 U,Happy 4 U,00OIc0La1fUi1jQ0fjJvYZ,6.975933333
Happy 4 U,https://open.spotify.com/embed/track/00OIc0La1fUi1jQ0fjJvYZ,Happy 4 U,Alex Fasso,11,Morning,2020,0,Happy 4 U -- Alex Fasso,Spotify Listening History 2019 - 2022.csv,Happy 4 U,Happy 4 U,00OIc0La1fUi1jQ0fjJvYZ,3.324383333
Happy 4 U,https://open.spotify.com/embed/track/00OIc0La1fUi1jQ0fjJvYZ,Happy 4 U,Alex Fasso,14,Afternoon,2021,0,Happy 4 U -- Alex Fasso,Spotify Listening History 2019 - 2022.csv,Happy 4 U,Happy 4 U,00OIc0La1fUi1jQ0fjJvYZ,3.324383333
Happy 4 U,https://open.spotify.com/embed/track/00OIc0La1fUi1jQ0fjJvYZ,Happy 4 U,Alex Fasso,8,Morning,2022,0,Happy 4 U -- Alex Fasso,Spotify Listening History 2019 - 2022.csv,Happy 4 U,Happy 4 U,00OIc0La1fUi1jQ0fjJvYZ,3.324383333
Happy 4 U,https://open.spotify.com/embed/track/00OIc0La1fUi1jQ0fjJvYZ,Happy 4 U,Alex Fasso,0,Night,2022,0,Happy 4 U -- Alex Fasso,Spotify Listening History 2019 - 2022.csv,Happy 4 U,Happy 4 U,00OIc0La1fUi1jQ0fjJvYZ,3.324383333
Happy 4 U,https://open.spotify.com/embed/track/00OIc0La1fUi1jQ0fjJvYZ,Happy 4 U,Alex Fasso,23,Evening,2022,0,Happy 4 U -- Alex Fasso,Spotify Listening History 2019 - 2022.csv,Happy 4 U,Happy 4 U,00OIc0La1fUi1jQ0fjJvYZ,3.324383333
Happy 4 U,https://open.spotify.com/embed/track/00OIc0La1fUi1jQ0fjJvYZ,Happy 4 U,Alex Fasso,18,Evening,2022,0,Happy 4 U -- Alex Fasso,Spotify Listening History 2019 - 2022.csv,Happy 4 U,Happy 4 U,00OIc0La1fUi1jQ0fjJvYZ,3.324383333
Happy 4 U,https://open.spotify.com/embed/track/00OIc0La1fUi1jQ0fjJvYZ,Happy 4 U,Alex Fasso,17,Afternoon,2022,0,Happy 4 U -- Alex Fasso,Spotify Listening History 2019 - 2022.csv,Happy 4 U,Happy 4 U,00OIc0La1fUi1jQ0fjJvYZ,3.324383333
Happy 4 U,https://open.spotify.com/embed/track/00OIc0La1fUi1jQ0fjJvYZ,Happy 4 U,Alex Fasso,22,Evening,2022,0,Happy 4 U -- Alex Fasso,Spotify Listening History 2019 - 2022.csv,Happy 4 U,Happy 4 U,00OIc0La1fUi1jQ0fjJvYZ,3.324383333
Happy 4 U,https://open.spotify.com/embed/track/00OIc0La1fUi1jQ0fjJvYZ,Happy 4 U,Alex Fasso,13,Afternoon,2021,0,Happy 4 U -- Alex Fasso,Spotify Listening History 2019 - 2022.csv,Happy 4 U,Happy 4 U,00OIc0La1fUi1jQ0fjJvYZ,3.072633333
Maybe,https://open.spotify.com/embed/track/7sljA9XJXVCbbXLK5XpDtu,Flood,RICEWINE,0,Night,2021,0,Maybe -- RICEWINE,Spotify Listening History 2019 - 2022.csv,Maybe,Maybe,7sljA9XJXVCbbXLK5XpDtu,4.083166667
Maybe,https://open.spotify.com/embed/track/7sljA9XJXVCbbXLK5XpDtu,Flood,RICEWINE,10,Morning,2021,0,Maybe -- RICEWINE,Spotify Listening History 2019 - 2022.csv,Maybe,Maybe,7sljA9XJXVCbbXLK5XpDtu,4.083166667
Maybe,https://open.spotify.com/embed/track/7sljA9XJXVCbbXLK5XpDtu,Flood,RICEWINE,7,Morning,2021,0,Maybe -- RICEWINE,Spotify Listening History 2019 - 2022.csv,Maybe,Maybe,7sljA9XJXVCbbXLK5XpDtu,4.083166667
Maybe,https://open.spotify.com/embed/track/7sljA9XJXVCbbXLK5XpDtu,Flood,RICEWINE,1,Night,2021,0,Maybe -- RICEWINE,Spotify Listening History 2019 - 2022.csv,Maybe,Maybe,7sljA9XJXVCbbXLK5XpDtu,4.083166667
Maybe,https://open.spotify.com/embed/track/7sljA9XJXVCbbXLK5XpDtu,Flood,RICEWINE,18,Evening,2021,0,Maybe -- RICEWINE,Spotify Listening History 2019 - 2022.csv,Maybe,Maybe,7sljA9XJXVCbbXLK5XpDtu,4.083166667
Maybe,https://open.spotify.com/embed/track/7sljA9XJXVCbbXLK5XpDtu,Flood,RICEWINE,18,Evening,2021,0,Maybe -- RICEWINE,Spotify Listening History 2019 - 2022.csv,Maybe,Maybe,7sljA9XJXVCbbXLK5XpDtu,4.083166667
Maybe,https://open.spotify.com/embed/track/7sljA9XJXVCbbXLK5XpDtu,Flood,RICEWINE,18,Evening,2021,0,Maybe -- RICEWINE,Spotify Listening History 2019 - 2022.csv,Maybe,Maybe,7sljA9XJXVCbbXLK5XpDtu,4.083166667
Maybe,https://open.spotify.com/embed/track/7sljA9XJXVCbbXLK5XpDtu,Flood,RICEWINE,12,Afternoon,2021,0,Maybe -- RICEWINE,Spotify Listening History 2019 - 2022.csv,Maybe,Maybe,7sljA9XJXVCbbXLK5XpDtu,4.083166667
Maybe,https://open.spotify.com/embed/track/7sljA9XJXVCbbXLK5XpDtu,Flood,RICEWINE,1,Night,2021,0,Maybe -- RICEWINE,Spotify Listening History 2019 - 2022.csv,Maybe,Maybe,7sljA9XJXVCbbXLK5XpDtu,4.083166667
Maybe,https://open.spotify.com/embed/track/7sljA9XJXVCbbXLK5XpDtu,Flood,RICEWINE,1,Night,2021,0,Maybe -- RICEWINE,Spotify Listening History 2019 - 2022.csv,Maybe,Maybe,7sljA9XJXVCbbXLK5XpDtu,4.083166667
Maybe,https://open.spotify.com/embed/track/7sljA9XJXVCbbXLK5XpDtu,Flood,RICEWINE,0,Night,2021,0,Maybe -- RICEWINE,Spotify Listening History 2019 - 2022.csv,Maybe,Maybe,7sljA9XJXVCbbXLK5XpDtu,4.083166667
Maybe,https://open.spotify.com/embed/track/7sljA9XJXVCbbXLK5XpDtu,Flood,RICEWINE,0,Night,2021,0,Maybe -- RICEWINE,Spotify Listening History 2019 - 2022.csv,Maybe,Maybe,7sljA9XJXVCbbXLK5XpDtu,4.083166667
Maybe,https://open.spotify.com/embed/track/7sljA9XJXVCbbXLK5XpDtu,Flood,RICEWINE,0,Night,2021,0,Maybe -- RICEWINE,Spotify Listening History 2019 - 2022.csv,Maybe,Maybe,7sljA9XJXVCbbXLK5XpDtu,4.083166667
Maybe,https://open.spotify.com/embed/track/7sljA9XJXVCbbXLK5XpDtu,Flood,RICEWINE,16,Afternoon,2021,0,Maybe -- RICEWINE,Spotify Listening History 2019 - 2022.csv,Maybe,Maybe,7sljA9XJXVCbbXLK5XpDtu,4.083166667
Maybe,https://open.spotify.com/embed/track/7sljA9XJXVCbbXLK5XpDtu,Flood,RICEWINE,0,Night,2021,0,Maybe -- RICEWINE,Spotify Listening History 2019 - 2022.csv,Maybe,Maybe,7sljA9XJXVCbbXLK5XpDtu,4.083166667
Maybe,https://open.spotify.com/embed/track/7sljA9XJXVCbbXLK5XpDtu,Flood,RICEWINE,0,Night,2021,0,Maybe -- RICEWINE,Spotify Listening History 2019 - 2022.csv,Maybe,Maybe,7sljA9XJXVCbbXLK5XpDtu,4.083166667
Maybe,https://open.spotify.com/embed/track/7sljA9XJXVCbbXLK5XpDtu,Flood,RICEWINE,0,Night,2021,0,Maybe -- RICEWINE,Spotify Listening History 2019 - 2022.csv,Maybe,Maybe,7sljA9XJXVCbbXLK5XpDtu,4.083166667
Maybe,https://open.spotify.com/embed/track/7sljA9XJXVCbbXLK5XpDtu,Flood,RICEWINE,17,Afternoon,2021,0,Maybe -- RICEWINE,Spotify Listening History 2019 - 2022.csv,Maybe,Maybe,7sljA9XJXVCbbXLK5XpDtu,4.083166667
Maybe,https://open.spotify.com/embed/track/7sljA9XJXVCbbXLK5XpDtu,Flood,RICEWINE,14,Afternoon,2021,0,Maybe -- RICEWINE,Spotify Listening History 2019 - 2022.csv,Maybe,Maybe,7sljA9XJXVCbbXLK5XpDtu,4.083166667
Maybe,https://open.spotify.com/embed/track/7sljA9XJXVCbbXLK5XpDtu,Flood,RICEWINE,0,Night,2021,0,Maybe -- RICEWINE,Spotify Listening History 2019 - 2022.csv,Maybe,Maybe,7sljA9XJXVCbbXLK5XpDtu,4.083166667
Maybe,https://open.spotify.com/embed/track/7sljA9XJXVCbbXLK5XpDtu,Flood,RICEWINE,0,Night,2021,0,Maybe -- RICEWINE,Spotify Listening History 2019 - 2022.csv,Maybe,Maybe,7sljA9XJXVCbbXLK5XpDtu,4.083166667
Maybe,https://open.spotify.com/embed/track/7sljA9XJXVCbbXLK5XpDtu,Flood,RICEWINE,0,Night,2021,0,Maybe -- RICEWINE,Spotify Listening History 2019 - 2022.csv,Maybe,Maybe,7sljA9XJXVCbbXLK5XpDtu,4.083166667
Maybe,https://open.spotify.com/embed/track/7sljA9XJXVCbbXLK5XpDtu,Flood,RICEWINE,0,Night,2021,0,Maybe -- RICEWINE,Spotify Listening History 2019 - 2022.csv,Maybe,Maybe,7sljA9XJXVCbbXLK5XpDtu,4.083166667
Maybe,https://open.spotify.com/embed/track/7sljA9XJXVCbbXLK5XpDtu,Flood,RICEWINE,10,Morning,2021,0,Maybe -- RICEWINE,Spotify Listening History 2019 - 2022.csv,Maybe,Maybe,7sljA9XJXVCbbXLK5XpDtu,2.090216667
Maybe,https://open.spotify.com/embed/track/7sljA9XJXVCbbXLK5XpDtu,Flood,RICEWINE,11,Morning,2021,0,Maybe -- RICEWINE,Spotify Listening History 2019 - 2022.csv,Maybe,Maybe,7sljA9XJXVCbbXLK5XpDtu,1.429566667
Maybe,https://open.spotify.com/embed/track/7sljA9XJXVCbbXLK5XpDtu,Flood,RICEWINE,11,Morning,2021,0,Maybe -- RICEWINE,Spotify Listening History 2019 - 2022.csv,Maybe,Maybe,7sljA9XJXVCbbXLK5XpDtu,2.5978
Maybe,https://open.spotify.com/embed/track/7sljA9XJXVCbbXLK5XpDtu,Flood,RICEWINE,20,Evening,2021,0,Maybe -- RICEWINE,Spotify Listening History 2019 - 2022.csv,Maybe,Maybe,7sljA9XJXVCbbXLK5XpDtu,1.37695
Maybe,https://open.spotify.com/embed/track/7sljA9XJXVCbbXLK5XpDtu,Flood,RICEWINE,22,Evening,2021,0,Maybe -- RICEWINE,Spotify Listening History 2019 - 2022.csv,Maybe,Maybe,7sljA9XJXVCbbXLK5XpDtu,2.0487
Maybe,https://open.spotify.com/embed/track/7sljA9XJXVCbbXLK5XpDtu,Flood,RICEWINE,21,Evening,2021,0,Maybe -- RICEWINE,Spotify Listening History 2019 - 2022.csv,Maybe,Maybe,7sljA9XJXVCbbXLK5XpDtu,4.083166667
Maybe,https://open.spotify.com/embed/track/7sljA9XJXVCbbXLK5XpDtu,Flood,RICEWINE,23,Evening,2021,0,Maybe -- RICEWINE,Spotify Listening History 2019 - 2022.csv,Maybe,Maybe,7sljA9XJXVCbbXLK5XpDtu,4.083166667
Maybe,https://open.spotify.com/embed/track/7sljA9XJXVCbbXLK5XpDtu,Flood,RICEWINE,9,Morning,2021,0,Maybe -- RICEWINE,Spotify Listening History 2019 - 2022.csv,Maybe,Maybe,7sljA9XJXVCbbXLK5XpDtu,4.083166667
Maybe,https://open.spotify.com/embed/track/7sljA9XJXVCbbXLK5XpDtu,Flood,RICEWINE,20,Evening,2021,0,Maybe -- RICEWINE,Spotify Listening History 2019 - 2022.csv,Maybe,Maybe,7sljA9XJXVCbbXLK5XpDtu,4.083166667
Maybe,https://open.spotify.com/embed/track/7sljA9XJXVCbbXLK5XpDtu,Flood,RICEWINE,22,Evening,2021,0,Maybe -- RICEWINE,Spotify Listening History 2019 - 2022.csv,Maybe,Maybe,7sljA9XJXVCbbXLK5XpDtu,4.083166667
Maybe,https://open.spotify.com/embed/track/7sljA9XJXVCbbXLK5XpDtu,Flood,RICEWINE,22,Evening,2021,0,Maybe -- RICEWINE,Spotify Listening History 2019 - 2022.csv,Maybe,Maybe,7sljA9XJXVCbbXLK5XpDtu,4.083166667
Maybe,https://open.spotify.com/embed/track/7sljA9XJXVCbbXLK5XpDtu,Flood,RICEWINE,23,Evening,2021,0,Maybe -- RICEWINE,Spotify Listening History 2019 - 2022.csv,Maybe,Maybe,7sljA9XJXVCbbXLK5XpDtu,4.083166667
Maybe,https://open.spotify.com/embed/track/7sljA9XJXVCbbXLK5XpDtu,Flood,RICEWINE,11,Morning,2021,0,Maybe -- RICEWINE,Spotify Listening History 2019 - 2022.csv,Maybe,Maybe,7sljA9XJXVCbbXLK5XpDtu,7.821833333
Maybe,https://open.spotify.com/embed/track/7sljA9XJXVCbbXLK5XpDtu,Flood,RICEWINE,8,Morning,2021,0,Maybe -- RICEWINE,Spotify Listening History 2019 - 2022.csv,Maybe,Maybe,7sljA9XJXVCbbXLK5XpDtu,2.025233333
Maybe,https://open.spotify.com/embed/track/7sljA9XJXVCbbXLK5XpDtu,Flood,RICEWINE,12,Afternoon,2021,0,Maybe -- RICEWINE,Spotify Listening History 2019 - 2022.csv,Maybe,Maybe,7sljA9XJXVCbbXLK5XpDtu,3.080166667
Maybe,https://open.spotify.com/embed/track/7sljA9XJXVCbbXLK5XpDtu,Flood,RICEWINE,23,Evening,2021,0,Maybe -- RICEWINE,Spotify Listening History 2019 - 2022.csv,Maybe,Maybe,7sljA9XJXVCbbXLK5XpDtu,4.083166667
Maybe,https://open.spotify.com/embed/track/7sljA9XJXVCbbXLK5XpDtu,Flood,RICEWINE,12,Afternoon,2021,0,Maybe -- RICEWINE,Spotify Listening History 2019 - 2022.csv,Maybe,Maybe,7sljA9XJXVCbbXLK5XpDtu,4.083166667
Maybe,https://open.spotify.com/embed/track/7sljA9XJXVCbbXLK5XpDtu,Flood,RICEWINE,12,Afternoon,2021,0,Maybe -- RICEWINE,Spotify Listening History 2019 - 2022.csv,Maybe,Maybe,7sljA9XJXVCbbXLK5XpDtu,4.083166667
Maybe,https://open.spotify.com/embed/track/7sljA9XJXVCbbXLK5XpDtu,Flood,RICEWINE,8,Morning,2021,0,Maybe -- RICEWINE,Spotify Listening History 2019 - 2022.csv,Maybe,Maybe,7sljA9XJXVCbbXLK5XpDtu,4.46965
Maybe,https://open.spotify.com/embed/track/7sljA9XJXVCbbXLK5XpDtu,Flood,RICEWINE,22,Evening,2021,0,Maybe -- RICEWINE,Spotify Listening History 2019 - 2022.csv,Maybe,Maybe,7sljA9XJXVCbbXLK5XpDtu,4.083166667
Maybe,https://open.spotify.com/embed/track/7sljA9XJXVCbbXLK5XpDtu,Flood,RICEWINE,16,Afternoon,2019,0,Maybe -- RICEWINE,Spotify Listening History 2019 - 2022.csv,Maybe,Maybe,7sljA9XJXVCbbXLK5XpDtu,4.083166667
Maybe,https://open.spotify.com/embed/track/7sljA9XJXVCbbXLK5XpDtu,Flood,RICEWINE,16,Afternoon,2019,0,Maybe -- RICEWINE,Spotify Listening History 2019 - 2022.csv,Maybe,Maybe,7sljA9XJXVCbbXLK5XpDtu,4.083166667
Maybe,https://open.spotify.com/embed/track/7sljA9XJXVCbbXLK5XpDtu,Flood,RICEWINE,23,Evening,2022,0,Maybe -- RICEWINE,Spotify Listening History 2019 - 2022.csv,Maybe,Maybe,7sljA9XJXVCbbXLK5XpDtu,4.083166667
Maybe,https://open.spotify.com/embed/track/7sljA9XJXVCbbXLK5XpDtu,Flood,RICEWINE,21,Evening,2019,0,Maybe -- RICEWINE,Spotify Listening History 2019 - 2022.csv,Maybe,Maybe,7sljA9XJXVCbbXLK5XpDtu,4.083166667
Maybe,https://open.spotify.com/embed/track/7sljA9XJXVCbbXLK5XpDtu,Flood,RICEWINE,23,Evening,2021,0,Maybe -- RICEWINE,Spotify Listening History 2019 - 2022.csv,Maybe,Maybe,7sljA9XJXVCbbXLK5XpDtu,1.096166667
Maybe,https://open.spotify.com/embed/track/7sljA9XJXVCbbXLK5XpDtu,Flood,RICEWINE,10,Morning,2021,0,Maybe -- RICEWINE,Spotify Listening History 2019 - 2022.csv,Maybe,Maybe,7sljA9XJXVCbbXLK5XpDtu,4.083166667
Maybe,https://open.spotify.com/embed/track/7sljA9XJXVCbbXLK5XpDtu,Flood,RICEWINE,0,Night,2019,0,Maybe -- RICEWINE,Spotify Listening History 2019 - 2022.csv,Maybe,Maybe,7sljA9XJXVCbbXLK5XpDtu,4.083166667
Maybe,https://open.spotify.com/embed/track/7sljA9XJXVCbbXLK5XpDtu,Flood,RICEWINE,13,Afternoon,2019,0,Maybe -- RICEWINE,Spotify Listening History 2019 - 2022.csv,Maybe,Maybe,7sljA9XJXVCbbXLK5XpDtu,4.083166667
Maybe,https://open.spotify.com/embed/track/7sljA9XJXVCbbXLK5XpDtu,Flood,RICEWINE,8,Morning,2021,0,Maybe -- RICEWINE,Spotify Listening History 2019 - 2022.csv,Maybe,Maybe,7sljA9XJXVCbbXLK5XpDtu,3.5968
Maybe,https://open.spotify.com/embed/track/7sljA9XJXVCbbXLK5XpDtu,Flood,RICEWINE,20,Evening,2019,0,Maybe -- RICEWINE,Spotify Listening History 2019 - 2022.csv,Maybe,Maybe,7sljA9XJXVCbbXLK5XpDtu,4.083166667
Maybe,https://open.spotify.com/embed/track/7sljA9XJXVCbbXLK5XpDtu,Flood,RICEWINE,18,Evening,2019,0,Maybe -- RICEWINE,Spotify Listening History 2019 - 2022.csv,Maybe,Maybe,7sljA9XJXVCbbXLK5XpDtu,4.083166667
Maybe,https://open.spotify.com/embed/track/7sljA9XJXVCbbXLK5XpDtu,Flood,RICEWINE,11,Morning,2021,0,Maybe -- RICEWINE,Spotify Listening History 2019 - 2022.csv,Maybe,Maybe,7sljA9XJXVCbbXLK5XpDtu,4.083166667
Maybe,https://open.spotify.com/embed/track/7sljA9XJXVCbbXLK5XpDtu,Flood,RICEWINE,19,Evening,2020,0,Maybe -- RICEWINE,Spotify Listening History 2019 - 2022.csv,Maybe,Maybe,7sljA9XJXVCbbXLK5XpDtu,3.154166667
Maybe,https://open.spotify.com/embed/track/7sljA9XJXVCbbXLK5XpDtu,Flood,RICEWINE,12,Afternoon,2020,0,Maybe -- RICEWINE,Spotify Listening History 2019 - 2022.csv,Maybe,Maybe,7sljA9XJXVCbbXLK5XpDtu,1.379266667
Maybe,https://open.spotify.com/embed/track/7sljA9XJXVCbbXLK5XpDtu,Flood,RICEWINE,11,Morning,2020,0,Maybe -- RICEWINE,Spotify Listening History 2019 - 2022.csv,Maybe,Maybe,7sljA9XJXVCbbXLK5XpDtu,3.931716667
Maybe,https://open.spotify.com/embed/track/7sljA9XJXVCbbXLK5XpDtu,Flood,RICEWINE,6,Morning,2019,0,Maybe -- RICEWINE,Spotify Listening History 2019 - 2022.csv,Maybe,Maybe,7sljA9XJXVCbbXLK5XpDtu,4.083166667
Maybe,https://open.spotify.com/embed/track/7sljA9XJXVCbbXLK5XpDtu,Flood,RICEWINE,10,Morning,2019,0,Maybe -- RICEWINE,Spotify Listening History 2019 - 2022.csv,Maybe,Maybe,7sljA9XJXVCbbXLK5XpDtu,4.083166667
Maybe,https://open.spotify.com/embed/track/7sljA9XJXVCbbXLK5XpDtu,Flood,RICEWINE,9,Morning,2022,0,Maybe -- RICEWINE,Spotify Listening History 2019 - 2022.csv,Maybe,Maybe,7sljA9XJXVCbbXLK5XpDtu,1.779533333
Maybe,https://open.spotify.com/embed/track/7sljA9XJXVCbbXLK5XpDtu,Flood,RICEWINE,1,Night,2020,0,Maybe -- RICEWINE,Spotify Listening History 2019 - 2022.csv,Maybe,Maybe,7sljA9XJXVCbbXLK5XpDtu,4.083166667
Maybe,https://open.spotify.com/embed/track/7sljA9XJXVCbbXLK5XpDtu,Flood,RICEWINE,15,Afternoon,2022,0,Maybe -- RICEWINE,Spotify Listening History 2019 - 2022.csv,Maybe,Maybe,7sljA9XJXVCbbXLK5XpDtu,1.160983333
Maybe,https://open.spotify.com/embed/track/7sljA9XJXVCbbXLK5XpDtu,Flood,RICEWINE,13,Afternoon,2022,0,Maybe -- RICEWINE,Spotify Listening History 2019 - 2022.csv,Maybe,Maybe,7sljA9XJXVCbbXLK5XpDtu,4.083166667
Maybe,https://open.spotify.com/embed/track/7sljA9XJXVCbbXLK5XpDtu,Flood,RICEWINE,0,Night,2022,0,Maybe -- RICEWINE,Spotify Listening History 2019 - 2022.csv,Maybe,Maybe,7sljA9XJXVCbbXLK5XpDtu,4.083166667
Maybe,https://open.spotify.com/embed/track/7sljA9XJXVCbbXLK5XpDtu,Flood,RICEWINE,3,Night,2020,0,Maybe -- RICEWINE,Spotify Listening History 2019 - 2022.csv,Maybe,Maybe,7sljA9XJXVCbbXLK5XpDtu,4.083166667
Maybe,https://open.spotify.com/embed/track/7sljA9XJXVCbbXLK5XpDtu,Flood,RICEWINE,18,Evening,2022,0,Maybe -- RICEWINE,Spotify Listening History 2019 - 2022.csv,Maybe,Maybe,7sljA9XJXVCbbXLK5XpDtu,4.083166667
Maybe,https://open.spotify.com/embed/track/7sljA9XJXVCbbXLK5XpDtu,Flood,RICEWINE,2,Night,2020,0,Maybe -- RICEWINE,Spotify Listening History 2019 - 2022.csv,Maybe,Maybe,7sljA9XJXVCbbXLK5XpDtu,4.083166667
Maybe,https://open.spotify.com/embed/track/7sljA9XJXVCbbXLK5XpDtu,Flood,RICEWINE,1,Night,2019,0,Maybe -- RICEWINE,Spotify Listening History 2019 - 2022.csv,Maybe,Maybe,7sljA9XJXVCbbXLK5XpDtu,4.083166667
Maybe,https://open.spotify.com/embed/track/7sljA9XJXVCbbXLK5XpDtu,Flood,RICEWINE,5,Night,2019,0,Maybe -- RICEWINE,Spotify Listening History 2019 - 2022.csv,Maybe,Maybe,7sljA9XJXVCbbXLK5XpDtu,4.083166667
Maybe,https://open.spotify.com/embed/track/7sljA9XJXVCbbXLK5XpDtu,Flood,RICEWINE,23,Evening,2019,0,Maybe -- RICEWINE,Spotify Listening History 2019 - 2022.csv,Maybe,Maybe,7sljA9XJXVCbbXLK5XpDtu,4.083166667
Maybe,https://open.spotify.com/embed/track/7sljA9XJXVCbbXLK5XpDtu,Flood,RICEWINE,19,Evening,2019,0,Maybe -- RICEWINE,Spotify Listening History 2019 - 2022.csv,Maybe,Maybe,7sljA9XJXVCbbXLK5XpDtu,4.083166667
Maybe,https://open.spotify.com/embed/track/7sljA9XJXVCbbXLK5XpDtu,Flood,RICEWINE,7,Morning,2020,0,Maybe -- RICEWINE,Spotify Listening History 2019 - 2022.csv,Maybe,Maybe,7sljA9XJXVCbbXLK5XpDtu,4.083166667
Maybe,https://open.spotify.com/embed/track/7sljA9XJXVCbbXLK5XpDtu,Flood,RICEWINE,14,Afternoon,2019,0,Maybe -- RICEWINE,Spotify Listening History 2019 - 2022.csv,Maybe,Maybe,7sljA9XJXVCbbXLK5XpDtu,4.083166667
Maybe,https://open.spotify.com/embed/track/7sljA9XJXVCbbXLK5XpDtu,Flood,RICEWINE,3,Night,2020,0,Maybe -- RICEWINE,Spotify Listening History 2019 - 2022.csv,Maybe,Maybe,7sljA9XJXVCbbXLK5XpDtu,4.083166667
Maybe,https://open.spotify.com/embed/track/7sljA9XJXVCbbXLK5XpDtu,Flood,RICEWINE,0,Night,2020,0,Maybe -- RICEWINE,Spotify Listening History 2019 - 2022.csv,Maybe,Maybe,7sljA9XJXVCbbXLK5XpDtu,4.083166667
Maybe,https://open.spotify.com/embed/track/7sljA9XJXVCbbXLK5XpDtu,Flood,RICEWINE,12,Afternoon,2019,0,Maybe -- RICEWINE,Spotify Listening History 2019 - 2022.csv,Maybe,Maybe,7sljA9XJXVCbbXLK5XpDtu,4.083166667
Maybe,https://open.spotify.com/embed/track/7sljA9XJXVCbbXLK5XpDtu,Flood,RICEWINE,0,Night,2022,0,Maybe -- RICEWINE,Spotify Listening History 2019 - 2022.csv,Maybe,Maybe,7sljA9XJXVCbbXLK5XpDtu,4.083166667
Maybe,https://open.spotify.com/embed/track/7sljA9XJXVCbbXLK5XpDtu,Flood,RICEWINE,12,Afternoon,2020,0,Maybe -- RICEWINE,Spotify Listening History 2019 - 2022.csv,Maybe,Maybe,7sljA9XJXVCbbXLK5XpDtu,4.083166667
Maybe,https://open.spotify.com/embed/track/7sljA9XJXVCbbXLK5XpDtu,Flood,RICEWINE,14,Afternoon,2021,0,Maybe -- RICEWINE,Spotify Listening History 2019 - 2022.csv,Maybe,Maybe,7sljA9XJXVCbbXLK5XpDtu,4.083166667
Maybe,https://open.spotify.com/embed/track/7sljA9XJXVCbbXLK5XpDtu,Flood,RICEWINE,1,Night,2020,0,Maybe -- RICEWINE,Spotify Listening History 2019 - 2022.csv,Maybe,Maybe,7sljA9XJXVCbbXLK5XpDtu,4.083166667
Maybe,https://open.spotify.com/embed/track/7sljA9XJXVCbbXLK5XpDtu,Flood,RICEWINE,0,Night,2019,0,Maybe -- RICEWINE,Spotify Listening History 2019 - 2022.csv,Maybe,Maybe,7sljA9XJXVCbbXLK5XpDtu,4.083166667
Maybe,https://open.spotify.com/embed/track/7sljA9XJXVCbbXLK5XpDtu,Flood,RICEWINE,3,Night,2020,0,Maybe -- RICEWINE,Spotify Listening History 2019 - 2022.csv,Maybe,Maybe,7sljA9XJXVCbbXLK5XpDtu,4.083166667
Maybe,https://open.spotify.com/embed/track/7sljA9XJXVCbbXLK5XpDtu,Flood,RICEWINE,23,Evening,2020,0,Maybe -- RICEWINE,Spotify Listening History 2019 - 2022.csv,Maybe,Maybe,7sljA9XJXVCbbXLK5XpDtu,4.083166667
Maybe,https://open.spotify.com/embed/track/7sljA9XJXVCbbXLK5XpDtu,Flood,RICEWINE,3,Night,2020,0,Maybe -- RICEWINE,Spotify Listening History 2019 - 2022.csv,Maybe,Maybe,7sljA9XJXVCbbXLK5XpDtu,4.083166667
Maybe,https://open.spotify.com/embed/track/7sljA9XJXVCbbXLK5XpDtu,Flood,RICEWINE,1,Night,2020,0,Maybe -- RICEWINE,Spotify Listening History 2019 - 2022.csv,Maybe,Maybe,7sljA9XJXVCbbXLK5XpDtu,13.792916667
Maybe,https://open.spotify.com/embed/track/7sljA9XJXVCbbXLK5XpDtu,Flood,RICEWINE,23,Evening,2020,0,Maybe -- RICEWINE,Spotify Listening History 2019 - 2022.csv,Maybe,Maybe,7sljA9XJXVCbbXLK5XpDtu,4.083166667
Maybe,https://open.spotify.com/embed/track/7sljA9XJXVCbbXLK5XpDtu,Flood,RICEWINE,12,Afternoon,2020,0,Maybe -- RICEWINE,Spotify Listening History 2019 - 2022.csv,Maybe,Maybe,7sljA9XJXVCbbXLK5XpDtu,4.083166667
Maybe,https://open.spotify.com/embed/track/7sljA9XJXVCbbXLK5XpDtu,Flood,RICEWINE,4,Night,2020,0,Maybe -- RICEWINE,Spotify Listening History 2019 - 2022.csv,Maybe,Maybe,7sljA9XJXVCbbXLK5XpDtu,4.083166667
Maybe,https://open.spotify.com/embed/track/7sljA9XJXVCbbXLK5XpDtu,Flood,RICEWINE,3,Night,2020,0,Maybe -- RICEWINE,Spotify Listening History 2019 - 2022.csv,Maybe,Maybe,7sljA9XJXVCbbXLK5XpDtu,4.083166667
Maybe,https://open.spotify.com/embed/track/7sljA9XJXVCbbXLK5XpDtu,Flood,RICEWINE,2,Night,2020,0,Maybe -- RICEWINE,Spotify Listening History 2019 - 2022.csv,Maybe,Maybe,7sljA9XJXVCbbXLK5XpDtu,4.083166667
Maybe,https://open.spotify.com/embed/track/7sljA9XJXVCbbXLK5XpDtu,Flood,RICEWINE,0,Night,2020,0,Maybe -- RICEWINE,Spotify Listening History 2019 - 2022.csv,Maybe,Maybe,7sljA9XJXVCbbXLK5XpDtu,4.083166667
Maybe,https://open.spotify.com/embed/track/7sljA9XJXVCbbXLK5XpDtu,Flood,RICEWINE,9,Morning,2022,0,Maybe -- RICEWINE,Spotify Listening History 2019 - 2022.csv,Maybe,Maybe,7sljA9XJXVCbbXLK5XpDtu,2.84815
Maybe,https://open.spotify.com/embed/track/7sljA9XJXVCbbXLK5XpDtu,Flood,RICEWINE,10,Morning,2021,0,Maybe -- RICEWINE,Spotify Listening History 2019 - 2022.csv,Maybe,Maybe,7sljA9XJXVCbbXLK5XpDtu,1.303433333
Maybe,https://open.spotify.com/embed/track/7sljA9XJXVCbbXLK5XpDtu,Flood,RICEWINE,1,Night,2020,0,Maybe -- RICEWINE,Spotify Listening History 2019 - 2022.csv,Maybe,Maybe,7sljA9XJXVCbbXLK5XpDtu,4.083166667
Maybe,https://open.spotify.com/embed/track/7sljA9XJXVCbbXLK5XpDtu,Flood,RICEWINE,23,Evening,2020,0,Maybe -- RICEWINE,Spotify Listening History 2019 - 2022.csv,Maybe,Maybe,7sljA9XJXVCbbXLK5XpDtu,4.083166667
Maybe,https://open.spotify.com/embed/track/7sljA9XJXVCbbXLK5XpDtu,Flood,RICEWINE,23,Evening,2021,0,Maybe -- RICEWINE,Spotify Listening History 2019 - 2022.csv,Maybe,Maybe,7sljA9XJXVCbbXLK5XpDtu,4.083166667
Maybe,https://open.spotify.com/embed/track/7sljA9XJXVCbbXLK5XpDtu,Flood,RICEWINE,0,Night,2021,0,Maybe -- RICEWINE,Spotify Listening History 2019 - 2022.csv,Maybe,Maybe,7sljA9XJXVCbbXLK5XpDtu,4.083166667
Maybe,https://open.spotify.com/embed/track/7sljA9XJXVCbbXLK5XpDtu,Flood,RICEWINE,1,Night,2021,0,Maybe -- RICEWINE,Spotify Listening History 2019 - 2022.csv,Maybe,Maybe,7sljA9XJXVCbbXLK5XpDtu,4.083166667
Maybe,https://open.spotify.com/embed/track/7sljA9XJXVCbbXLK5XpDtu,Flood,RICEWINE,16,Afternoon,2020,0,Maybe -- RICEWINE,Spotify Listening History 2019 - 2022.csv,Maybe,Maybe,7sljA9XJXVCbbXLK5XpDtu,4.083166667
Maybe,https://open.spotify.com/embed/track/7sljA9XJXVCbbXLK5XpDtu,Flood,RICEWINE,17,Afternoon,2021,0,Maybe -- RICEWINE,Spotify Listening History 2019 - 2022.csv,Maybe,Maybe,7sljA9XJXVCbbXLK5XpDtu,4.083166667
Maybe,https://open.spotify.com/embed/track/7sljA9XJXVCbbXLK5XpDtu,Flood,RICEWINE,11,Morning,2021,0,Maybe -- RICEWINE,Spotify Listening History 2019 - 2022.csv,Maybe,Maybe,7sljA9XJXVCbbXLK5XpDtu,4.083166667
Maybe,https://open.spotify.com/embed/track/7sljA9XJXVCbbXLK5XpDtu,Flood,RICEWINE,0,Night,2021,0,Maybe -- RICEWINE,Spotify Listening History 2019 - 2022.csv,Maybe,Maybe,7sljA9XJXVCbbXLK5XpDtu,4.083166667
Maybe,https://open.spotify.com/embed/track/7sljA9XJXVCbbXLK5XpDtu,Flood,RICEWINE,0,Night,2021,0,Maybe -- RICEWINE,Spotify Listening History 2019 - 2022.csv,Maybe,Maybe,7sljA9XJXVCbbXLK5XpDtu,4.083166667
Maybe,https://open.spotify.com/embed/track/7sljA9XJXVCbbXLK5XpDtu,Flood,RICEWINE,1,Night,2021,0,Maybe -- RICEWINE,Spotify Listening History 2019 - 2022.csv,Maybe,Maybe,7sljA9XJXVCbbXLK5XpDtu,4.083166667
Maybe,https://open.spotify.com/embed/track/7sljA9XJXVCbbXLK5XpDtu,Flood,RICEWINE,15,Afternoon,2021,0,Maybe -- RICEWINE,Spotify Listening History 2019 - 2022.csv,Maybe,Maybe,7sljA9XJXVCbbXLK5XpDtu,4.083166667
Maybe,https://open.spotify.com/embed/track/7sljA9XJXVCbbXLK5XpDtu,Flood,RICEWINE,12,Afternoon,2021,0,Maybe -- RICEWINE,Spotify Listening History 2019 - 2022.csv,Maybe,Maybe,7sljA9XJXVCbbXLK5XpDtu,1.06015
Maybe,https://open.spotify.com/embed/track/7sljA9XJXVCbbXLK5XpDtu,Flood,RICEWINE,10,Morning,2020,0,Maybe -- RICEWINE,Spotify Listening History 2019 - 2022.csv,Maybe,Maybe,7sljA9XJXVCbbXLK5XpDtu,1.516083333
Maybe,https://open.spotify.com/embed/track/7sljA9XJXVCbbXLK5XpDtu,Flood,RICEWINE,10,Morning,2020,0,Maybe -- RICEWINE,Spotify Listening History 2019 - 2022.csv,Maybe,Maybe,7sljA9XJXVCbbXLK5XpDtu,1.766366667
Maybe,https://open.spotify.com/embed/track/7sljA9XJXVCbbXLK5XpDtu,Flood,RICEWINE,21,Evening,2019,0,Maybe -- RICEWINE,Spotify Listening History 2019 - 2022.csv,Maybe,Maybe,7sljA9XJXVCbbXLK5XpDtu,1.646883333
Maybe,https://open.spotify.com/embed/track/7sljA9XJXVCbbXLK5XpDtu,Flood,RICEWINE,18,Evening,2021,0,Maybe -- RICEWINE,Spotify Listening History 2019 - 2022.csv,Maybe,Maybe,7sljA9XJXVCbbXLK5XpDtu,2.884766667
Maybe,https://open.spotify.com/embed/track/7sljA9XJXVCbbXLK5XpDtu,Flood,RICEWINE,9,Morning,2021,0,Maybe -- RICEWINE,Spotify Listening History 2019 - 2022.csv,Maybe,Maybe,7sljA9XJXVCbbXLK5XpDtu,1.968233333
Maybe,https://open.spotify.com/embed/track/7sljA9XJXVCbbXLK5XpDtu,Flood,RICEWINE,11,Morning,2021,0,Maybe -- RICEWINE,Spotify Listening History 2019 - 2022.csv,Maybe,Maybe,7sljA9XJXVCbbXLK5XpDtu,4.083166667
Maybe,https://open.spotify.com/embed/track/7sljA9XJXVCbbXLK5XpDtu,Flood,RICEWINE,11,Morning,2021,0,Maybe -- RICEWINE,Spotify Listening History 2019 - 2022.csv,Maybe,Maybe,7sljA9XJXVCbbXLK5XpDtu,4.083166667
Maybe,https://open.spotify.com/embed/track/7sljA9XJXVCbbXLK5XpDtu,Flood,RICEWINE,16,Afternoon,2021,0,Maybe -- RICEWINE,Spotify Listening History 2019 - 2022.csv,Maybe,Maybe,7sljA9XJXVCbbXLK5XpDtu,4.083166667
Maybe,https://open.spotify.com/embed/track/7sljA9XJXVCbbXLK5XpDtu,Flood,RICEWINE,3,Night,2020,0,Maybe -- RICEWINE,Spotify Listening History 2019 - 2022.csv,Maybe,Maybe,7sljA9XJXVCbbXLK5XpDtu,4.083166667
Maybe,https://open.spotify.com/embed/track/7sljA9XJXVCbbXLK5XpDtu,Flood,RICEWINE,17,Afternoon,2020,0,Maybe -- RICEWINE,Spotify Listening History 2019 - 2022.csv,Maybe,Maybe,7sljA9XJXVCbbXLK5XpDtu,4.083166667
Maybe,https://open.spotify.com/embed/track/7sljA9XJXVCbbXLK5XpDtu,Flood,RICEWINE,2,Night,2020,0,Maybe -- RICEWINE,Spotify Listening History 2019 - 2022.csv,Maybe,Maybe,7sljA9XJXVCbbXLK5XpDtu,4.083166667
Maybe,https://open.spotify.com/embed/track/7sljA9XJXVCbbXLK5XpDtu,Flood,RICEWINE,23,Evening,2020,0,Maybe -- RICEWINE,Spotify Listening History 2019 - 2022.csv,Maybe,Maybe,7sljA9XJXVCbbXLK5XpDtu,4.083166667
Maybe,https://open.spotify.com/embed/track/7sljA9XJXVCbbXLK5XpDtu,Flood,RICEWINE,23,Evening,2021,0,Maybe -- RICEWINE,Spotify Listening History 2019 - 2022.csv,Maybe,Maybe,7sljA9XJXVCbbXLK5XpDtu,4.083166667
Maybe,https://open.spotify.com/embed/track/7sljA9XJXVCbbXLK5XpDtu,Flood,RICEWINE,14,Afternoon,2019,0,Maybe -- RICEWINE,Spotify Listening History 2019 - 2022.csv,Maybe,Maybe,7sljA9XJXVCbbXLK5XpDtu,4.083166667
Maybe,https://open.spotify.com/embed/track/7sljA9XJXVCbbXLK5XpDtu,Flood,RICEWINE,14,Afternoon,2020,0,Maybe -- RICEWINE,Spotify Listening History 2019 - 2022.csv,Maybe,Maybe,7sljA9XJXVCbbXLK5XpDtu,4.083166667
Maybe,https://open.spotify.com/embed/track/7sljA9XJXVCbbXLK5XpDtu,Flood,RICEWINE,10,Morning,2019,0,Maybe -- RICEWINE,Spotify Listening History 2019 - 2022.csv,Maybe,Maybe,7sljA9XJXVCbbXLK5XpDtu,4.083166667
Maybe,https://open.spotify.com/embed/track/7sljA9XJXVCbbXLK5XpDtu,Flood,RICEWINE,2,Night,2020,0,Maybe -- RICEWINE,Spotify Listening History 2019 - 2022.csv,Maybe,Maybe,7sljA9XJXVCbbXLK5XpDtu,4.083166667
Maybe,https://open.spotify.com/embed/track/7sljA9XJXVCbbXLK5XpDtu,Flood,RICEWINE,1,Night,2020,0,Maybe -- RICEWINE,Spotify Listening History 2019 - 2022.csv,Maybe,Maybe,7sljA9XJXVCbbXLK5XpDtu,4.083166667
Maybe,https://open.spotify.com/embed/track/7sljA9XJXVCbbXLK5XpDtu,Flood,RICEWINE,0,Night,2020,0,Maybe -- RICEWINE,Spotify Listening History 2019 - 2022.csv,Maybe,Maybe,7sljA9XJXVCbbXLK5XpDtu,4.083166667
Maybe,https://open.spotify.com/embed/track/7sljA9XJXVCbbXLK5XpDtu,Flood,RICEWINE,2,Night,2021,0,Maybe -- RICEWINE,Spotify Listening History 2019 - 2022.csv,Maybe,Maybe,7sljA9XJXVCbbXLK5XpDtu,4.083166667
Maybe,https://open.spotify.com/embed/track/7sljA9XJXVCbbXLK5XpDtu,Flood,RICEWINE,1,Night,2020,0,Maybe -- RICEWINE,Spotify Listening History 2019 - 2022.csv,Maybe,Maybe,7sljA9XJXVCbbXLK5XpDtu,4.083166667
Maybe,https://open.spotify.com/embed/track/7sljA9XJXVCbbXLK5XpDtu,Flood,RICEWINE,1,Night,2020,0,Maybe -- RICEWINE,Spotify Listening History 2019 - 2022.csv,Maybe,Maybe,7sljA9XJXVCbbXLK5XpDtu,4.083166667
Maybe,https://open.spotify.com/embed/track/7sljA9XJXVCbbXLK5XpDtu,Flood,RICEWINE,13,Afternoon,2020,0,Maybe -- RICEWINE,Spotify Listening History 2019 - 2022.csv,Maybe,Maybe,7sljA9XJXVCbbXLK5XpDtu,4.083166667
Maybe,https://open.spotify.com/embed/track/7sljA9XJXVCbbXLK5XpDtu,Flood,RICEWINE,12,Afternoon,2020,0,Maybe -- RICEWINE,Spotify Listening History 2019 - 2022.csv,Maybe,Maybe,7sljA9XJXVCbbXLK5XpDtu,4.083166667
Maybe,https://open.spotify.com/embed/track/7sljA9XJXVCbbXLK5XpDtu,Flood,RICEWINE,16,Afternoon,2021,0,Maybe -- RICEWINE,Spotify Listening History 2019 - 2022.csv,Maybe,Maybe,7sljA9XJXVCbbXLK5XpDtu,4.083166667
Maybe,https://open.spotify.com/embed/track/7sljA9XJXVCbbXLK5XpDtu,Flood,RICEWINE,14,Afternoon,2019,0,Maybe -- RICEWINE,Spotify Listening History 2019 - 2022.csv,Maybe,Maybe,7sljA9XJXVCbbXLK5XpDtu,4.87655
Maybe,https://open.spotify.com/embed/track/7sljA9XJXVCbbXLK5XpDtu,Flood,RICEWINE,21,Evening,2019,0,Maybe -- RICEWINE,Spotify Listening History 2019 - 2022.csv,Maybe,Maybe,7sljA9XJXVCbbXLK5XpDtu,3.183833333
Maybe,https://open.spotify.com/embed/track/7sljA9XJXVCbbXLK5XpDtu,Flood,RICEWINE,13,Afternoon,2019,0,Maybe -- RICEWINE,Spotify Listening History 2019 - 2022.csv,Maybe,Maybe,7sljA9XJXVCbbXLK5XpDtu,3.399
Maybe,https://open.spotify.com/embed/track/7sljA9XJXVCbbXLK5XpDtu,Flood,RICEWINE,18,Evening,2020,0,Maybe -- RICEWINE,Spotify Listening History 2019 - 2022.csv,Maybe,Maybe,7sljA9XJXVCbbXLK5XpDtu,1.688083333
Maybe,https://open.spotify.com/embed/track/7sljA9XJXVCbbXLK5XpDtu,Flood,RICEWINE,14,Afternoon,2021,0,Maybe -- RICEWINE,Spotify Listening History 2019 - 2022.csv,Maybe,Maybe,7sljA9XJXVCbbXLK5XpDtu,4.083166667
Maybe,https://open.spotify.com/embed/track/7sljA9XJXVCbbXLK5XpDtu,Flood,RICEWINE,13,Afternoon,2020,0,Maybe -- RICEWINE,Spotify Listening History 2019 - 2022.csv,Maybe,Maybe,7sljA9XJXVCbbXLK5XpDtu,1.982566667
Maybe,https://open.spotify.com/embed/track/7sljA9XJXVCbbXLK5XpDtu,Flood,RICEWINE,16,Afternoon,2021,0,Maybe -- RICEWINE,Spotify Listening History 2019 - 2022.csv,Maybe,Maybe,7sljA9XJXVCbbXLK5XpDtu,4.083166667
Maybe,https://open.spotify.com/embed/track/7sljA9XJXVCbbXLK5XpDtu,Flood,RICEWINE,16,Afternoon,2021,0,Maybe -- RICEWINE,Spotify Listening History 2019 - 2022.csv,Maybe,Maybe,7sljA9XJXVCbbXLK5XpDtu,4.083166667
Maybe,https://open.spotify.com/embed/track/7sljA9XJXVCbbXLK5XpDtu,Flood,RICEWINE,18,Evening,2020,0,Maybe -- RICEWINE,Spotify Listening History 2019 - 2022.csv,Maybe,Maybe,7sljA9XJXVCbbXLK5XpDtu,3.43715
Maybe,https://open.spotify.com/embed/track/7sljA9XJXVCbbXLK5XpDtu,Flood,RICEWINE,20,Evening,2020,0,Maybe -- RICEWINE,Spotify Listening History 2019 - 2022.csv,Maybe,Maybe,7sljA9XJXVCbbXLK5XpDtu,3.43715
Maybe,https://open.spotify.com/embed/track/7sljA9XJXVCbbXLK5XpDtu,Flood,RICEWINE,21,Evening,2019,0,Maybe -- RICEWINE,Spotify Listening History 2019 - 2022.csv,Maybe,Maybe,7sljA9XJXVCbbXLK5XpDtu,4.083166667
Maybe,https://open.spotify.com/embed/track/7sljA9XJXVCbbXLK5XpDtu,Flood,RICEWINE,16,Afternoon,2019,0,Maybe -- RICEWINE,Spotify Listening History 2019 - 2022.csv,Maybe,Maybe,7sljA9XJXVCbbXLK5XpDtu,4.083166667
Maybe,https://open.spotify.com/embed/track/7sljA9XJXVCbbXLK5XpDtu,Flood,RICEWINE,18,Evening,2021,0,Maybe -- RICEWINE,Spotify Listening History 2019 - 2022.csv,Maybe,Maybe,7sljA9XJXVCbbXLK5XpDtu,3.58115
Maybe,https://open.spotify.com/embed/track/7sljA9XJXVCbbXLK5XpDtu,Flood,RICEWINE,11,Morning,2021,0,Maybe -- RICEWINE,Spotify Listening History 2019 - 2022.csv,Maybe,Maybe,7sljA9XJXVCbbXLK5XpDtu,3.57155
Maybe,https://open.spotify.com/embed/track/7sljA9XJXVCbbXLK5XpDtu,Flood,RICEWINE,10,Morning,2019,0,Maybe -- RICEWINE,Spotify Listening History 2019 - 2022.csv,Maybe,Maybe,7sljA9XJXVCbbXLK5XpDtu,4.083166667
Maybe,https://open.spotify.com/embed/track/7sljA9XJXVCbbXLK5XpDtu,Flood,RICEWINE,9,Morning,2019,0,Maybe -- RICEWINE,Spotify Listening History 2019 - 2022.csv,Maybe,Maybe,7sljA9XJXVCbbXLK5XpDtu,10.018566667
Maybe,https://open.spotify.com/embed/track/7sljA9XJXVCbbXLK5XpDtu,Flood,RICEWINE,16,Afternoon,2019,0,Maybe -- RICEWINE,Spotify Listening History 2019 - 2022.csv,Maybe,Maybe,7sljA9XJXVCbbXLK5XpDtu,2.362733333
Maybe,https://open.spotify.com/embed/track/7sljA9XJXVCbbXLK5XpDtu,Flood,RICEWINE,19,Evening,2020,0,Maybe -- RICEWINE,Spotify Listening History 2019 - 2022.csv,Maybe,Maybe,7sljA9XJXVCbbXLK5XpDtu,4.083166667
Maybe,https://open.spotify.com/embed/track/7sljA9XJXVCbbXLK5XpDtu,Flood,RICEWINE,0,Night,2021,0,Maybe -- RICEWINE,Spotify Listening History 2019 - 2022.csv,Maybe,Maybe,7sljA9XJXVCbbXLK5XpDtu,4.083166667
Maybe,https://open.spotify.com/embed/track/7sljA9XJXVCbbXLK5XpDtu,Flood,RICEWINE,1,Night,2020,0,Maybe -- RICEWINE,Spotify Listening History 2019 - 2022.csv,Maybe,Maybe,7sljA9XJXVCbbXLK5XpDtu,4.083166667
Maybe,https://open.spotify.com/embed/track/7sljA9XJXVCbbXLK5XpDtu,Flood,RICEWINE,1,Night,2020,0,Maybe -- RICEWINE,Spotify Listening History 2019 - 2022.csv,Maybe,Maybe,7sljA9XJXVCbbXLK5XpDtu,4.083166667
Maybe,https://open.spotify.com/embed/track/7sljA9XJXVCbbXLK5XpDtu,Flood,RICEWINE,0,Night,2021,0,Maybe -- RICEWINE,Spotify Listening History 2019 - 2022.csv,Maybe,Maybe,7sljA9XJXVCbbXLK5XpDtu,5.5391
Maybe,https://open.spotify.com/embed/track/7sljA9XJXVCbbXLK5XpDtu,Flood,RICEWINE,16,Afternoon,2020,0,Maybe -- RICEWINE,Spotify Listening History 2019 - 2022.csv,Maybe,Maybe,7sljA9XJXVCbbXLK5XpDtu,3.82045
Maybe,https://open.spotify.com/embed/track/7sljA9XJXVCbbXLK5XpDtu,Flood,RICEWINE,1,Night,2020,0,Maybe -- RICEWINE,Spotify Listening History 2019 - 2022.csv,Maybe,Maybe,7sljA9XJXVCbbXLK5XpDtu,4.083166667
Maybe,https://open.spotify.com/embed/track/7sljA9XJXVCbbXLK5XpDtu,Flood,RICEWINE,11,Morning,2020,0,Maybe -- RICEWINE,Spotify Listening History 2019 - 2022.csv,Maybe,Maybe,7sljA9XJXVCbbXLK5XpDtu,4.083166667
Maybe,https://open.spotify.com/embed/track/7sljA9XJXVCbbXLK5XpDtu,Flood,RICEWINE,10,Morning,2019,0,Maybe -- RICEWINE,Spotify Listening History 2019 - 2022.csv,Maybe,Maybe,7sljA9XJXVCbbXLK5XpDtu,1.08785
Maybe,https://open.spotify.com/embed/track/7sljA9XJXVCbbXLK5XpDtu,Flood,RICEWINE,13,Afternoon,2020,0,Maybe -- RICEWINE,Spotify Listening History 2019 - 2022.csv,Maybe,Maybe,7sljA9XJXVCbbXLK5XpDtu,3.620466667
Maybe,https://open.spotify.com/embed/track/7sljA9XJXVCbbXLK5XpDtu,Flood,RICEWINE,12,Afternoon,2021,0,Maybe -- RICEWINE,Spotify Listening History 2019 - 2022.csv,Maybe,Maybe,7sljA9XJXVCbbXLK5XpDtu,1.564433333
Maybe,https://open.spotify.com/embed/track/7sljA9XJXVCbbXLK5XpDtu,Flood,RICEWINE,9,Morning,2021,0,Maybe -- RICEWINE,Spotify Listening History 2019 - 2022.csv,Maybe,Maybe,7sljA9XJXVCbbXLK5XpDtu,5.4887
Maybe,https://open.spotify.com/embed/track/7sljA9XJXVCbbXLK5XpDtu,Flood,RICEWINE,13,Afternoon,2021,0,Maybe -- RICEWINE,Spotify Listening History 2019 - 2022.csv,Maybe,Maybe,7sljA9XJXVCbbXLK5XpDtu,2.201433333
Maybe,https://open.spotify.com/embed/track/7sljA9XJXVCbbXLK5XpDtu,Flood,RICEWINE,16,Afternoon,2019,0,Maybe -- RICEWINE,Spotify Listening History 2019 - 2022.csv,Maybe,Maybe,7sljA9XJXVCbbXLK5XpDtu,3.024383333
Maybe,https://open.spotify.com/embed/track/7sljA9XJXVCbbXLK5XpDtu,Flood,RICEWINE,1,Night,2021,0,Maybe -- RICEWINE,Spotify Listening History 2019 - 2022.csv,Maybe,Maybe,7sljA9XJXVCbbXLK5XpDtu,1.565866667
Maybe,https://open.spotify.com/embed/track/7sljA9XJXVCbbXLK5XpDtu,Flood,RICEWINE,15,Afternoon,2020,0,Maybe -- RICEWINE,Spotify Listening History 2019 - 2022.csv,Maybe,Maybe,7sljA9XJXVCbbXLK5XpDtu,1.199283333
Maybe,https://open.spotify.com/embed/track/7sljA9XJXVCbbXLK5XpDtu,Flood,RICEWINE,16,Afternoon,2020,0,Maybe -- RICEWINE,Spotify Listening History 2019 - 2022.csv,Maybe,Maybe,7sljA9XJXVCbbXLK5XpDtu,4.083166667
Maybe,https://open.spotify.com/embed/track/7sljA9XJXVCbbXLK5XpDtu,Flood,RICEWINE,22,Evening,2019,0,Maybe -- RICEWINE,Spotify Listening History 2019 - 2022.csv,Maybe,Maybe,7sljA9XJXVCbbXLK5XpDtu,9.11925
Maybe,https://open.spotify.com/embed/track/7sljA9XJXVCbbXLK5XpDtu,Flood,RICEWINE,12,Afternoon,2020,0,Maybe -- RICEWINE,Spotify Listening History 2019 - 2022.csv,Maybe,Maybe,7sljA9XJXVCbbXLK5XpDtu,4.556433333
Maybe,https://open.spotify.com/embed/track/7sljA9XJXVCbbXLK5XpDtu,Flood,RICEWINE,13,Afternoon,2019,0,Maybe -- RICEWINE,Spotify Listening History 2019 - 2022.csv,Maybe,Maybe,7sljA9XJXVCbbXLK5XpDtu,1.4288
Maybe,https://open.spotify.com/embed/track/7sljA9XJXVCbbXLK5XpDtu,Flood,RICEWINE,11,Morning,2019,0,Maybe -- RICEWINE,Spotify Listening History 2019 - 2022.csv,Maybe,Maybe,7sljA9XJXVCbbXLK5XpDtu,2.130416667
Maybe,https://open.spotify.com/embed/track/7sljA9XJXVCbbXLK5XpDtu,Flood,RICEWINE,11,Morning,2019,0,Maybe -- RICEWINE,Spotify Listening History 2019 - 2022.csv,Maybe,Maybe,7sljA9XJXVCbbXLK5XpDtu,3.501566667
Maybe,https://open.spotify.com/embed/track/7sljA9XJXVCbbXLK5XpDtu,Flood,RICEWINE,1,Night,2020,0,Maybe -- RICEWINE,Spotify Listening History 2019 - 2022.csv,Maybe,Maybe,7sljA9XJXVCbbXLK5XpDtu,1.92675
Maybe,https://open.spotify.com/embed/track/7sljA9XJXVCbbXLK5XpDtu,Flood,RICEWINE,9,Morning,2022,0,Maybe -- RICEWINE,Spotify Listening History 2019 - 2022.csv,Maybe,Maybe,7sljA9XJXVCbbXLK5XpDtu,4.083166667
Maybe,https://open.spotify.com/embed/track/7sljA9XJXVCbbXLK5XpDtu,Flood,RICEWINE,13,Afternoon,2019,0,Maybe -- RICEWINE,Spotify Listening History 2019 - 2022.csv,Maybe,Maybe,7sljA9XJXVCbbXLK5XpDtu,3.726733333
Maybe,https://open.spotify.com/embed/track/7sljA9XJXVCbbXLK5XpDtu,Flood,RICEWINE,15,Afternoon,2019,0,Maybe -- RICEWINE,Spotify Listening History 2019 - 2022.csv,Maybe,Maybe,7sljA9XJXVCbbXLK5XpDtu,4.083166667
Maybe,https://open.spotify.com/embed/track/7sljA9XJXVCbbXLK5XpDtu,Flood,RICEWINE,16,Afternoon,2019,0,Maybe -- RICEWINE,Spotify Listening History 2019 - 2022.csv,Maybe,Maybe,7sljA9XJXVCbbXLK5XpDtu,4.083166667
Maybe,https://open.spotify.com/embed/track/7sljA9XJXVCbbXLK5XpDtu,Flood,RICEWINE,9,Morning,2022,0,Maybe -- RICEWINE,Spotify Listening History 2019 - 2022.csv,Maybe,Maybe,7sljA9XJXVCbbXLK5XpDtu,4.083166667
Maybe,https://open.spotify.com/embed/track/7sljA9XJXVCbbXLK5XpDtu,Flood,RICEWINE,20,Evening,2020,0,Maybe -- RICEWINE,Spotify Listening History 2019 - 2022.csv,Maybe,Maybe,7sljA9XJXVCbbXLK5XpDtu,1.326683333
Maybe,https://open.spotify.com/embed/track/7sljA9XJXVCbbXLK5XpDtu,Flood,RICEWINE,21,Evening,2019,0,Maybe -- RICEWINE,Spotify Listening History 2019 - 2022.csv,Maybe,Maybe,7sljA9XJXVCbbXLK5XpDtu,4.083166667
Maybe,https://open.spotify.com/embed/track/7sljA9XJXVCbbXLK5XpDtu,Flood,RICEWINE,17,Afternoon,2020,0,Maybe -- RICEWINE,Spotify Listening History 2019 - 2022.csv,Maybe,Maybe,7sljA9XJXVCbbXLK5XpDtu,4.083166667
Maybe,https://open.spotify.com/embed/track/7sljA9XJXVCbbXLK5XpDtu,Flood,RICEWINE,0,Night,2019,0,Maybe -- RICEWINE,Spotify Listening History 2019 - 2022.csv,Maybe,Maybe,7sljA9XJXVCbbXLK5XpDtu,2.5301
Maybe,https://open.spotify.com/embed/track/7sljA9XJXVCbbXLK5XpDtu,Flood,RICEWINE,14,Afternoon,2020,0,Maybe -- RICEWINE,Spotify Listening History 2019 - 2022.csv,Maybe,Maybe,7sljA9XJXVCbbXLK5XpDtu,4.083166667
Maybe,https://open.spotify.com/embed/track/7sljA9XJXVCbbXLK5XpDtu,Flood,RICEWINE,14,Afternoon,2020,0,Maybe -- RICEWINE,Spotify Listening History 2019 - 2022.csv,Maybe,Maybe,7sljA9XJXVCbbXLK5XpDtu,4.083166667
Maybe,https://open.spotify.com/embed/track/7sljA9XJXVCbbXLK5XpDtu,Flood,RICEWINE,10,Morning,2021,0,Maybe -- RICEWINE,Spotify Listening History 2019 - 2022.csv,Maybe,Maybe,7sljA9XJXVCbbXLK5XpDtu,3.736516667
Maybe,https://open.spotify.com/embed/track/7sljA9XJXVCbbXLK5XpDtu,Flood,RICEWINE,9,Morning,2021,0,Maybe -- RICEWINE,Spotify Listening History 2019 - 2022.csv,Maybe,Maybe,7sljA9XJXVCbbXLK5XpDtu,2.656133333
Maybe,https://open.spotify.com/embed/track/7sljA9XJXVCbbXLK5XpDtu,Flood,RICEWINE,12,Afternoon,2020,0,Maybe -- RICEWINE,Spotify Listening History 2019 - 2022.csv,Maybe,Maybe,7sljA9XJXVCbbXLK5XpDtu,1.432483333
Maybe,https://open.spotify.com/embed/track/7sljA9XJXVCbbXLK5XpDtu,Flood,RICEWINE,14,Afternoon,2022,0,Maybe -- RICEWINE,Spotify Listening History 2019 - 2022.csv,Maybe,Maybe,7sljA9XJXVCbbXLK5XpDtu,4.083166667
Maybe,https://open.spotify.com/embed/track/7sljA9XJXVCbbXLK5XpDtu,Flood,RICEWINE,10,Morning,2020,0,Maybe -- RICEWINE,Spotify Listening History 2019 - 2022.csv,Maybe,Maybe,7sljA9XJXVCbbXLK5XpDtu,1.851366667
Maybe,https://open.spotify.com/embed/track/7sljA9XJXVCbbXLK5XpDtu,Flood,RICEWINE,19,Evening,2022,0,Maybe -- RICEWINE,Spotify Listening History 2019 - 2022.csv,Maybe,Maybe,7sljA9XJXVCbbXLK5XpDtu,4.083166667
Maybe,https://open.spotify.com/embed/track/7sljA9XJXVCbbXLK5XpDtu,Flood,RICEWINE,23,Evening,2020,0,Maybe -- RICEWINE,Spotify Listening History 2019 - 2022.csv,Maybe,Maybe,7sljA9XJXVCbbXLK5XpDtu,4.083166667
Maybe,https://open.spotify.com/embed/track/7sljA9XJXVCbbXLK5XpDtu,Flood,RICEWINE,16,Afternoon,2019,0,Maybe -- RICEWINE,Spotify Listening History 2019 - 2022.csv,Maybe,Maybe,7sljA9XJXVCbbXLK5XpDtu,4.083166667
Maybe,https://open.spotify.com/embed/track/7sljA9XJXVCbbXLK5XpDtu,Flood,RICEWINE,5,Night,2020,0,Maybe -- RICEWINE,Spotify Listening History 2019 - 2022.csv,Maybe,Maybe,7sljA9XJXVCbbXLK5XpDtu,3.764766667
Maybe,https://open.spotify.com/embed/track/7sljA9XJXVCbbXLK5XpDtu,Flood,RICEWINE,15,Afternoon,2020,0,Maybe -- RICEWINE,Spotify Listening History 2019 - 2022.csv,Maybe,Maybe,7sljA9XJXVCbbXLK5XpDtu,4.083166667
Maybe,https://open.spotify.com/embed/track/7sljA9XJXVCbbXLK5XpDtu,Flood,RICEWINE,0,Night,2020,0,Maybe -- RICEWINE,Spotify Listening History 2019 - 2022.csv,Maybe,Maybe,7sljA9XJXVCbbXLK5XpDtu,4.083166667
Maybe,https://open.spotify.com/embed/track/7sljA9XJXVCbbXLK5XpDtu,Flood,RICEWINE,1,Night,2020,0,Maybe -- RICEWINE,Spotify Listening History 2019 - 2022.csv,Maybe,Maybe,7sljA9XJXVCbbXLK5XpDtu,4.083166667
Maybe,https://open.spotify.com/embed/track/7sljA9XJXVCbbXLK5XpDtu,Flood,RICEWINE,20,Evening,2019,0,Maybe -- RICEWINE,Spotify Listening History 2019 - 2022.csv,Maybe,Maybe,7sljA9XJXVCbbXLK5XpDtu,1.40015
Maybe,https://open.spotify.com/embed/track/7sljA9XJXVCbbXLK5XpDtu,Flood,RICEWINE,10,Morning,2019,0,Maybe -- RICEWINE,Spotify Listening History 2019 - 2022.csv,Maybe,Maybe,7sljA9XJXVCbbXLK5XpDtu,3.856833333
Maybe,https://open.spotify.com/embed/track/7sljA9XJXVCbbXLK5XpDtu,Flood,RICEWINE,10,Morning,2021,0,Maybe -- RICEWINE,Spotify Listening History 2019 - 2022.csv,Maybe,Maybe,7sljA9XJXVCbbXLK5XpDtu,3.0031
Maybe,https://open.spotify.com/embed/track/7sljA9XJXVCbbXLK5XpDtu,Flood,RICEWINE,9,Morning,2020,0,Maybe -- RICEWINE,Spotify Listening History 2019 - 2022.csv,Maybe,Maybe,7sljA9XJXVCbbXLK5XpDtu,4.083166667
Maybe,https://open.spotify.com/embed/track/7sljA9XJXVCbbXLK5XpDtu,Flood,RICEWINE,22,Evening,2020,0,Maybe -- RICEWINE,Spotify Listening History 2019 - 2022.csv,Maybe,Maybe,7sljA9XJXVCbbXLK5XpDtu,4.083166667
Maybe,https://open.spotify.com/embed/track/7sljA9XJXVCbbXLK5XpDtu,Flood,RICEWINE,9,Morning,2021,0,Maybe -- RICEWINE,Spotify Listening History 2019 - 2022.csv,Maybe,Maybe,7sljA9XJXVCbbXLK5XpDtu,4.083166667
Maybe,https://open.spotify.com/embed/track/7sljA9XJXVCbbXLK5XpDtu,Flood,RICEWINE,11,Morning,2019,0,Maybe -- RICEWINE,Spotify Listening History 2019 - 2022.csv,Maybe,Maybe,7sljA9XJXVCbbXLK5XpDtu,4.083166667
Maybe,https://open.spotify.com/embed/track/7sljA9XJXVCbbXLK5XpDtu,Flood,RICEWINE,12,Afternoon,2020,0,Maybe -- RICEWINE,Spotify Listening History 2019 - 2022.csv,Maybe,Maybe,7sljA9XJXVCbbXLK5XpDtu,4.571283333
Maybe,https://open.spotify.com/embed/track/7sljA9XJXVCbbXLK5XpDtu,Flood,RICEWINE,20,Evening,2019,0,Maybe -- RICEWINE,Spotify Listening History 2019 - 2022.csv,Maybe,Maybe,7sljA9XJXVCbbXLK5XpDtu,3.4377
Maybe,https://open.spotify.com/embed/track/7sljA9XJXVCbbXLK5XpDtu,Flood,RICEWINE,23,Evening,2021,0,Maybe -- RICEWINE,Spotify Listening History 2019 - 2022.csv,Maybe,Maybe,7sljA9XJXVCbbXLK5XpDtu,4.083166667
Maybe,https://open.spotify.com/embed/track/7sljA9XJXVCbbXLK5XpDtu,Flood,RICEWINE,14,Afternoon,2022,0,Maybe -- RICEWINE,Spotify Listening History 2019 - 2022.csv,Maybe,Maybe,7sljA9XJXVCbbXLK5XpDtu,4.083166667
Maybe,https://open.spotify.com/embed/track/7sljA9XJXVCbbXLK5XpDtu,Flood,RICEWINE,0,Night,2022,0,Maybe -- RICEWINE,Spotify Listening History 2019 - 2022.csv,Maybe,Maybe,7sljA9XJXVCbbXLK5XpDtu,4.083166667
Maybe,https://open.spotify.com/embed/track/7sljA9XJXVCbbXLK5XpDtu,Flood,RICEWINE,16,Afternoon,2020,0,Maybe -- RICEWINE,Spotify Listening History 2019 - 2022.csv,Maybe,Maybe,7sljA9XJXVCbbXLK5XpDtu,4.083166667
Maybe,https://open.spotify.com/embed/track/7sljA9XJXVCbbXLK5XpDtu,Flood,RICEWINE,7,Morning,2019,0,Maybe -- RICEWINE,Spotify Listening History 2019 - 2022.csv,Maybe,Maybe,7sljA9XJXVCbbXLK5XpDtu,4.083166667
Maybe,https://open.spotify.com/embed/track/7sljA9XJXVCbbXLK5XpDtu,Flood,RICEWINE,14,Afternoon,2020,0,Maybe -- RICEWINE,Spotify Listening History 2019 - 2022.csv,Maybe,Maybe,7sljA9XJXVCbbXLK5XpDtu,4.083166667
Maybe,https://open.spotify.com/embed/track/7sljA9XJXVCbbXLK5XpDtu,Flood,RICEWINE,23,Evening,2019,0,Maybe -- RICEWINE,Spotify Listening History 2019 - 2022.csv,Maybe,Maybe,7sljA9XJXVCbbXLK5XpDtu,4.083166667
Maybe,https://open.spotify.com/embed/track/7sljA9XJXVCbbXLK5XpDtu,Flood,RICEWINE,18,Evening,2021,0,Maybe -- RICEWINE,Spotify Listening History 2019 - 2022.csv,Maybe,Maybe,7sljA9XJXVCbbXLK5XpDtu,4.083166667
Maybe,https://open.spotify.com/embed/track/7sljA9XJXVCbbXLK5XpDtu,Flood,RICEWINE,13,Afternoon,2019,0,Maybe -- RICEWINE,Spotify Listening History 2019 - 2022.csv,Maybe,Maybe,7sljA9XJXVCbbXLK5XpDtu,4.083166667
Maybe,https://open.spotify.com/embed/track/7sljA9XJXVCbbXLK5XpDtu,Flood,RICEWINE,13,Afternoon,2022,0,Maybe -- RICEWINE,Spotify Listening History 2019 - 2022.csv,Maybe,Maybe,7sljA9XJXVCbbXLK5XpDtu,4.083166667
Maybe,https://open.spotify.com/embed/track/7sljA9XJXVCbbXLK5XpDtu,Flood,RICEWINE,0,Night,2019,0,Maybe -- RICEWINE,Spotify Listening History 2019 - 2022.csv,Maybe,Maybe,7sljA9XJXVCbbXLK5XpDtu,4.083166667
Maybe,https://open.spotify.com/embed/track/7sljA9XJXVCbbXLK5XpDtu,Flood,RICEWINE,20,Evening,2019,0,Maybe -- RICEWINE,Spotify Listening History 2019 - 2022.csv,Maybe,Maybe,7sljA9XJXVCbbXLK5XpDtu,4.083166667
Maybe,https://open.spotify.com/embed/track/7sljA9XJXVCbbXLK5XpDtu,Flood,RICEWINE,11,Morning,2019,0,Maybe -- RICEWINE,Spotify Listening History 2019 - 2022.csv,Maybe,Maybe,7sljA9XJXVCbbXLK5XpDtu,5.60955
Maybe,https://open.spotify.com/embed/track/7sljA9XJXVCbbXLK5XpDtu,Flood,RICEWINE,23,Evening,2021,0,Maybe -- RICEWINE,Spotify Listening History 2019 - 2022.csv,Maybe,Maybe,7sljA9XJXVCbbXLK5XpDtu,4.083166667
Maybe,https://open.spotify.com/embed/track/7sljA9XJXVCbbXLK5XpDtu,Flood,RICEWINE,23,Evening,2022,0,Maybe -- RICEWINE,Spotify Listening History 2019 - 2022.csv,Maybe,Maybe,7sljA9XJXVCbbXLK5XpDtu,4.083166667
Maybe,https://open.spotify.com/embed/track/7sljA9XJXVCbbXLK5XpDtu,Flood,RICEWINE,8,Morning,2022,0,Maybe -- RICEWINE,Spotify Listening History 2019 - 2022.csv,Maybe,Maybe,7sljA9XJXVCbbXLK5XpDtu,4.083166667
Maybe,https://open.spotify.com/embed/track/7sljA9XJXVCbbXLK5XpDtu,Flood,RICEWINE,16,Afternoon,2020,0,Maybe -- RICEWINE,Spotify Listening History 2019 - 2022.csv,Maybe,Maybe,7sljA9XJXVCbbXLK5XpDtu,4.083166667
Maybe,https://open.spotify.com/embed/track/7sljA9XJXVCbbXLK5XpDtu,Flood,RICEWINE,18,Evening,2019,0,Maybe -- RICEWINE,Spotify Listening History 2019 - 2022.csv,Maybe,Maybe,7sljA9XJXVCbbXLK5XpDtu,4.083166667
Maybe,https://open.spotify.com/embed/track/7sljA9XJXVCbbXLK5XpDtu,Flood,RICEWINE,0,Night,2022,0,Maybe -- RICEWINE,Spotify Listening History 2019 - 2022.csv,Maybe,Maybe,7sljA9XJXVCbbXLK5XpDtu,4.083166667
Maybe,https://open.spotify.com/embed/track/7sljA9XJXVCbbXLK5XpDtu,Flood,RICEWINE,2,Night,2020,0,Maybe -- RICEWINE,Spotify Listening History 2019 - 2022.csv,Maybe,Maybe,7sljA9XJXVCbbXLK5XpDtu,4.083166667
Maybe,https://open.spotify.com/embed/track/7sljA9XJXVCbbXLK5XpDtu,Flood,RICEWINE,11,Morning,2020,0,Maybe -- RICEWINE,Spotify Listening History 2019 - 2022.csv,Maybe,Maybe,7sljA9XJXVCbbXLK5XpDtu,3.811816667
Maybe,https://open.spotify.com/embed/track/7sljA9XJXVCbbXLK5XpDtu,Flood,RICEWINE,19,Evening,2020,0,Maybe -- RICEWINE,Spotify Listening History 2019 - 2022.csv,Maybe,Maybe,7sljA9XJXVCbbXLK5XpDtu,8.098583333
Maybe,https://open.spotify.com/embed/track/7sljA9XJXVCbbXLK5XpDtu,Flood,RICEWINE,1,Night,2022,0,Maybe -- RICEWINE,Spotify Listening History 2019 - 2022.csv,Maybe,Maybe,7sljA9XJXVCbbXLK5XpDtu,4.083166667
Maybe,https://open.spotify.com/embed/track/7sljA9XJXVCbbXLK5XpDtu,Flood,RICEWINE,0,Night,2019,0,Maybe -- RICEWINE,Spotify Listening History 2019 - 2022.csv,Maybe,Maybe,7sljA9XJXVCbbXLK5XpDtu,2.7504
Maybe,https://open.spotify.com/embed/track/7sljA9XJXVCbbXLK5XpDtu,Flood,RICEWINE,5,Night,2020,0,Maybe -- RICEWINE,Spotify Listening History 2019 - 2022.csv,Maybe,Maybe,7sljA9XJXVCbbXLK5XpDtu,6.6705
Maybe,https://open.spotify.com/embed/track/7sljA9XJXVCbbXLK5XpDtu,Flood,RICEWINE,13,Afternoon,2021,0,Maybe -- RICEWINE,Spotify Listening History 2019 - 2022.csv,Maybe,Maybe,7sljA9XJXVCbbXLK5XpDtu,4.083166667
Maybe,https://open.spotify.com/embed/track/7sljA9XJXVCbbXLK5XpDtu,Flood,RICEWINE,0,Night,2020,0,Maybe -- RICEWINE,Spotify Listening History 2019 - 2022.csv,Maybe,Maybe,7sljA9XJXVCbbXLK5XpDtu,4.083166667
Maybe,https://open.spotify.com/embed/track/7sljA9XJXVCbbXLK5XpDtu,Flood,RICEWINE,0,Night,2020,0,Maybe -- RICEWINE,Spotify Listening History 2019 - 2022.csv,Maybe,Maybe,7sljA9XJXVCbbXLK5XpDtu,4.083166667
Maybe,https://open.spotify.com/embed/track/7sljA9XJXVCbbXLK5XpDtu,Flood,RICEWINE,20,Evening,2020,0,Maybe -- RICEWINE,Spotify Listening History 2019 - 2022.csv,Maybe,Maybe,7sljA9XJXVCbbXLK5XpDtu,4.03295
Maybe,https://open.spotify.com/embed/track/7sljA9XJXVCbbXLK5XpDtu,Flood,RICEWINE,23,Evening,2022,0,Maybe -- RICEWINE,Spotify Listening History 2019 - 2022.csv,Maybe,Maybe,7sljA9XJXVCbbXLK5XpDtu,4.083166667
Maybe,https://open.spotify.com/embed/track/7sljA9XJXVCbbXLK5XpDtu,Flood,RICEWINE,22,Evening,2022,0,Maybe -- RICEWINE,Spotify Listening History 2019 - 2022.csv,Maybe,Maybe,7sljA9XJXVCbbXLK5XpDtu,4.083166667
Maybe,https://open.spotify.com/embed/track/7sljA9XJXVCbbXLK5XpDtu,Flood,RICEWINE,14,Afternoon,2021,0,Maybe -- RICEWINE,Spotify Listening History 2019 - 2022.csv,Maybe,Maybe,7sljA9XJXVCbbXLK5XpDtu,1.57915
Maybe,https://open.spotify.com/embed/track/7sljA9XJXVCbbXLK5XpDtu,Flood,RICEWINE,9,Morning,2022,0,Maybe -- RICEWINE,Spotify Listening History 2019 - 2022.csv,Maybe,Maybe,7sljA9XJXVCbbXLK5XpDtu,1.779533333
Maybe,https://open.spotify.com/embed/track/7sljA9XJXVCbbXLK5XpDtu,Flood,RICEWINE,23,Evening,2022,0,Maybe -- RICEWINE,Spotify Listening History 2019 - 2022.csv,Maybe,Maybe,7sljA9XJXVCbbXLK5XpDtu,4.083166667
Maybe,https://open.spotify.com/embed/track/7sljA9XJXVCbbXLK5XpDtu,Flood,RICEWINE,1,Night,2021,0,Maybe -- RICEWINE,Spotify Listening History 2019 - 2022.csv,Maybe,Maybe,7sljA9XJXVCbbXLK5XpDtu,4.083166667
Maybe,https://open.spotify.com/embed/track/7sljA9XJXVCbbXLK5XpDtu,Flood,RICEWINE,0,Night,2021,0,Maybe -- RICEWINE,Spotify Listening History 2019 - 2022.csv,Maybe,Maybe,7sljA9XJXVCbbXLK5XpDtu,4.083166667
Maybe,https://open.spotify.com/embed/track/7sljA9XJXVCbbXLK5XpDtu,Flood,RICEWINE,0,Night,2021,0,Maybe -- RICEWINE,Spotify Listening History 2019 - 2022.csv,Maybe,Maybe,7sljA9XJXVCbbXLK5XpDtu,4.083166667
Maybe,https://open.spotify.com/embed/track/7sljA9XJXVCbbXLK5XpDtu,Flood,RICEWINE,12,Afternoon,2019,0,Maybe -- RICEWINE,Spotify Listening History 2019 - 2022.csv,Maybe,Maybe,7sljA9XJXVCbbXLK5XpDtu,4.083166667
Maybe,https://open.spotify.com/embed/track/7sljA9XJXVCbbXLK5XpDtu,Flood,RICEWINE,11,Morning,2022,0,Maybe -- RICEWINE,Spotify Listening History 2019 - 2022.csv,Maybe,Maybe,7sljA9XJXVCbbXLK5XpDtu,4.083166667
Maybe,https://open.spotify.com/embed/track/7sljA9XJXVCbbXLK5XpDtu,Flood,RICEWINE,17,Afternoon,2019,0,Maybe -- RICEWINE,Spotify Listening History 2019 - 2022.csv,Maybe,Maybe,7sljA9XJXVCbbXLK5XpDtu,4.083166667
Maybe,https://open.spotify.com/embed/track/7sljA9XJXVCbbXLK5XpDtu,Flood,RICEWINE,0,Night,2022,0,Maybe -- RICEWINE,Spotify Listening History 2019 - 2022.csv,Maybe,Maybe,7sljA9XJXVCbbXLK5XpDtu,4.083166667
Maybe,https://open.spotify.com/embed/track/7sljA9XJXVCbbXLK5XpDtu,Flood,RICEWINE,18,Evening,2021,0,Maybe -- RICEWINE,Spotify Listening History 2019 - 2022.csv,Maybe,Maybe,7sljA9XJXVCbbXLK5XpDtu,4.083166667
Maybe,https://open.spotify.com/embed/track/7sljA9XJXVCbbXLK5XpDtu,Flood,RICEWINE,23,Evening,2022,0,Maybe -- RICEWINE,Spotify Listening History 2019 - 2022.csv,Maybe,Maybe,7sljA9XJXVCbbXLK5XpDtu,4.083166667
Maybe,https://open.spotify.com/embed/track/7sljA9XJXVCbbXLK5XpDtu,Flood,RICEWINE,21,Evening,2019,0,Maybe -- RICEWINE,Spotify Listening History 2019 - 2022.csv,Maybe,Maybe,7sljA9XJXVCbbXLK5XpDtu,1.821233333
Maybe,https://open.spotify.com/embed/track/7sljA9XJXVCbbXLK5XpDtu,Flood,RICEWINE,23,Evening,2020,0,Maybe -- RICEWINE,Spotify Listening History 2019 - 2022.csv,Maybe,Maybe,7sljA9XJXVCbbXLK5XpDtu,4.083166667
Maybe,https://open.spotify.com/embed/track/7sljA9XJXVCbbXLK5XpDtu,Flood,RICEWINE,20,Evening,2019,0,Maybe -- RICEWINE,Spotify Listening History 2019 - 2022.csv,Maybe,Maybe,7sljA9XJXVCbbXLK5XpDtu,4.083166667
Maybe,https://open.spotify.com/embed/track/7sljA9XJXVCbbXLK5XpDtu,Flood,RICEWINE,13,Afternoon,2019,0,Maybe -- RICEWINE,Spotify Listening History 2019 - 2022.csv,Maybe,Maybe,7sljA9XJXVCbbXLK5XpDtu,2.300116667
Maybe,https://open.spotify.com/embed/track/7sljA9XJXVCbbXLK5XpDtu,Flood,RICEWINE,9,Morning,2019,0,Maybe -- RICEWINE,Spotify Listening History 2019 - 2022.csv,Maybe,Maybe,7sljA9XJXVCbbXLK5XpDtu,2.724466667
Maybe,https://open.spotify.com/embed/track/7sljA9XJXVCbbXLK5XpDtu,Flood,RICEWINE,16,Afternoon,2019,0,Maybe -- RICEWINE,Spotify Listening History 2019 - 2022.csv,Maybe,Maybe,7sljA9XJXVCbbXLK5XpDtu,3.551483333
Maybe,https://open.spotify.com/embed/track/7sljA9XJXVCbbXLK5XpDtu,Flood,RICEWINE,17,Afternoon,2019,0,Maybe -- RICEWINE,Spotify Listening History 2019 - 2022.csv,Maybe,Maybe,7sljA9XJXVCbbXLK5XpDtu,4.083166667
Maybe,https://open.spotify.com/embed/track/7sljA9XJXVCbbXLK5XpDtu,Flood,RICEWINE,0,Night,2019,0,Maybe -- RICEWINE,Spotify Listening History 2019 - 2022.csv,Maybe,Maybe,7sljA9XJXVCbbXLK5XpDtu,4.083166667
Maybe,https://open.spotify.com/embed/track/7sljA9XJXVCbbXLK5XpDtu,Flood,RICEWINE,22,Evening,2022,0,Maybe -- RICEWINE,Spotify Listening History 2019 - 2022.csv,Maybe,Maybe,7sljA9XJXVCbbXLK5XpDtu,3.181933333
Maybe,https://open.spotify.com/embed/track/7sljA9XJXVCbbXLK5XpDtu,Flood,RICEWINE,13,Afternoon,2020,0,Maybe -- RICEWINE,Spotify Listening History 2019 - 2022.csv,Maybe,Maybe,7sljA9XJXVCbbXLK5XpDtu,4.083166667
Maybe,https://open.spotify.com/embed/track/7sljA9XJXVCbbXLK5XpDtu,Flood,RICEWINE,10,Morning,2020,0,Maybe -- RICEWINE,Spotify Listening History 2019 - 2022.csv,Maybe,Maybe,7sljA9XJXVCbbXLK5XpDtu,2.232516667
Maybe,https://open.spotify.com/embed/track/7sljA9XJXVCbbXLK5XpDtu,Flood,RICEWINE,15,Afternoon,2019,0,Maybe -- RICEWINE,Spotify Listening History 2019 - 2022.csv,Maybe,Maybe,7sljA9XJXVCbbXLK5XpDtu,4.083166667
Maybe,https://open.spotify.com/embed/track/7sljA9XJXVCbbXLK5XpDtu,Flood,RICEWINE,20,Evening,2019,0,Maybe -- RICEWINE,Spotify Listening History 2019 - 2022.csv,Maybe,Maybe,7sljA9XJXVCbbXLK5XpDtu,4.083166667
Maybe,https://open.spotify.com/embed/track/7sljA9XJXVCbbXLK5XpDtu,Flood,RICEWINE,13,Afternoon,2019,0,Maybe -- RICEWINE,Spotify Listening History 2019 - 2022.csv,Maybe,Maybe,7sljA9XJXVCbbXLK5XpDtu,4.083166667
Maybe,https://open.spotify.com/embed/track/7sljA9XJXVCbbXLK5XpDtu,Flood,RICEWINE,19,Evening,2021,0,Maybe -- RICEWINE,Spotify Listening History 2019 - 2022.csv,Maybe,Maybe,7sljA9XJXVCbbXLK5XpDtu,4.083166667
Maybe,https://open.spotify.com/embed/track/7sljA9XJXVCbbXLK5XpDtu,Flood,RICEWINE,11,Morning,2020,0,Maybe -- RICEWINE,Spotify Listening History 2019 - 2022.csv,Maybe,Maybe,7sljA9XJXVCbbXLK5XpDtu,5.8791
Maybe,https://open.spotify.com/embed/track/7sljA9XJXVCbbXLK5XpDtu,Flood,RICEWINE,20,Evening,2020,0,Maybe -- RICEWINE,Spotify Listening History 2019 - 2022.csv,Maybe,Maybe,7sljA9XJXVCbbXLK5XpDtu,4.083166667
Maybe,https://open.spotify.com/embed/track/7sljA9XJXVCbbXLK5XpDtu,Flood,RICEWINE,18,Evening,2019,0,Maybe -- RICEWINE,Spotify Listening History 2019 - 2022.csv,Maybe,Maybe,7sljA9XJXVCbbXLK5XpDtu,3.541033333
Maybe,https://open.spotify.com/embed/track/7sljA9XJXVCbbXLK5XpDtu,Flood,RICEWINE,16,Afternoon,2019,0,Maybe -- RICEWINE,Spotify Listening History 2019 - 2022.csv,Maybe,Maybe,7sljA9XJXVCbbXLK5XpDtu,3.947016667
Maybe,https://open.spotify.com/embed/track/7sljA9XJXVCbbXLK5XpDtu,Flood,RICEWINE,20,Evening,2022,0,Maybe -- RICEWINE,Spotify Listening History 2019 - 2022.csv,Maybe,Maybe,7sljA9XJXVCbbXLK5XpDtu,2.032833333
Maybe,https://open.spotify.com/embed/track/7sljA9XJXVCbbXLK5XpDtu,Flood,RICEWINE,10,Morning,2022,0,Maybe -- RICEWINE,Spotify Listening History 2019 - 2022.csv,Maybe,Maybe,7sljA9XJXVCbbXLK5XpDtu,4.083166667
Maybe,https://open.spotify.com/embed/track/7sljA9XJXVCbbXLK5XpDtu,Flood,RICEWINE,12,Afternoon,2019,0,Maybe -- RICEWINE,Spotify Listening History 2019 - 2022.csv,Maybe,Maybe,7sljA9XJXVCbbXLK5XpDtu,3.47815
Maybe,https://open.spotify.com/embed/track/7sljA9XJXVCbbXLK5XpDtu,Flood,RICEWINE,11,Morning,2019,0,Maybe -- RICEWINE,Spotify Listening History 2019 - 2022.csv,Maybe,Maybe,7sljA9XJXVCbbXLK5XpDtu,4.083166667
Maybe,https://open.spotify.com/embed/track/7sljA9XJXVCbbXLK5XpDtu,Flood,RICEWINE,23,Evening,2022,0,Maybe -- RICEWINE,Spotify Listening History 2019 - 2022.csv,Maybe,Maybe,7sljA9XJXVCbbXLK5XpDtu,4.083166667
Maybe,https://open.spotify.com/embed/track/7sljA9XJXVCbbXLK5XpDtu,Flood,RICEWINE,17,Afternoon,2022,0,Maybe -- RICEWINE,Spotify Listening History 2019 - 2022.csv,Maybe,Maybe,7sljA9XJXVCbbXLK5XpDtu,4.083166667
Maybe,https://open.spotify.com/embed/track/7sljA9XJXVCbbXLK5XpDtu,Flood,RICEWINE,23,Evening,2019,0,Maybe -- RICEWINE,Spotify Listening History 2019 - 2022.csv,Maybe,Maybe,7sljA9XJXVCbbXLK5XpDtu,4.083166667
Maybe,https://open.spotify.com/embed/track/7sljA9XJXVCbbXLK5XpDtu,Flood,RICEWINE,8,Morning,2022,0,Maybe -- RICEWINE,Spotify Listening History 2019 - 2022.csv,Maybe,Maybe,7sljA9XJXVCbbXLK5XpDtu,2.4725
Maybe,https://open.spotify.com/embed/track/7sljA9XJXVCbbXLK5XpDtu,Flood,RICEWINE,23,Evening,2019,0,Maybe -- RICEWINE,Spotify Listening History 2019 - 2022.csv,Maybe,Maybe,7sljA9XJXVCbbXLK5XpDtu,4.083166667
Maybe,https://open.spotify.com/embed/track/7sljA9XJXVCbbXLK5XpDtu,Flood,RICEWINE,23,Evening,2019,0,Maybe -- RICEWINE,Spotify Listening History 2019 - 2022.csv,Maybe,Maybe,7sljA9XJXVCbbXLK5XpDtu,4.083166667
Maybe,https://open.spotify.com/embed/track/7sljA9XJXVCbbXLK5XpDtu,Flood,RICEWINE,15,Afternoon,2022,0,Maybe -- RICEWINE,Spotify Listening History 2019 - 2022.csv,Maybe,Maybe,7sljA9XJXVCbbXLK5XpDtu,4.083166667
Maybe,https://open.spotify.com/embed/track/7sljA9XJXVCbbXLK5XpDtu,Flood,RICEWINE,0,Night,2019,0,Maybe -- RICEWINE,Spotify Listening History 2019 - 2022.csv,Maybe,Maybe,7sljA9XJXVCbbXLK5XpDtu,2.95125
Maybe,https://open.spotify.com/embed/track/7sljA9XJXVCbbXLK5XpDtu,Flood,RICEWINE,16,Afternoon,2019,0,Maybe -- RICEWINE,Spotify Listening History 2019 - 2022.csv,Maybe,Maybe,7sljA9XJXVCbbXLK5XpDtu,1.61765
Maybe,https://open.spotify.com/embed/track/7sljA9XJXVCbbXLK5XpDtu,Flood,RICEWINE,14,Afternoon,2019,0,Maybe -- RICEWINE,Spotify Listening History 2019 - 2022.csv,Maybe,Maybe,7sljA9XJXVCbbXLK5XpDtu,4.083166667
Maybe,https://open.spotify.com/embed/track/7sljA9XJXVCbbXLK5XpDtu,Flood,RICEWINE,23,Evening,2019,0,Maybe -- RICEWINE,Spotify Listening History 2019 - 2022.csv,Maybe,Maybe,7sljA9XJXVCbbXLK5XpDtu,4.083166667
Maybe,https://open.spotify.com/embed/track/7sljA9XJXVCbbXLK5XpDtu,Flood,RICEWINE,20,Evening,2019,0,Maybe -- RICEWINE,Spotify Listening History 2019 - 2022.csv,Maybe,Maybe,7sljA9XJXVCbbXLK5XpDtu,3.599416667
Maybe,https://open.spotify.com/embed/track/7sljA9XJXVCbbXLK5XpDtu,Flood,RICEWINE,16,Afternoon,2019,0,Maybe -- RICEWINE,Spotify Listening History 2019 - 2022.csv,Maybe,Maybe,7sljA9XJXVCbbXLK5XpDtu,1.355466667
Maybe,https://open.spotify.com/embed/track/7sljA9XJXVCbbXLK5XpDtu,Flood,RICEWINE,12,Afternoon,2022,0,Maybe -- RICEWINE,Spotify Listening History 2019 - 2022.csv,Maybe,Maybe,7sljA9XJXVCbbXLK5XpDtu,2.857716667
Maybe,https://open.spotify.com/embed/track/7sljA9XJXVCbbXLK5XpDtu,Flood,RICEWINE,23,Evening,2022,0,Maybe -- RICEWINE,Spotify Listening History 2019 - 2022.csv,Maybe,Maybe,7sljA9XJXVCbbXLK5XpDtu,1.081083333
Maybe,https://open.spotify.com/embed/track/7sljA9XJXVCbbXLK5XpDtu,Flood,RICEWINE,9,Morning,2021,0,Maybe -- RICEWINE,Spotify Listening History 2019 - 2022.csv,Maybe,Maybe,7sljA9XJXVCbbXLK5XpDtu,2.1396
Maybe,https://open.spotify.com/embed/track/7sljA9XJXVCbbXLK5XpDtu,Flood,RICEWINE,9,Morning,2022,0,Maybe -- RICEWINE,Spotify Listening History 2019 - 2022.csv,Maybe,Maybe,7sljA9XJXVCbbXLK5XpDtu,1.23495
Maybe,https://open.spotify.com/embed/track/7sljA9XJXVCbbXLK5XpDtu,Flood,RICEWINE,14,Afternoon,2019,0,Maybe -- RICEWINE,Spotify Listening History 2019 - 2022.csv,Maybe,Maybe,7sljA9XJXVCbbXLK5XpDtu,4.083166667
Maybe,https://open.spotify.com/embed/track/7sljA9XJXVCbbXLK5XpDtu,Flood,RICEWINE,9,Morning,2021,0,Maybe -- RICEWINE,Spotify Listening History 2019 - 2022.csv,Maybe,Maybe,7sljA9XJXVCbbXLK5XpDtu,2.092016667
Maybe,https://open.spotify.com/embed/track/7sljA9XJXVCbbXLK5XpDtu,Flood,RICEWINE,1,Night,2022,0,Maybe -- RICEWINE,Spotify Listening History 2019 - 2022.csv,Maybe,Maybe,7sljA9XJXVCbbXLK5XpDtu,4.083166667
Maybe,https://open.spotify.com/embed/track/7sljA9XJXVCbbXLK5XpDtu,Flood,RICEWINE,0,Night,2022,0,Maybe -- RICEWINE,Spotify Listening History 2019 - 2022.csv,Maybe,Maybe,7sljA9XJXVCbbXLK5XpDtu,4.083166667
Maybe,https://open.spotify.com/embed/track/7sljA9XJXVCbbXLK5XpDtu,Flood,RICEWINE,12,Afternoon,2021,0,Maybe -- RICEWINE,Spotify Listening History 2019 - 2022.csv,Maybe,Maybe,7sljA9XJXVCbbXLK5XpDtu,2.553266667
Maybe,https://open.spotify.com/embed/track/7sljA9XJXVCbbXLK5XpDtu,Flood,RICEWINE,12,Afternoon,2019,0,Maybe -- RICEWINE,Spotify Listening History 2019 - 2022.csv,Maybe,Maybe,7sljA9XJXVCbbXLK5XpDtu,4.083166667
Maybe,https://open.spotify.com/embed/track/7sljA9XJXVCbbXLK5XpDtu,Flood,RICEWINE,11,Morning,2019,0,Maybe -- RICEWINE,Spotify Listening History 2019 - 2022.csv,Maybe,Maybe,7sljA9XJXVCbbXLK5XpDtu,4.083166667
Maybe,https://open.spotify.com/embed/track/7sljA9XJXVCbbXLK5XpDtu,Flood,RICEWINE,20,Evening,2022,0,Maybe -- RICEWINE,Spotify Listening History 2019 - 2022.csv,Maybe,Maybe,7sljA9XJXVCbbXLK5XpDtu,4.083166667
Maybe,https://open.spotify.com/embed/track/7sljA9XJXVCbbXLK5XpDtu,Flood,RICEWINE,9,Morning,2022,0,Maybe -- RICEWINE,Spotify Listening History 2019 - 2022.csv,Maybe,Maybe,7sljA9XJXVCbbXLK5XpDtu,1.96075
Maybe,https://open.spotify.com/embed/track/7sljA9XJXVCbbXLK5XpDtu,Flood,RICEWINE,8,Morning,2022,0,Maybe -- RICEWINE,Spotify Listening History 2019 - 2022.csv,Maybe,Maybe,7sljA9XJXVCbbXLK5XpDtu,1.986233333
Maybe,https://open.spotify.com/embed/track/7sljA9XJXVCbbXLK5XpDtu,Flood,RICEWINE,9,Morning,2019,0,Maybe -- RICEWINE,Spotify Listening History 2019 - 2022.csv,Maybe,Maybe,7sljA9XJXVCbbXLK5XpDtu,4.083166667
Maybe,https://open.spotify.com/embed/track/7sljA9XJXVCbbXLK5XpDtu,Flood,RICEWINE,1,Night,2022,0,Maybe -- RICEWINE,Spotify Listening History 2019 - 2022.csv,Maybe,Maybe,7sljA9XJXVCbbXLK5XpDtu,4.083166667
Maybe,https://open.spotify.com/embed/track/7sljA9XJXVCbbXLK5XpDtu,Flood,RICEWINE,23,Evening,2022,0,Maybe -- RICEWINE,Spotify Listening History 2019 - 2022.csv,Maybe,Maybe,7sljA9XJXVCbbXLK5XpDtu,4.083166667
Maybe,https://open.spotify.com/embed/track/7sljA9XJXVCbbXLK5XpDtu,Flood,RICEWINE,0,Night,2022,0,Maybe -- RICEWINE,Spotify Listening History 2019 - 2022.csv,Maybe,Maybe,7sljA9XJXVCbbXLK5XpDtu,4.083166667
Maybe,https://open.spotify.com/embed/track/7sljA9XJXVCbbXLK5XpDtu,Flood,RICEWINE,23,Evening,2022,0,Maybe -- RICEWINE,Spotify Listening History 2019 - 2022.csv,Maybe,Maybe,7sljA9XJXVCbbXLK5XpDtu,4.083166667
Maybe,https://open.spotify.com/embed/track/7sljA9XJXVCbbXLK5XpDtu,Flood,RICEWINE,17,Afternoon,2022,0,Maybe -- RICEWINE,Spotify Listening History 2019 - 2022.csv,Maybe,Maybe,7sljA9XJXVCbbXLK5XpDtu,4.083166667
Maybe,https://open.spotify.com/embed/track/7sljA9XJXVCbbXLK5XpDtu,Flood,RICEWINE,2,Night,2022,0,Maybe -- RICEWINE,Spotify Listening History 2019 - 2022.csv,Maybe,Maybe,7sljA9XJXVCbbXLK5XpDtu,4.083166667
Maybe,https://open.spotify.com/embed/track/7sljA9XJXVCbbXLK5XpDtu,Flood,RICEWINE,21,Evening,2022,0,Maybe -- RICEWINE,Spotify Listening History 2019 - 2022.csv,Maybe,Maybe,7sljA9XJXVCbbXLK5XpDtu,4.083166667
Maybe,https://open.spotify.com/embed/track/7sljA9XJXVCbbXLK5XpDtu,Flood,RICEWINE,8,Morning,2022,0,Maybe -- RICEWINE,Spotify Listening History 2019 - 2022.csv,Maybe,Maybe,7sljA9XJXVCbbXLK5XpDtu,4.083166667
Maybe,https://open.spotify.com/embed/track/7sljA9XJXVCbbXLK5XpDtu,Flood,RICEWINE,0,Night,2022,0,Maybe -- RICEWINE,Spotify Listening History 2019 - 2022.csv,Maybe,Maybe,7sljA9XJXVCbbXLK5XpDtu,4.083166667
Maybe,https://open.spotify.com/embed/track/7sljA9XJXVCbbXLK5XpDtu,Flood,RICEWINE,12,Afternoon,2019,0,Maybe -- RICEWINE,Spotify Listening History 2019 - 2022.csv,Maybe,Maybe,7sljA9XJXVCbbXLK5XpDtu,3.555733333
Maybe,https://open.spotify.com/embed/track/7sljA9XJXVCbbXLK5XpDtu,Flood,RICEWINE,16,Afternoon,2019,0,Maybe -- RICEWINE,Spotify Listening History 2019 - 2022.csv,Maybe,Maybe,7sljA9XJXVCbbXLK5XpDtu,3.404666667
She Loves You ,https://open.spotify.com/embed/track/6nEkxYIEnrbYH7h1hJ8Xn6,1,The Beatles,19,Evening,2021,0,She Loves You - Mono / Remastered -- The Beatles,Spotify Listening History 2019 - 2022.csv,She Loves You - Mono / Remastered,She Loves You ,6nEkxYIEnrbYH7h1hJ8Xn6,2.348666667
She Loves You ,https://open.spotify.com/embed/track/6nEkxYIEnrbYH7h1hJ8Xn6,1,The Beatles,14,Afternoon,2021,0,She Loves You - Mono / Remastered -- The Beatles,Spotify Listening History 2019 - 2022.csv,She Loves You - Mono / Remastered,She Loves You ,6nEkxYIEnrbYH7h1hJ8Xn6,2.348666667
She Loves You ,https://open.spotify.com/embed/track/6nEkxYIEnrbYH7h1hJ8Xn6,1,The Beatles,14,Afternoon,2021,0,She Loves You - Mono / Remastered -- The Beatles,Spotify Listening History 2019 - 2022.csv,She Loves You - Mono / Remastered,She Loves You ,6nEkxYIEnrbYH7h1hJ8Xn6,2.348666667
She Loves You ,https://open.spotify.com/embed/track/6nEkxYIEnrbYH7h1hJ8Xn6,1,The Beatles,15,Afternoon,2021,0,She Loves You - Mono / Remastered -- The Beatles,Spotify Listening History 2019 - 2022.csv,She Loves You - Mono / Remastered,She Loves You ,6nEkxYIEnrbYH7h1hJ8Xn6,1.117766667
She Loves You ,https://open.spotify.com/embed/track/6nEkxYIEnrbYH7h1hJ8Xn6,1,The Beatles,13,Afternoon,2021,0,She Loves You - Mono / Remastered -- The Beatles,Spotify Listening History 2019 - 2022.csv,She Loves You - Mono / Remastered,She Loves You ,6nEkxYIEnrbYH7h1hJ8Xn6,2.348666667
She Loves You ,https://open.spotify.com/embed/track/6nEkxYIEnrbYH7h1hJ8Xn6,1,The Beatles,13,Afternoon,2021,0,She Loves You - Mono / Remastered -- The Beatles,Spotify Listening History 2019 - 2022.csv,She Loves You - Mono / Remastered,She Loves You ,6nEkxYIEnrbYH7h1hJ8Xn6,2.348666667
She Loves You ,https://open.spotify.com/embed/track/6nEkxYIEnrbYH7h1hJ8Xn6,1,The Beatles,14,Afternoon,2021,0,She Loves You - Mono / Remastered -- The Beatles,Spotify Listening History 2019 - 2022.csv,She Loves You - Mono / Remastered,She Loves You ,6nEkxYIEnrbYH7h1hJ8Xn6,1.838933333
She Loves You ,https://open.spotify.com/embed/track/6nEkxYIEnrbYH7h1hJ8Xn6,1,The Beatles,20,Evening,2021,0,She Loves You - Mono / Remastered -- The Beatles,Spotify Listening History 2019 - 2022.csv,She Loves You - Mono / Remastered,She Loves You ,6nEkxYIEnrbYH7h1hJ8Xn6,2.123366667
She Loves You ,https://open.spotify.com/embed/track/6nEkxYIEnrbYH7h1hJ8Xn6,1,The Beatles,13,Afternoon,2021,0,She Loves You - Mono / Remastered -- The Beatles,Spotify Listening History 2019 - 2022.csv,She Loves You - Mono / Remastered,She Loves You ,6nEkxYIEnrbYH7h1hJ8Xn6,1.050666667
She Loves You ,https://open.spotify.com/embed/track/6nEkxYIEnrbYH7h1hJ8Xn6,1,The Beatles,16,Afternoon,2019,0,She Loves You - Mono / Remastered -- The Beatles,Spotify Listening History 2019 - 2022.csv,She Loves You - Mono / Remastered,She Loves You ,6nEkxYIEnrbYH7h1hJ8Xn6,2.348666667
She Loves You ,https://open.spotify.com/embed/track/6nEkxYIEnrbYH7h1hJ8Xn6,1,The Beatles,17,Afternoon,2019,0,She Loves You - Mono / Remastered -- The Beatles,Spotify Listening History 2019 - 2022.csv,She Loves You - Mono / Remastered,She Loves You ,6nEkxYIEnrbYH7h1hJ8Xn6,2.348666667
She Loves You ,https://open.spotify.com/embed/track/6nEkxYIEnrbYH7h1hJ8Xn6,1,The Beatles,13,Afternoon,2019,0,She Loves You - Mono / Remastered -- The Beatles,Spotify Listening History 2019 - 2022.csv,She Loves You - Mono / Remastered,She Loves You ,6nEkxYIEnrbYH7h1hJ8Xn6,2.348666667
She Loves You ,https://open.spotify.com/embed/track/6nEkxYIEnrbYH7h1hJ8Xn6,1,The Beatles,7,Morning,2019,0,She Loves You - Mono / Remastered -- The Beatles,Spotify Listening History 2019 - 2022.csv,She Loves You - Mono / Remastered,She Loves You ,6nEkxYIEnrbYH7h1hJ8Xn6,2.348666667
She Loves You ,https://open.spotify.com/embed/track/6nEkxYIEnrbYH7h1hJ8Xn6,1,The Beatles,17,Afternoon,2021,0,She Loves You - Mono / Remastered -- The Beatles,Spotify Listening History 2019 - 2022.csv,She Loves You - Mono / Remastered,She Loves You ,6nEkxYIEnrbYH7h1hJ8Xn6,2.348666667
She Loves You ,https://open.spotify.com/embed/track/6nEkxYIEnrbYH7h1hJ8Xn6,1,The Beatles,21,Evening,2019,0,She Loves You - Mono / Remastered -- The Beatles,Spotify Listening History 2019 - 2022.csv,She Loves You - Mono / Remastered,She Loves You ,6nEkxYIEnrbYH7h1hJ8Xn6,2.348666667
She Loves You ,https://open.spotify.com/embed/track/6nEkxYIEnrbYH7h1hJ8Xn6,1,The Beatles,17,Afternoon,2019,0,She Loves You - Mono / Remastered -- The Beatles,Spotify Listening History 2019 - 2022.csv,She Loves You - Mono / Remastered,She Loves You ,6nEkxYIEnrbYH7h1hJ8Xn6,2.348666667
She Loves You ,https://open.spotify.com/embed/track/6nEkxYIEnrbYH7h1hJ8Xn6,1,The Beatles,12,Afternoon,2019,0,She Loves You - Mono / Remastered -- The Beatles,Spotify Listening History 2019 - 2022.csv,She Loves You - Mono / Remastered,She Loves You ,6nEkxYIEnrbYH7h1hJ8Xn6,2.348666667
She Loves You ,https://open.spotify.com/embed/track/6nEkxYIEnrbYH7h1hJ8Xn6,1,The Beatles,20,Evening,2021,0,She Loves You - Mono / Remastered -- The Beatles,Spotify Listening History 2019 - 2022.csv,She Loves You - Mono / Remastered,She Loves You ,6nEkxYIEnrbYH7h1hJ8Xn6,2.05475
She Loves You ,https://open.spotify.com/embed/track/6nEkxYIEnrbYH7h1hJ8Xn6,1,The Beatles,14,Afternoon,2019,0,She Loves You - Mono / Remastered -- The Beatles,Spotify Listening History 2019 - 2022.csv,She Loves You - Mono / Remastered,She Loves You ,6nEkxYIEnrbYH7h1hJ8Xn6,2.348666667
She Loves You ,https://open.spotify.com/embed/track/6nEkxYIEnrbYH7h1hJ8Xn6,1,The Beatles,12,Afternoon,2019,0,She Loves You - Mono / Remastered -- The Beatles,Spotify Listening History 2019 - 2022.csv,She Loves You - Mono / Remastered,She Loves You ,6nEkxYIEnrbYH7h1hJ8Xn6,2.44405
She Loves You ,https://open.spotify.com/embed/track/6nEkxYIEnrbYH7h1hJ8Xn6,1,The Beatles,13,Afternoon,2022,0,She Loves You - Mono / Remastered -- The Beatles,Spotify Listening History 2019 - 2022.csv,She Loves You - Mono / Remastered,She Loves You ,6nEkxYIEnrbYH7h1hJ8Xn6,2.348666667
She Loves You ,https://open.spotify.com/embed/track/6nEkxYIEnrbYH7h1hJ8Xn6,1,The Beatles,19,Evening,2019,0,She Loves You - Mono / Remastered -- The Beatles,Spotify Listening History 2019 - 2022.csv,She Loves You - Mono / Remastered,She Loves You ,6nEkxYIEnrbYH7h1hJ8Xn6,2.348666667
She Loves You ,https://open.spotify.com/embed/track/6nEkxYIEnrbYH7h1hJ8Xn6,1,The Beatles,19,Evening,2022,0,She Loves You - Mono / Remastered -- The Beatles,Spotify Listening History 2019 - 2022.csv,She Loves You - Mono / Remastered,She Loves You ,6nEkxYIEnrbYH7h1hJ8Xn6,2.348666667
She Loves You ,https://open.spotify.com/embed/track/6nEkxYIEnrbYH7h1hJ8Xn6,1,The Beatles,14,Afternoon,2022,0,She Loves You - Mono / Remastered -- The Beatles,Spotify Listening History 2019 - 2022.csv,She Loves You - Mono / Remastered,She Loves You ,6nEkxYIEnrbYH7h1hJ8Xn6,2.348666667
She Loves You ,https://open.spotify.com/embed/track/6nEkxYIEnrbYH7h1hJ8Xn6,1,The Beatles,16,Afternoon,2019,0,She Loves You - Mono / Remastered -- The Beatles,Spotify Listening History 2019 - 2022.csv,She Loves You - Mono / Remastered,She Loves You ,6nEkxYIEnrbYH7h1hJ8Xn6,2.348666667
She Loves You ,https://open.spotify.com/embed/track/6nEkxYIEnrbYH7h1hJ8Xn6,1,The Beatles,14,Afternoon,2019,0,She Loves You - Mono / Remastered -- The Beatles,Spotify Listening History 2019 - 2022.csv,She Loves You - Mono / Remastered,She Loves You ,6nEkxYIEnrbYH7h1hJ8Xn6,2.348666667
She Loves You ,https://open.spotify.com/embed/track/6nEkxYIEnrbYH7h1hJ8Xn6,1,The Beatles,14,Afternoon,2020,0,She Loves You - Mono / Remastered -- The Beatles,Spotify Listening History 2019 - 2022.csv,She Loves You - Mono / Remastered,She Loves You ,6nEkxYIEnrbYH7h1hJ8Xn6,2.348666667
She Loves You ,https://open.spotify.com/embed/track/6nEkxYIEnrbYH7h1hJ8Xn6,1,The Beatles,17,Afternoon,2020,0,She Loves You - Mono / Remastered -- The Beatles,Spotify Listening History 2019 - 2022.csv,She Loves You - Mono / Remastered,She Loves You ,6nEkxYIEnrbYH7h1hJ8Xn6,2.348666667
She Loves You ,https://open.spotify.com/embed/track/6nEkxYIEnrbYH7h1hJ8Xn6,1,The Beatles,15,Afternoon,2020,0,She Loves You - Mono / Remastered -- The Beatles,Spotify Listening History 2019 - 2022.csv,She Loves You - Mono / Remastered,She Loves You ,6nEkxYIEnrbYH7h1hJ8Xn6,2.348666667
She Loves You ,https://open.spotify.com/embed/track/6nEkxYIEnrbYH7h1hJ8Xn6,1,The Beatles,13,Afternoon,2019,0,She Loves You - Mono / Remastered -- The Beatles,Spotify Listening History 2019 - 2022.csv,She Loves You - Mono / Remastered,She Loves You ,6nEkxYIEnrbYH7h1hJ8Xn6,2.348666667
She Loves You ,https://open.spotify.com/embed/track/6nEkxYIEnrbYH7h1hJ8Xn6,1,The Beatles,19,Evening,2021,0,She Loves You - Mono / Remastered -- The Beatles,Spotify Listening History 2019 - 2022.csv,She Loves You - Mono / Remastered,She Loves You ,6nEkxYIEnrbYH7h1hJ8Xn6,2.348666667
She Loves You ,https://open.spotify.com/embed/track/6nEkxYIEnrbYH7h1hJ8Xn6,1,The Beatles,15,Afternoon,2019,0,She Loves You - Mono / Remastered -- The Beatles,Spotify Listening History 2019 - 2022.csv,She Loves You - Mono / Remastered,She Loves You ,6nEkxYIEnrbYH7h1hJ8Xn6,2.348666667
She Loves You ,https://open.spotify.com/embed/track/6nEkxYIEnrbYH7h1hJ8Xn6,1,The Beatles,13,Afternoon,2019,0,She Loves You - Mono / Remastered -- The Beatles,Spotify Listening History 2019 - 2022.csv,She Loves You - Mono / Remastered,She Loves You ,6nEkxYIEnrbYH7h1hJ8Xn6,2.348666667
She Loves You ,https://open.spotify.com/embed/track/6nEkxYIEnrbYH7h1hJ8Xn6,1,The Beatles,23,Evening,2019,0,She Loves You - Mono / Remastered -- The Beatles,Spotify Listening History 2019 - 2022.csv,She Loves You - Mono / Remastered,She Loves You ,6nEkxYIEnrbYH7h1hJ8Xn6,16.3231
She Loves You ,https://open.spotify.com/embed/track/6nEkxYIEnrbYH7h1hJ8Xn6,1,The Beatles,0,Night,2021,0,She Loves You - Mono / Remastered -- The Beatles,Spotify Listening History 2019 - 2022.csv,She Loves You - Mono / Remastered,She Loves You ,6nEkxYIEnrbYH7h1hJ8Xn6,2.348666667
She Loves You ,https://open.spotify.com/embed/track/6nEkxYIEnrbYH7h1hJ8Xn6,1,The Beatles,16,Afternoon,2020,0,She Loves You - Mono / Remastered -- The Beatles,Spotify Listening History 2019 - 2022.csv,She Loves You - Mono / Remastered,She Loves You ,6nEkxYIEnrbYH7h1hJ8Xn6,2.348666667
She Loves You ,https://open.spotify.com/embed/track/6nEkxYIEnrbYH7h1hJ8Xn6,1,The Beatles,16,Afternoon,2019,0,She Loves You - Mono / Remastered -- The Beatles,Spotify Listening History 2019 - 2022.csv,She Loves You - Mono / Remastered,She Loves You ,6nEkxYIEnrbYH7h1hJ8Xn6,2.348666667
She Loves You ,https://open.spotify.com/embed/track/6nEkxYIEnrbYH7h1hJ8Xn6,1,The Beatles,15,Afternoon,2020,0,She Loves You - Mono / Remastered -- The Beatles,Spotify Listening History 2019 - 2022.csv,She Loves You - Mono / Remastered,She Loves You ,6nEkxYIEnrbYH7h1hJ8Xn6,2.348666667
She Loves You ,https://open.spotify.com/embed/track/6nEkxYIEnrbYH7h1hJ8Xn6,1,The Beatles,15,Afternoon,2020,0,She Loves You - Mono / Remastered -- The Beatles,Spotify Listening History 2019 - 2022.csv,She Loves You - Mono / Remastered,She Loves You ,6nEkxYIEnrbYH7h1hJ8Xn6,2.348666667
She Loves You ,https://open.spotify.com/embed/track/6nEkxYIEnrbYH7h1hJ8Xn6,1,The Beatles,15,Afternoon,2019,0,She Loves You - Mono / Remastered -- The Beatles,Spotify Listening History 2019 - 2022.csv,She Loves You - Mono / Remastered,She Loves You ,6nEkxYIEnrbYH7h1hJ8Xn6,2.348666667
She Loves You ,https://open.spotify.com/embed/track/6nEkxYIEnrbYH7h1hJ8Xn6,1,The Beatles,12,Afternoon,2019,0,She Loves You - Mono / Remastered -- The Beatles,Spotify Listening History 2019 - 2022.csv,She Loves You - Mono / Remastered,She Loves You ,6nEkxYIEnrbYH7h1hJ8Xn6,2.348666667
She Loves You ,https://open.spotify.com/embed/track/6nEkxYIEnrbYH7h1hJ8Xn6,1,The Beatles,16,Afternoon,2021,0,She Loves You - Mono / Remastered -- The Beatles,Spotify Listening History 2019 - 2022.csv,She Loves You - Mono / Remastered,She Loves You ,6nEkxYIEnrbYH7h1hJ8Xn6,2.348666667
She Loves You ,https://open.spotify.com/embed/track/6nEkxYIEnrbYH7h1hJ8Xn6,1,The Beatles,4,Night,2019,0,She Loves You - Mono / Remastered -- The Beatles,Spotify Listening History 2019 - 2022.csv,She Loves You - Mono / Remastered,She Loves You ,6nEkxYIEnrbYH7h1hJ8Xn6,2.348666667
She Loves You ,https://open.spotify.com/embed/track/6nEkxYIEnrbYH7h1hJ8Xn6,1,The Beatles,21,Evening,2020,0,She Loves You - Mono / Remastered -- The Beatles,Spotify Listening History 2019 - 2022.csv,She Loves You - Mono / Remastered,She Loves You ,6nEkxYIEnrbYH7h1hJ8Xn6,2.348666667
She Loves You ,https://open.spotify.com/embed/track/6nEkxYIEnrbYH7h1hJ8Xn6,1,The Beatles,4,Night,2019,0,She Loves You - Mono / Remastered -- The Beatles,Spotify Listening History 2019 - 2022.csv,She Loves You - Mono / Remastered,She Loves You ,6nEkxYIEnrbYH7h1hJ8Xn6,2.348666667
She Loves You ,https://open.spotify.com/embed/track/6nEkxYIEnrbYH7h1hJ8Xn6,1,The Beatles,18,Evening,2020,0,She Loves You - Mono / Remastered -- The Beatles,Spotify Listening History 2019 - 2022.csv,She Loves You - Mono / Remastered,She Loves You ,6nEkxYIEnrbYH7h1hJ8Xn6,2.032116667
She Loves You ,https://open.spotify.com/embed/track/6nEkxYIEnrbYH7h1hJ8Xn6,1,The Beatles,15,Afternoon,2020,0,She Loves You - Mono / Remastered -- The Beatles,Spotify Listening History 2019 - 2022.csv,She Loves You - Mono / Remastered,She Loves You ,6nEkxYIEnrbYH7h1hJ8Xn6,2.348666667
She Loves You ,https://open.spotify.com/embed/track/6nEkxYIEnrbYH7h1hJ8Xn6,1,The Beatles,10,Morning,2019,0,She Loves You - Mono / Remastered -- The Beatles,Spotify Listening History 2019 - 2022.csv,She Loves You - Mono / Remastered,She Loves You ,6nEkxYIEnrbYH7h1hJ8Xn6,2.348666667
She Loves You ,https://open.spotify.com/embed/track/6nEkxYIEnrbYH7h1hJ8Xn6,1,The Beatles,21,Evening,2019,0,She Loves You - Mono / Remastered -- The Beatles,Spotify Listening History 2019 - 2022.csv,She Loves You - Mono / Remastered,She Loves You ,6nEkxYIEnrbYH7h1hJ8Xn6,2.123166667
She Loves You ,https://open.spotify.com/embed/track/6nEkxYIEnrbYH7h1hJ8Xn6,1,The Beatles,21,Evening,2019,0,She Loves You - Mono / Remastered -- The Beatles,Spotify Listening History 2019 - 2022.csv,She Loves You - Mono / Remastered,She Loves You ,6nEkxYIEnrbYH7h1hJ8Xn6,2.348666667
She Loves You ,https://open.spotify.com/embed/track/6nEkxYIEnrbYH7h1hJ8Xn6,1,The Beatles,13,Afternoon,2019,0,She Loves You - Mono / Remastered -- The Beatles,Spotify Listening History 2019 - 2022.csv,She Loves You - Mono / Remastered,She Loves You ,6nEkxYIEnrbYH7h1hJ8Xn6,2.348666667
She Loves You ,https://open.spotify.com/embed/track/6nEkxYIEnrbYH7h1hJ8Xn6,1,The Beatles,18,Evening,2020,0,She Loves You - Mono / Remastered -- The Beatles,Spotify Listening History 2019 - 2022.csv,She Loves You - Mono / Remastered,She Loves You ,6nEkxYIEnrbYH7h1hJ8Xn6,4.248466667
She Loves You ,https://open.spotify.com/embed/track/6nEkxYIEnrbYH7h1hJ8Xn6,1,The Beatles,11,Morning,2019,0,She Loves You - Mono / Remastered -- The Beatles,Spotify Listening History 2019 - 2022.csv,She Loves You - Mono / Remastered,She Loves You ,6nEkxYIEnrbYH7h1hJ8Xn6,2.67065
She Loves You ,https://open.spotify.com/embed/track/6nEkxYIEnrbYH7h1hJ8Xn6,1,The Beatles,10,Morning,2019,0,She Loves You - Mono / Remastered -- The Beatles,Spotify Listening History 2019 - 2022.csv,She Loves You - Mono / Remastered,She Loves You ,6nEkxYIEnrbYH7h1hJ8Xn6,2.348666667
She Loves You ,https://open.spotify.com/embed/track/6nEkxYIEnrbYH7h1hJ8Xn6,1,The Beatles,10,Morning,2019,0,She Loves You - Mono / Remastered -- The Beatles,Spotify Listening History 2019 - 2022.csv,She Loves You - Mono / Remastered,She Loves You ,6nEkxYIEnrbYH7h1hJ8Xn6,2.348666667
She Loves You ,https://open.spotify.com/embed/track/6nEkxYIEnrbYH7h1hJ8Xn6,1,The Beatles,10,Morning,2019,0,She Loves You - Mono / Remastered -- The Beatles,Spotify Listening History 2019 - 2022.csv,She Loves You - Mono / Remastered,She Loves You ,6nEkxYIEnrbYH7h1hJ8Xn6,3.881566667
She Loves You ,https://open.spotify.com/embed/track/6nEkxYIEnrbYH7h1hJ8Xn6,1,The Beatles,10,Morning,2019,0,She Loves You - Mono / Remastered -- The Beatles,Spotify Listening History 2019 - 2022.csv,She Loves You - Mono / Remastered,She Loves You ,6nEkxYIEnrbYH7h1hJ8Xn6,3.9814
She Loves You ,https://open.spotify.com/embed/track/6nEkxYIEnrbYH7h1hJ8Xn6,1,The Beatles,10,Morning,2019,0,She Loves You - Mono / Remastered -- The Beatles,Spotify Listening History 2019 - 2022.csv,She Loves You - Mono / Remastered,She Loves You ,6nEkxYIEnrbYH7h1hJ8Xn6,4.470583333
She Loves You ,https://open.spotify.com/embed/track/6nEkxYIEnrbYH7h1hJ8Xn6,1,The Beatles,19,Evening,2021,0,She Loves You - Mono / Remastered -- The Beatles,Spotify Listening History 2019 - 2022.csv,She Loves You - Mono / Remastered,She Loves You ,6nEkxYIEnrbYH7h1hJ8Xn6,2.348666667
She Loves You ,https://open.spotify.com/embed/track/6nEkxYIEnrbYH7h1hJ8Xn6,1,The Beatles,9,Morning,2019,0,She Loves You - Mono / Remastered -- The Beatles,Spotify Listening History 2019 - 2022.csv,She Loves You - Mono / Remastered,She Loves You ,6nEkxYIEnrbYH7h1hJ8Xn6,2.348666667
She Loves You ,https://open.spotify.com/embed/track/6nEkxYIEnrbYH7h1hJ8Xn6,1,The Beatles,1,Night,2019,0,She Loves You - Mono / Remastered -- The Beatles,Spotify Listening History 2019 - 2022.csv,She Loves You - Mono / Remastered,She Loves You ,6nEkxYIEnrbYH7h1hJ8Xn6,2.348666667
She Loves You ,https://open.spotify.com/embed/track/6nEkxYIEnrbYH7h1hJ8Xn6,1,The Beatles,9,Morning,2019,0,She Loves You - Mono / Remastered -- The Beatles,Spotify Listening History 2019 - 2022.csv,She Loves You - Mono / Remastered,She Loves You ,6nEkxYIEnrbYH7h1hJ8Xn6,1.324766667
She Loves You ,https://open.spotify.com/embed/track/6nEkxYIEnrbYH7h1hJ8Xn6,1,The Beatles,15,Afternoon,2020,0,She Loves You - Mono / Remastered -- The Beatles,Spotify Listening History 2019 - 2022.csv,She Loves You - Mono / Remastered,She Loves You ,6nEkxYIEnrbYH7h1hJ8Xn6,2.348666667
She Loves You ,https://open.spotify.com/embed/track/6nEkxYIEnrbYH7h1hJ8Xn6,1,The Beatles,15,Afternoon,2020,0,She Loves You - Mono / Remastered -- The Beatles,Spotify Listening History 2019 - 2022.csv,She Loves You - Mono / Remastered,She Loves You ,6nEkxYIEnrbYH7h1hJ8Xn6,2.348666667
She Loves You ,https://open.spotify.com/embed/track/6nEkxYIEnrbYH7h1hJ8Xn6,1,The Beatles,14,Afternoon,2019,0,She Loves You - Mono / Remastered -- The Beatles,Spotify Listening History 2019 - 2022.csv,She Loves You - Mono / Remastered,She Loves You ,6nEkxYIEnrbYH7h1hJ8Xn6,2.348666667
She Loves You ,https://open.spotify.com/embed/track/6nEkxYIEnrbYH7h1hJ8Xn6,1,The Beatles,12,Afternoon,2019,0,She Loves You - Mono / Remastered -- The Beatles,Spotify Listening History 2019 - 2022.csv,She Loves You - Mono / Remastered,She Loves You ,6nEkxYIEnrbYH7h1hJ8Xn6,2.348666667
She Loves You ,https://open.spotify.com/embed/track/6nEkxYIEnrbYH7h1hJ8Xn6,1,The Beatles,15,Afternoon,2020,0,She Loves You - Mono / Remastered -- The Beatles,Spotify Listening History 2019 - 2022.csv,She Loves You - Mono / Remastered,She Loves You ,6nEkxYIEnrbYH7h1hJ8Xn6,2.348666667
She Loves You ,https://open.spotify.com/embed/track/6nEkxYIEnrbYH7h1hJ8Xn6,1,The Beatles,14,Afternoon,2021,0,She Loves You - Mono / Remastered -- The Beatles,Spotify Listening History 2019 - 2022.csv,She Loves You - Mono / Remastered,She Loves You ,6nEkxYIEnrbYH7h1hJ8Xn6,1.686533333
She Loves You ,https://open.spotify.com/embed/track/6nEkxYIEnrbYH7h1hJ8Xn6,1,The Beatles,12,Afternoon,2021,0,She Loves You - Mono / Remastered -- The Beatles,Spotify Listening History 2019 - 2022.csv,She Loves You - Mono / Remastered,She Loves You ,6nEkxYIEnrbYH7h1hJ8Xn6,2.348666667
She Loves You ,https://open.spotify.com/embed/track/6nEkxYIEnrbYH7h1hJ8Xn6,1,The Beatles,14,Afternoon,2019,0,She Loves You - Mono / Remastered -- The Beatles,Spotify Listening History 2019 - 2022.csv,She Loves You - Mono / Remastered,She Loves You ,6nEkxYIEnrbYH7h1hJ8Xn6,1.22175
She Loves You ,https://open.spotify.com/embed/track/6nEkxYIEnrbYH7h1hJ8Xn6,1,The Beatles,18,Evening,2021,0,She Loves You - Mono / Remastered -- The Beatles,Spotify Listening History 2019 - 2022.csv,She Loves You - Mono / Remastered,She Loves You ,6nEkxYIEnrbYH7h1hJ8Xn6,1.092883333
She Loves You ,https://open.spotify.com/embed/track/6nEkxYIEnrbYH7h1hJ8Xn6,1,The Beatles,12,Afternoon,2019,0,She Loves You - Mono / Remastered -- The Beatles,Spotify Listening History 2019 - 2022.csv,She Loves You - Mono / Remastered,She Loves You ,6nEkxYIEnrbYH7h1hJ8Xn6,4.49675
She Loves You ,https://open.spotify.com/embed/track/6nEkxYIEnrbYH7h1hJ8Xn6,1,The Beatles,12,Afternoon,2019,0,She Loves You - Mono / Remastered -- The Beatles,Spotify Listening History 2019 - 2022.csv,She Loves You - Mono / Remastered,She Loves You ,6nEkxYIEnrbYH7h1hJ8Xn6,2.348666667
She Loves You ,https://open.spotify.com/embed/track/6nEkxYIEnrbYH7h1hJ8Xn6,1,The Beatles,20,Evening,2019,0,She Loves You - Mono / Remastered -- The Beatles,Spotify Listening History 2019 - 2022.csv,She Loves You - Mono / Remastered,She Loves You ,6nEkxYIEnrbYH7h1hJ8Xn6,2.0394
She Loves You ,https://open.spotify.com/embed/track/6nEkxYIEnrbYH7h1hJ8Xn6,1,The Beatles,15,Afternoon,2021,0,She Loves You - Mono / Remastered -- The Beatles,Spotify Listening History 2019 - 2022.csv,She Loves You - Mono / Remastered,She Loves You ,6nEkxYIEnrbYH7h1hJ8Xn6,2.348666667
She Loves You ,https://open.spotify.com/embed/track/6nEkxYIEnrbYH7h1hJ8Xn6,1,The Beatles,16,Afternoon,2019,0,She Loves You - Mono / Remastered -- The Beatles,Spotify Listening History 2019 - 2022.csv,She Loves You - Mono / Remastered,She Loves You ,6nEkxYIEnrbYH7h1hJ8Xn6,1.2829
She Loves You ,https://open.spotify.com/embed/track/6nEkxYIEnrbYH7h1hJ8Xn6,1,The Beatles,13,Afternoon,2019,0,She Loves You - Mono / Remastered -- The Beatles,Spotify Listening History 2019 - 2022.csv,She Loves You - Mono / Remastered,She Loves You ,6nEkxYIEnrbYH7h1hJ8Xn6,1.62345
She Loves You ,https://open.spotify.com/embed/track/6nEkxYIEnrbYH7h1hJ8Xn6,1,The Beatles,21,Evening,2020,0,She Loves You - Mono / Remastered -- The Beatles,Spotify Listening History 2019 - 2022.csv,She Loves You - Mono / Remastered,She Loves You ,6nEkxYIEnrbYH7h1hJ8Xn6,2.290133333
She Loves You ,https://open.spotify.com/embed/track/6nEkxYIEnrbYH7h1hJ8Xn6,1,The Beatles,21,Evening,2019,0,She Loves You - Mono / Remastered -- The Beatles,Spotify Listening History 2019 - 2022.csv,She Loves You - Mono / Remastered,She Loves You ,6nEkxYIEnrbYH7h1hJ8Xn6,1.299216667
She Loves You ,https://open.spotify.com/embed/track/6nEkxYIEnrbYH7h1hJ8Xn6,1,The Beatles,20,Evening,2019,0,She Loves You - Mono / Remastered -- The Beatles,Spotify Listening History 2019 - 2022.csv,She Loves You - Mono / Remastered,She Loves You ,6nEkxYIEnrbYH7h1hJ8Xn6,2.117716667
She Loves You ,https://open.spotify.com/embed/track/6nEkxYIEnrbYH7h1hJ8Xn6,1,The Beatles,19,Evening,2019,0,She Loves You - Mono / Remastered -- The Beatles,Spotify Listening History 2019 - 2022.csv,She Loves You - Mono / Remastered,She Loves You ,6nEkxYIEnrbYH7h1hJ8Xn6,2.348666667
She Loves You ,https://open.spotify.com/embed/track/6nEkxYIEnrbYH7h1hJ8Xn6,1,The Beatles,21,Evening,2020,0,She Loves You - Mono / Remastered -- The Beatles,Spotify Listening History 2019 - 2022.csv,She Loves You - Mono / Remastered,She Loves You ,6nEkxYIEnrbYH7h1hJ8Xn6,2.348666667
She Loves You ,https://open.spotify.com/embed/track/6nEkxYIEnrbYH7h1hJ8Xn6,1,The Beatles,13,Afternoon,2019,0,She Loves You - Mono / Remastered -- The Beatles,Spotify Listening History 2019 - 2022.csv,She Loves You - Mono / Remastered,She Loves You ,6nEkxYIEnrbYH7h1hJ8Xn6,2.348666667
She Loves You ,https://open.spotify.com/embed/track/6nEkxYIEnrbYH7h1hJ8Xn6,1,The Beatles,14,Afternoon,2019,0,She Loves You - Mono / Remastered -- The Beatles,Spotify Listening History 2019 - 2022.csv,She Loves You - Mono / Remastered,She Loves You ,6nEkxYIEnrbYH7h1hJ8Xn6,1.5298
She Loves You ,https://open.spotify.com/embed/track/6nEkxYIEnrbYH7h1hJ8Xn6,1,The Beatles,13,Afternoon,2020,0,She Loves You - Mono / Remastered -- The Beatles,Spotify Listening History 2019 - 2022.csv,She Loves You - Mono / Remastered,She Loves You ,6nEkxYIEnrbYH7h1hJ8Xn6,2.348666667
She Loves You ,https://open.spotify.com/embed/track/6nEkxYIEnrbYH7h1hJ8Xn6,1,The Beatles,22,Evening,2019,0,She Loves You - Mono / Remastered -- The Beatles,Spotify Listening History 2019 - 2022.csv,She Loves You - Mono / Remastered,She Loves You ,6nEkxYIEnrbYH7h1hJ8Xn6,2.263633333
She Loves You ,https://open.spotify.com/embed/track/6nEkxYIEnrbYH7h1hJ8Xn6,1,The Beatles,14,Afternoon,2019,0,She Loves You - Mono / Remastered -- The Beatles,Spotify Listening History 2019 - 2022.csv,She Loves You - Mono / Remastered,She Loves You ,6nEkxYIEnrbYH7h1hJ8Xn6,2.03835
She Loves You ,https://open.spotify.com/embed/track/6nEkxYIEnrbYH7h1hJ8Xn6,1,The Beatles,21,Evening,2020,0,She Loves You - Mono / Remastered -- The Beatles,Spotify Listening History 2019 - 2022.csv,She Loves You - Mono / Remastered,She Loves You ,6nEkxYIEnrbYH7h1hJ8Xn6,2.348666667
She Loves You ,https://open.spotify.com/embed/track/6nEkxYIEnrbYH7h1hJ8Xn6,1,The Beatles,18,Evening,2019,0,She Loves You - Mono / Remastered -- The Beatles,Spotify Listening History 2019 - 2022.csv,She Loves You - Mono / Remastered,She Loves You ,6nEkxYIEnrbYH7h1hJ8Xn6,2.348666667
She Loves You ,https://open.spotify.com/embed/track/6nEkxYIEnrbYH7h1hJ8Xn6,1,The Beatles,13,Afternoon,2020,0,She Loves You - Mono / Remastered -- The Beatles,Spotify Listening History 2019 - 2022.csv,She Loves You - Mono / Remastered,She Loves You ,6nEkxYIEnrbYH7h1hJ8Xn6,2.348666667
She Loves You ,https://open.spotify.com/embed/track/6nEkxYIEnrbYH7h1hJ8Xn6,1,The Beatles,20,Evening,2020,0,She Loves You - Mono / Remastered -- The Beatles,Spotify Listening History 2019 - 2022.csv,She Loves You - Mono / Remastered,She Loves You ,6nEkxYIEnrbYH7h1hJ8Xn6,2.348666667
She Loves You ,https://open.spotify.com/embed/track/6nEkxYIEnrbYH7h1hJ8Xn6,1,The Beatles,17,Afternoon,2019,0,She Loves You - Mono / Remastered -- The Beatles,Spotify Listening History 2019 - 2022.csv,She Loves You - Mono / Remastered,She Loves You ,6nEkxYIEnrbYH7h1hJ8Xn6,2.0062
She Loves You ,https://open.spotify.com/embed/track/6nEkxYIEnrbYH7h1hJ8Xn6,1,The Beatles,16,Afternoon,2022,0,She Loves You - Mono / Remastered -- The Beatles,Spotify Listening History 2019 - 2022.csv,She Loves You - Mono / Remastered,She Loves You ,6nEkxYIEnrbYH7h1hJ8Xn6,2.348666667
She Loves You ,https://open.spotify.com/embed/track/6nEkxYIEnrbYH7h1hJ8Xn6,1,The Beatles,11,Morning,2019,0,She Loves You - Mono / Remastered -- The Beatles,Spotify Listening History 2019 - 2022.csv,She Loves You - Mono / Remastered,She Loves You ,6nEkxYIEnrbYH7h1hJ8Xn6,1.5239
She Loves You ,https://open.spotify.com/embed/track/6nEkxYIEnrbYH7h1hJ8Xn6,1,The Beatles,10,Morning,2020,0,She Loves You - Mono / Remastered -- The Beatles,Spotify Listening History 2019 - 2022.csv,She Loves You - Mono / Remastered,She Loves You ,6nEkxYIEnrbYH7h1hJ8Xn6,2.348666667
She Loves You ,https://open.spotify.com/embed/track/6nEkxYIEnrbYH7h1hJ8Xn6,1,The Beatles,10,Morning,2019,0,She Loves You - Mono / Remastered -- The Beatles,Spotify Listening History 2019 - 2022.csv,She Loves You - Mono / Remastered,She Loves You ,6nEkxYIEnrbYH7h1hJ8Xn6,2.348666667
She Loves You ,https://open.spotify.com/embed/track/6nEkxYIEnrbYH7h1hJ8Xn6,1,The Beatles,15,Afternoon,2020,0,She Loves You - Mono / Remastered -- The Beatles,Spotify Listening History 2019 - 2022.csv,She Loves You - Mono / Remastered,She Loves You ,6nEkxYIEnrbYH7h1hJ8Xn6,2.348666667
She Loves You ,https://open.spotify.com/embed/track/6nEkxYIEnrbYH7h1hJ8Xn6,1,The Beatles,13,Afternoon,2019,0,She Loves You - Mono / Remastered -- The Beatles,Spotify Listening History 2019 - 2022.csv,She Loves You - Mono / Remastered,She Loves You ,6nEkxYIEnrbYH7h1hJ8Xn6,2.348666667
She Loves You ,https://open.spotify.com/embed/track/6nEkxYIEnrbYH7h1hJ8Xn6,1,The Beatles,18,Evening,2019,0,She Loves You - Mono / Remastered -- The Beatles,Spotify Listening History 2019 - 2022.csv,She Loves You - Mono / Remastered,She Loves You ,6nEkxYIEnrbYH7h1hJ8Xn6,2.348666667
She Loves You ,https://open.spotify.com/embed/track/6nEkxYIEnrbYH7h1hJ8Xn6,1,The Beatles,19,Evening,2019,0,She Loves You - Mono / Remastered -- The Beatles,Spotify Listening History 2019 - 2022.csv,She Loves You - Mono / Remastered,She Loves You ,6nEkxYIEnrbYH7h1hJ8Xn6,2.13855
She Loves You ,https://open.spotify.com/embed/track/6nEkxYIEnrbYH7h1hJ8Xn6,1,The Beatles,16,Afternoon,2020,0,She Loves You - Mono / Remastered -- The Beatles,Spotify Listening History 2019 - 2022.csv,She Loves You - Mono / Remastered,She Loves You ,6nEkxYIEnrbYH7h1hJ8Xn6,2.348666667
She Loves You ,https://open.spotify.com/embed/track/6nEkxYIEnrbYH7h1hJ8Xn6,1,The Beatles,8,Morning,2022,0,She Loves You - Mono / Remastered -- The Beatles,Spotify Listening History 2019 - 2022.csv,She Loves You - Mono / Remastered,She Loves You ,6nEkxYIEnrbYH7h1hJ8Xn6,2.348666667
She Loves You ,https://open.spotify.com/embed/track/6nEkxYIEnrbYH7h1hJ8Xn6,1,The Beatles,13,Afternoon,2019,0,She Loves You - Mono / Remastered -- The Beatles,Spotify Listening History 2019 - 2022.csv,She Loves You - Mono / Remastered,She Loves You ,6nEkxYIEnrbYH7h1hJ8Xn6,3.716316667
She Loves You ,https://open.spotify.com/embed/track/6nEkxYIEnrbYH7h1hJ8Xn6,1,The Beatles,11,Morning,2020,0,She Loves You - Mono / Remastered -- The Beatles,Spotify Listening History 2019 - 2022.csv,She Loves You - Mono / Remastered,She Loves You ,6nEkxYIEnrbYH7h1hJ8Xn6,1.016833333
She Loves You ,https://open.spotify.com/embed/track/6nEkxYIEnrbYH7h1hJ8Xn6,1,The Beatles,14,Afternoon,2019,0,She Loves You - Mono / Remastered -- The Beatles,Spotify Listening History 2019 - 2022.csv,She Loves You - Mono / Remastered,She Loves You ,6nEkxYIEnrbYH7h1hJ8Xn6,2.348666667
She Loves You ,https://open.spotify.com/embed/track/6nEkxYIEnrbYH7h1hJ8Xn6,1,The Beatles,16,Afternoon,2019,0,She Loves You - Mono / Remastered -- The Beatles,Spotify Listening History 2019 - 2022.csv,She Loves You - Mono / Remastered,She Loves You ,6nEkxYIEnrbYH7h1hJ8Xn6,1.4713
She Loves You ,https://open.spotify.com/embed/track/6nEkxYIEnrbYH7h1hJ8Xn6,1,The Beatles,15,Afternoon,2019,0,She Loves You - Mono / Remastered -- The Beatles,Spotify Listening History 2019 - 2022.csv,She Loves You - Mono / Remastered,She Loves You ,6nEkxYIEnrbYH7h1hJ8Xn6,1.976016667
She Loves You ,https://open.spotify.com/embed/track/6nEkxYIEnrbYH7h1hJ8Xn6,1,The Beatles,16,Afternoon,2019,0,She Loves You - Mono / Remastered -- The Beatles,Spotify Listening History 2019 - 2022.csv,She Loves You - Mono / Remastered,She Loves You ,6nEkxYIEnrbYH7h1hJ8Xn6,2.348666667
She Loves You ,https://open.spotify.com/embed/track/6nEkxYIEnrbYH7h1hJ8Xn6,1,The Beatles,11,Morning,2019,0,She Loves You - Mono / Remastered -- The Beatles,Spotify Listening History 2019 - 2022.csv,She Loves You - Mono / Remastered,She Loves You ,6nEkxYIEnrbYH7h1hJ8Xn6,1.5356
She Loves You ,https://open.spotify.com/embed/track/6nEkxYIEnrbYH7h1hJ8Xn6,1,The Beatles,11,Morning,2019,0,She Loves You - Mono / Remastered -- The Beatles,Spotify Listening History 2019 - 2022.csv,She Loves You - Mono / Remastered,She Loves You ,6nEkxYIEnrbYH7h1hJ8Xn6,2.0627
She Loves You ,https://open.spotify.com/embed/track/6nEkxYIEnrbYH7h1hJ8Xn6,1,The Beatles,17,Afternoon,2020,0,She Loves You - Mono / Remastered -- The Beatles,Spotify Listening History 2019 - 2022.csv,She Loves You - Mono / Remastered,She Loves You ,6nEkxYIEnrbYH7h1hJ8Xn6,1.475233333
She Loves You ,https://open.spotify.com/embed/track/6nEkxYIEnrbYH7h1hJ8Xn6,1,The Beatles,16,Afternoon,2020,0,She Loves You - Mono / Remastered -- The Beatles,Spotify Listening History 2019 - 2022.csv,She Loves You - Mono / Remastered,She Loves You ,6nEkxYIEnrbYH7h1hJ8Xn6,2.348666667
She Loves You ,https://open.spotify.com/embed/track/6nEkxYIEnrbYH7h1hJ8Xn6,1,The Beatles,12,Afternoon,2019,0,She Loves You - Mono / Remastered -- The Beatles,Spotify Listening History 2019 - 2022.csv,She Loves You - Mono / Remastered,She Loves You ,6nEkxYIEnrbYH7h1hJ8Xn6,2.348666667
She Loves You ,https://open.spotify.com/embed/track/6nEkxYIEnrbYH7h1hJ8Xn6,1,The Beatles,22,Evening,2020,0,She Loves You - Mono / Remastered -- The Beatles,Spotify Listening History 2019 - 2022.csv,She Loves You - Mono / Remastered,She Loves You ,6nEkxYIEnrbYH7h1hJ8Xn6,2.348666667
She Loves You ,https://open.spotify.com/embed/track/6nEkxYIEnrbYH7h1hJ8Xn6,1,The Beatles,13,Afternoon,2019,0,She Loves You - Mono / Remastered -- The Beatles,Spotify Listening History 2019 - 2022.csv,She Loves You - Mono / Remastered,She Loves You ,6nEkxYIEnrbYH7h1hJ8Xn6,1.774716667
She Loves You ,https://open.spotify.com/embed/track/6nEkxYIEnrbYH7h1hJ8Xn6,1,The Beatles,15,Afternoon,2019,0,She Loves You - Mono / Remastered -- The Beatles,Spotify Listening History 2019 - 2022.csv,She Loves You - Mono / Remastered,She Loves You ,6nEkxYIEnrbYH7h1hJ8Xn6,2.348666667
She Loves You ,https://open.spotify.com/embed/track/6nEkxYIEnrbYH7h1hJ8Xn6,1,The Beatles,21,Evening,2022,0,She Loves You - Mono / Remastered -- The Beatles,Spotify Listening History 2019 - 2022.csv,She Loves You - Mono / Remastered,She Loves You ,6nEkxYIEnrbYH7h1hJ8Xn6,2.348666667
She Loves You ,https://open.spotify.com/embed/track/6nEkxYIEnrbYH7h1hJ8Xn6,1,The Beatles,13,Afternoon,2020,0,She Loves You - Mono / Remastered -- The Beatles,Spotify Listening History 2019 - 2022.csv,She Loves You - Mono / Remastered,She Loves You ,6nEkxYIEnrbYH7h1hJ8Xn6,2.348666667
She Loves You ,https://open.spotify.com/embed/track/6nEkxYIEnrbYH7h1hJ8Xn6,1,The Beatles,13,Afternoon,2019,0,She Loves You - Mono / Remastered -- The Beatles,Spotify Listening History 2019 - 2022.csv,She Loves You - Mono / Remastered,She Loves You ,6nEkxYIEnrbYH7h1hJ8Xn6,2.348666667
She Loves You ,https://open.spotify.com/embed/track/6nEkxYIEnrbYH7h1hJ8Xn6,1,The Beatles,16,Afternoon,2019,0,She Loves You - Mono / Remastered -- The Beatles,Spotify Listening History 2019 - 2022.csv,She Loves You - Mono / Remastered,She Loves You ,6nEkxYIEnrbYH7h1hJ8Xn6,1.835533333
She Loves You ,https://open.spotify.com/embed/track/6nEkxYIEnrbYH7h1hJ8Xn6,1,The Beatles,16,Afternoon,2019,0,She Loves You - Mono / Remastered -- The Beatles,Spotify Listening History 2019 - 2022.csv,She Loves You - Mono / Remastered,She Loves You ,6nEkxYIEnrbYH7h1hJ8Xn6,2.838383333
She Loves You ,https://open.spotify.com/embed/track/6nEkxYIEnrbYH7h1hJ8Xn6,1,The Beatles,15,Afternoon,2019,0,She Loves You - Mono / Remastered -- The Beatles,Spotify Listening History 2019 - 2022.csv,She Loves You - Mono / Remastered,She Loves You ,6nEkxYIEnrbYH7h1hJ8Xn6,2.348666667
She Loves You ,https://open.spotify.com/embed/track/6nEkxYIEnrbYH7h1hJ8Xn6,1,The Beatles,0,Night,2019,0,She Loves You - Mono / Remastered -- The Beatles,Spotify Listening History 2019 - 2022.csv,She Loves You - Mono / Remastered,She Loves You ,6nEkxYIEnrbYH7h1hJ8Xn6,2.348666667
She Loves You ,https://open.spotify.com/embed/track/6nEkxYIEnrbYH7h1hJ8Xn6,1,The Beatles,17,Afternoon,2020,0,She Loves You - Mono / Remastered -- The Beatles,Spotify Listening History 2019 - 2022.csv,She Loves You - Mono / Remastered,She Loves You ,6nEkxYIEnrbYH7h1hJ8Xn6,2.348666667
She Loves You ,https://open.spotify.com/embed/track/6nEkxYIEnrbYH7h1hJ8Xn6,1,The Beatles,14,Afternoon,2020,0,She Loves You - Mono / Remastered -- The Beatles,Spotify Listening History 2019 - 2022.csv,She Loves You - Mono / Remastered,She Loves You ,6nEkxYIEnrbYH7h1hJ8Xn6,2.348666667
She Loves You ,https://open.spotify.com/embed/track/6nEkxYIEnrbYH7h1hJ8Xn6,1,The Beatles,16,Afternoon,2020,0,She Loves You - Mono / Remastered -- The Beatles,Spotify Listening History 2019 - 2022.csv,She Loves You - Mono / Remastered,She Loves You ,6nEkxYIEnrbYH7h1hJ8Xn6,2.348666667
She Loves You ,https://open.spotify.com/embed/track/6nEkxYIEnrbYH7h1hJ8Xn6,1,The Beatles,15,Afternoon,2019,0,She Loves You - Mono / Remastered -- The Beatles,Spotify Listening History 2019 - 2022.csv,She Loves You - Mono / Remastered,She Loves You ,6nEkxYIEnrbYH7h1hJ8Xn6,2.348666667
She Loves You ,https://open.spotify.com/embed/track/6nEkxYIEnrbYH7h1hJ8Xn6,1,The Beatles,22,Evening,2019,0,She Loves You - Mono / Remastered -- The Beatles,Spotify Listening History 2019 - 2022.csv,She Loves You - Mono / Remastered,She Loves You ,6nEkxYIEnrbYH7h1hJ8Xn6,4.436516667
She Loves You ,https://open.spotify.com/embed/track/6nEkxYIEnrbYH7h1hJ8Xn6,1,The Beatles,16,Afternoon,2019,0,She Loves You - Mono / Remastered -- The Beatles,Spotify Listening History 2019 - 2022.csv,She Loves You - Mono / Remastered,She Loves You ,6nEkxYIEnrbYH7h1hJ8Xn6,2.348666667
She Loves You ,https://open.spotify.com/embed/track/6nEkxYIEnrbYH7h1hJ8Xn6,1,The Beatles,13,Afternoon,2019,0,She Loves You - Mono / Remastered -- The Beatles,Spotify Listening History 2019 - 2022.csv,She Loves You - Mono / Remastered,She Loves You ,6nEkxYIEnrbYH7h1hJ8Xn6,2.348666667
She Loves You ,https://open.spotify.com/embed/track/6nEkxYIEnrbYH7h1hJ8Xn6,1,The Beatles,21,Evening,2020,0,She Loves You - Mono / Remastered -- The Beatles,Spotify Listening History 2019 - 2022.csv,She Loves You - Mono / Remastered,She Loves You ,6nEkxYIEnrbYH7h1hJ8Xn6,2.348666667
She Loves You ,https://open.spotify.com/embed/track/6nEkxYIEnrbYH7h1hJ8Xn6,1,The Beatles,12,Afternoon,2019,0,She Loves You - Mono / Remastered -- The Beatles,Spotify Listening History 2019 - 2022.csv,She Loves You - Mono / Remastered,She Loves You ,6nEkxYIEnrbYH7h1hJ8Xn6,2.348666667
She Loves You ,https://open.spotify.com/embed/track/6nEkxYIEnrbYH7h1hJ8Xn6,1,The Beatles,22,Evening,2019,0,She Loves You - Mono / Remastered -- The Beatles,Spotify Listening History 2019 - 2022.csv,She Loves You - Mono / Remastered,She Loves You ,6nEkxYIEnrbYH7h1hJ8Xn6,2.348666667
She Loves You ,https://open.spotify.com/embed/track/6nEkxYIEnrbYH7h1hJ8Xn6,1,The Beatles,16,Afternoon,2020,0,She Loves You - Mono / Remastered -- The Beatles,Spotify Listening History 2019 - 2022.csv,She Loves You - Mono / Remastered,She Loves You ,6nEkxYIEnrbYH7h1hJ8Xn6,2.348666667
She Loves You ,https://open.spotify.com/embed/track/6nEkxYIEnrbYH7h1hJ8Xn6,1,The Beatles,0,Night,2019,0,She Loves You - Mono / Remastered -- The Beatles,Spotify Listening History 2019 - 2022.csv,She Loves You - Mono / Remastered,She Loves You ,6nEkxYIEnrbYH7h1hJ8Xn6,2.348666667
She Loves You ,https://open.spotify.com/embed/track/6nEkxYIEnrbYH7h1hJ8Xn6,1,The Beatles,14,Afternoon,2019,0,She Loves You - Mono / Remastered -- The Beatles,Spotify Listening History 2019 - 2022.csv,She Loves You - Mono / Remastered,She Loves You ,6nEkxYIEnrbYH7h1hJ8Xn6,2.40945
She Loves You ,https://open.spotify.com/embed/track/6nEkxYIEnrbYH7h1hJ8Xn6,1,The Beatles,22,Evening,2020,0,She Loves You - Mono / Remastered -- The Beatles,Spotify Listening History 2019 - 2022.csv,She Loves You - Mono / Remastered,She Loves You ,6nEkxYIEnrbYH7h1hJ8Xn6,2.348666667
She Loves You ,https://open.spotify.com/embed/track/6nEkxYIEnrbYH7h1hJ8Xn6,1,The Beatles,13,Afternoon,2021,0,She Loves You - Mono / Remastered -- The Beatles,Spotify Listening History 2019 - 2022.csv,She Loves You - Mono / Remastered,She Loves You ,6nEkxYIEnrbYH7h1hJ8Xn6,2.348666667
She Loves You ,https://open.spotify.com/embed/track/6nEkxYIEnrbYH7h1hJ8Xn6,1,The Beatles,18,Evening,2019,0,She Loves You - Mono / Remastered -- The Beatles,Spotify Listening History 2019 - 2022.csv,She Loves You - Mono / Remastered,She Loves You ,6nEkxYIEnrbYH7h1hJ8Xn6,2.348666667
She Loves You ,https://open.spotify.com/embed/track/6nEkxYIEnrbYH7h1hJ8Xn6,1,The Beatles,14,Afternoon,2019,0,She Loves You - Mono / Remastered -- The Beatles,Spotify Listening History 2019 - 2022.csv,She Loves You - Mono / Remastered,She Loves You ,6nEkxYIEnrbYH7h1hJ8Xn6,2.348666667
She Loves You ,https://open.spotify.com/embed/track/6nEkxYIEnrbYH7h1hJ8Xn6,1,The Beatles,16,Afternoon,2019,0,She Loves You - Mono / Remastered -- The Beatles,Spotify Listening History 2019 - 2022.csv,She Loves You - Mono / Remastered,She Loves You ,6nEkxYIEnrbYH7h1hJ8Xn6,2.348666667
She Loves You ,https://open.spotify.com/embed/track/6nEkxYIEnrbYH7h1hJ8Xn6,1,The Beatles,11,Morning,2022,0,She Loves You - Mono / Remastered -- The Beatles,Spotify Listening History 2019 - 2022.csv,She Loves You - Mono / Remastered,She Loves You ,6nEkxYIEnrbYH7h1hJ8Xn6,2.348666667
She Loves You ,https://open.spotify.com/embed/track/6nEkxYIEnrbYH7h1hJ8Xn6,1,The Beatles,16,Afternoon,2019,0,She Loves You - Mono / Remastered -- The Beatles,Spotify Listening History 2019 - 2022.csv,She Loves You - Mono / Remastered,She Loves You ,6nEkxYIEnrbYH7h1hJ8Xn6,1.825083333
She Loves You ,https://open.spotify.com/embed/track/6nEkxYIEnrbYH7h1hJ8Xn6,1,The Beatles,13,Afternoon,2019,0,She Loves You - Mono / Remastered -- The Beatles,Spotify Listening History 2019 - 2022.csv,She Loves You - Mono / Remastered,She Loves You ,6nEkxYIEnrbYH7h1hJ8Xn6,2.348666667
She Loves You ,https://open.spotify.com/embed/track/6nEkxYIEnrbYH7h1hJ8Xn6,1,The Beatles,15,Afternoon,2019,0,She Loves You - Mono / Remastered -- The Beatles,Spotify Listening History 2019 - 2022.csv,She Loves You - Mono / Remastered,She Loves You ,6nEkxYIEnrbYH7h1hJ8Xn6,1.765866667
She Loves You ,https://open.spotify.com/embed/track/6nEkxYIEnrbYH7h1hJ8Xn6,1,The Beatles,20,Evening,2022,0,She Loves You - Mono / Remastered -- The Beatles,Spotify Listening History 2019 - 2022.csv,She Loves You - Mono / Remastered,She Loves You ,6nEkxYIEnrbYH7h1hJ8Xn6,1.905383333
She Loves You ,https://open.spotify.com/embed/track/6nEkxYIEnrbYH7h1hJ8Xn6,1,The Beatles,15,Afternoon,2019,0,She Loves You - Mono / Remastered -- The Beatles,Spotify Listening History 2019 - 2022.csv,She Loves You - Mono / Remastered,She Loves You ,6nEkxYIEnrbYH7h1hJ8Xn6,2.328183333
She Loves You ,https://open.spotify.com/embed/track/6nEkxYIEnrbYH7h1hJ8Xn6,1,The Beatles,13,Afternoon,2019,0,She Loves You - Mono / Remastered -- The Beatles,Spotify Listening History 2019 - 2022.csv,She Loves You - Mono / Remastered,She Loves You ,6nEkxYIEnrbYH7h1hJ8Xn6,2.348666667
She Loves You ,https://open.spotify.com/embed/track/6nEkxYIEnrbYH7h1hJ8Xn6,1,The Beatles,19,Evening,2020,0,She Loves You - Mono / Remastered -- The Beatles,Spotify Listening History 2019 - 2022.csv,She Loves You - Mono / Remastered,She Loves You ,6nEkxYIEnrbYH7h1hJ8Xn6,2.348666667
She Loves You ,https://open.spotify.com/embed/track/6nEkxYIEnrbYH7h1hJ8Xn6,1,The Beatles,19,Evening,2019,0,She Loves You - Mono / Remastered -- The Beatles,Spotify Listening History 2019 - 2022.csv,She Loves You - Mono / Remastered,She Loves You ,6nEkxYIEnrbYH7h1hJ8Xn6,2.348666667
She Loves You ,https://open.spotify.com/embed/track/6nEkxYIEnrbYH7h1hJ8Xn6,1,The Beatles,16,Afternoon,2019,0,She Loves You - Mono / Remastered -- The Beatles,Spotify Listening History 2019 - 2022.csv,She Loves You - Mono / Remastered,She Loves You ,6nEkxYIEnrbYH7h1hJ8Xn6,2.348666667
She Loves You ,https://open.spotify.com/embed/track/6nEkxYIEnrbYH7h1hJ8Xn6,1,The Beatles,19,Evening,2019,0,She Loves You - Mono / Remastered -- The Beatles,Spotify Listening History 2019 - 2022.csv,She Loves You - Mono / Remastered,She Loves You ,6nEkxYIEnrbYH7h1hJ8Xn6,2.348666667
She Loves You ,https://open.spotify.com/embed/track/6nEkxYIEnrbYH7h1hJ8Xn6,1,The Beatles,14,Afternoon,2019,0,She Loves You - Mono / Remastered -- The Beatles,Spotify Listening History 2019 - 2022.csv,She Loves You - Mono / Remastered,She Loves You ,6nEkxYIEnrbYH7h1hJ8Xn6,2.148616667
She Loves You ,https://open.spotify.com/embed/track/6nEkxYIEnrbYH7h1hJ8Xn6,1,The Beatles,16,Afternoon,2019,0,She Loves You - Mono / Remastered -- The Beatles,Spotify Listening History 2019 - 2022.csv,She Loves You - Mono / Remastered,She Loves You ,6nEkxYIEnrbYH7h1hJ8Xn6,2.083983333
She Loves You ,https://open.spotify.com/embed/track/6nEkxYIEnrbYH7h1hJ8Xn6,1,The Beatles,21,Evening,2022,0,She Loves You - Mono / Remastered -- The Beatles,Spotify Listening History 2019 - 2022.csv,She Loves You - Mono / Remastered,She Loves You ,6nEkxYIEnrbYH7h1hJ8Xn6,1.0432
She Loves You ,https://open.spotify.com/embed/track/6nEkxYIEnrbYH7h1hJ8Xn6,1,The Beatles,10,Morning,2019,0,She Loves You - Mono / Remastered -- The Beatles,Spotify Listening History 2019 - 2022.csv,She Loves You - Mono / Remastered,She Loves You ,6nEkxYIEnrbYH7h1hJ8Xn6,2.348666667
She Loves You ,https://open.spotify.com/embed/track/6nEkxYIEnrbYH7h1hJ8Xn6,1,The Beatles,21,Evening,2022,0,She Loves You - Mono / Remastered -- The Beatles,Spotify Listening History 2019 - 2022.csv,She Loves You - Mono / Remastered,She Loves You ,6nEkxYIEnrbYH7h1hJ8Xn6,1.0215
She Loves You ,https://open.spotify.com/embed/track/6nEkxYIEnrbYH7h1hJ8Xn6,1,The Beatles,15,Afternoon,2019,0,She Loves You - Mono / Remastered -- The Beatles,Spotify Listening History 2019 - 2022.csv,She Loves You - Mono / Remastered,She Loves You ,6nEkxYIEnrbYH7h1hJ8Xn6,2.348666667
She Loves You ,https://open.spotify.com/embed/track/6nEkxYIEnrbYH7h1hJ8Xn6,1,The Beatles,13,Afternoon,2019,0,She Loves You - Mono / Remastered -- The Beatles,Spotify Listening History 2019 - 2022.csv,She Loves You - Mono / Remastered,She Loves You ,6nEkxYIEnrbYH7h1hJ8Xn6,4.4787
She Loves You ,https://open.spotify.com/embed/track/6nEkxYIEnrbYH7h1hJ8Xn6,1,The Beatles,17,Afternoon,2019,0,She Loves You - Mono / Remastered -- The Beatles,Spotify Listening History 2019 - 2022.csv,She Loves You - Mono / Remastered,She Loves You ,6nEkxYIEnrbYH7h1hJ8Xn6,2.348666667
She Loves You ,https://open.spotify.com/embed/track/6nEkxYIEnrbYH7h1hJ8Xn6,1,The Beatles,14,Afternoon,2019,0,She Loves You - Mono / Remastered -- The Beatles,Spotify Listening History 2019 - 2022.csv,She Loves You - Mono / Remastered,She Loves You ,6nEkxYIEnrbYH7h1hJ8Xn6,2.348666667
She Loves You ,https://open.spotify.com/embed/track/6nEkxYIEnrbYH7h1hJ8Xn6,1,The Beatles,10,Morning,2019,0,She Loves You - Mono / Remastered -- The Beatles,Spotify Listening History 2019 - 2022.csv,She Loves You - Mono / Remastered,She Loves You ,6nEkxYIEnrbYH7h1hJ8Xn6,2.348666667
She Loves You ,https://open.spotify.com/embed/track/6nEkxYIEnrbYH7h1hJ8Xn6,1,The Beatles,10,Morning,2019,0,She Loves You - Mono / Remastered -- The Beatles,Spotify Listening History 2019 - 2022.csv,She Loves You - Mono / Remastered,She Loves You ,6nEkxYIEnrbYH7h1hJ8Xn6,2.348666667
She Loves You ,https://open.spotify.com/embed/track/6nEkxYIEnrbYH7h1hJ8Xn6,1,The Beatles,10,Morning,2019,0,She Loves You - Mono / Remastered -- The Beatles,Spotify Listening History 2019 - 2022.csv,She Loves You - Mono / Remastered,She Loves You ,6nEkxYIEnrbYH7h1hJ8Xn6,3.124983333
She Loves You ,https://open.spotify.com/embed/track/6nEkxYIEnrbYH7h1hJ8Xn6,1,The Beatles,23,Evening,2020,0,She Loves You - Mono / Remastered -- The Beatles,Spotify Listening History 2019 - 2022.csv,She Loves You - Mono / Remastered,She Loves You ,6nEkxYIEnrbYH7h1hJ8Xn6,1.838233333
She Loves You ,https://open.spotify.com/embed/track/6nEkxYIEnrbYH7h1hJ8Xn6,1,The Beatles,13,Afternoon,2022,0,She Loves You - Mono / Remastered -- The Beatles,Spotify Listening History 2019 - 2022.csv,She Loves You - Mono / Remastered,She Loves You ,6nEkxYIEnrbYH7h1hJ8Xn6,1.6128
She Loves You ,https://open.spotify.com/embed/track/6nEkxYIEnrbYH7h1hJ8Xn6,1,The Beatles,18,Evening,2020,0,She Loves You - Mono / Remastered -- The Beatles,Spotify Listening History 2019 - 2022.csv,She Loves You - Mono / Remastered,She Loves You ,6nEkxYIEnrbYH7h1hJ8Xn6,2.348666667
She Loves You ,https://open.spotify.com/embed/track/6nEkxYIEnrbYH7h1hJ8Xn6,1,The Beatles,23,Evening,2022,0,She Loves You - Mono / Remastered -- The Beatles,Spotify Listening History 2019 - 2022.csv,She Loves You - Mono / Remastered,She Loves You ,6nEkxYIEnrbYH7h1hJ8Xn6,2.348666667
She Loves You ,https://open.spotify.com/embed/track/6nEkxYIEnrbYH7h1hJ8Xn6,1,The Beatles,14,Afternoon,2022,0,She Loves You - Mono / Remastered -- The Beatles,Spotify Listening History 2019 - 2022.csv,She Loves You - Mono / Remastered,She Loves You ,6nEkxYIEnrbYH7h1hJ8Xn6,2.348666667
She Loves You ,https://open.spotify.com/embed/track/6nEkxYIEnrbYH7h1hJ8Xn6,1,The Beatles,18,Evening,2019,0,She Loves You - Mono / Remastered -- The Beatles,Spotify Listening History 2019 - 2022.csv,She Loves You - Mono / Remastered,She Loves You ,6nEkxYIEnrbYH7h1hJ8Xn6,2.348666667
She Loves You ,https://open.spotify.com/embed/track/6nEkxYIEnrbYH7h1hJ8Xn6,1,The Beatles,19,Evening,2022,0,She Loves You - Mono / Remastered -- The Beatles,Spotify Listening History 2019 - 2022.csv,She Loves You - Mono / Remastered,She Loves You ,6nEkxYIEnrbYH7h1hJ8Xn6,2.348666667
She Loves You ,https://open.spotify.com/embed/track/6nEkxYIEnrbYH7h1hJ8Xn6,1,The Beatles,12,Afternoon,2021,0,She Loves You - Mono / Remastered -- The Beatles,Spotify Listening History 2019 - 2022.csv,She Loves You - Mono / Remastered,She Loves You ,6nEkxYIEnrbYH7h1hJ8Xn6,2.348666667
She Loves You ,https://open.spotify.com/embed/track/6nEkxYIEnrbYH7h1hJ8Xn6,1,The Beatles,12,Afternoon,2019,0,She Loves You - Mono / Remastered -- The Beatles,Spotify Listening History 2019 - 2022.csv,She Loves You - Mono / Remastered,She Loves You ,6nEkxYIEnrbYH7h1hJ8Xn6,2.495333333
She Loves You ,https://open.spotify.com/embed/track/6nEkxYIEnrbYH7h1hJ8Xn6,1,The Beatles,12,Afternoon,2022,0,She Loves You - Mono / Remastered -- The Beatles,Spotify Listening History 2019 - 2022.csv,She Loves You - Mono / Remastered,She Loves You ,6nEkxYIEnrbYH7h1hJ8Xn6,2.348666667
She Loves You ,https://open.spotify.com/embed/track/6nEkxYIEnrbYH7h1hJ8Xn6,1,The Beatles,22,Evening,2022,0,She Loves You - Mono / Remastered -- The Beatles,Spotify Listening History 2019 - 2022.csv,She Loves You - Mono / Remastered,She Loves You ,6nEkxYIEnrbYH7h1hJ8Xn6,1.475433333
She Loves You ,https://open.spotify.com/embed/track/6nEkxYIEnrbYH7h1hJ8Xn6,1,The Beatles,10,Morning,2019,0,She Loves You - Mono / Remastered -- The Beatles,Spotify Listening History 2019 - 2022.csv,She Loves You - Mono / Remastered,She Loves You ,6nEkxYIEnrbYH7h1hJ8Xn6,2.348666667
She Loves You ,https://open.spotify.com/embed/track/6nEkxYIEnrbYH7h1hJ8Xn6,1,The Beatles,17,Afternoon,2022,0,She Loves You - Mono / Remastered -- The Beatles,Spotify Listening History 2019 - 2022.csv,She Loves You - Mono / Remastered,She Loves You ,6nEkxYIEnrbYH7h1hJ8Xn6,1.0025
She Loves You ,https://open.spotify.com/embed/track/6nEkxYIEnrbYH7h1hJ8Xn6,1,The Beatles,12,Afternoon,2019,0,She Loves You - Mono / Remastered -- The Beatles,Spotify Listening History 2019 - 2022.csv,She Loves You - Mono / Remastered,She Loves You ,6nEkxYIEnrbYH7h1hJ8Xn6,1.696983333
She Loves You ,https://open.spotify.com/embed/track/6nEkxYIEnrbYH7h1hJ8Xn6,1,The Beatles,18,Evening,2019,0,She Loves You - Mono / Remastered -- The Beatles,Spotify Listening History 2019 - 2022.csv,She Loves You - Mono / Remastered,She Loves You ,6nEkxYIEnrbYH7h1hJ8Xn6,2.348666667
She Loves You ,https://open.spotify.com/embed/track/6nEkxYIEnrbYH7h1hJ8Xn6,1,The Beatles,22,Evening,2022,0,She Loves You - Mono / Remastered -- The Beatles,Spotify Listening History 2019 - 2022.csv,She Loves You - Mono / Remastered,She Loves You ,6nEkxYIEnrbYH7h1hJ8Xn6,2.348666667
She Loves You ,https://open.spotify.com/embed/track/6nEkxYIEnrbYH7h1hJ8Xn6,1,The Beatles,8,Morning,2022,0,She Loves You - Mono / Remastered -- The Beatles,Spotify Listening History 2019 - 2022.csv,She Loves You - Mono / Remastered,She Loves You ,6nEkxYIEnrbYH7h1hJ8Xn6,2.348666667
She Loves You ,https://open.spotify.com/embed/track/6nEkxYIEnrbYH7h1hJ8Xn6,1,The Beatles,21,Evening,2022,0,She Loves You - Mono / Remastered -- The Beatles,Spotify Listening History 2019 - 2022.csv,She Loves You - Mono / Remastered,She Loves You ,6nEkxYIEnrbYH7h1hJ8Xn6,2.348666667
She Loves You ,https://open.spotify.com/embed/track/6nEkxYIEnrbYH7h1hJ8Xn6,1,The Beatles,21,Evening,2019,0,She Loves You - Mono / Remastered -- The Beatles,Spotify Listening History 2019 - 2022.csv,She Loves You - Mono / Remastered,She Loves You ,6nEkxYIEnrbYH7h1hJ8Xn6,1.25425
She Loves You ,https://open.spotify.com/embed/track/6nEkxYIEnrbYH7h1hJ8Xn6,1,The Beatles,11,Morning,2019,0,She Loves You - Mono / Remastered -- The Beatles,Spotify Listening History 2019 - 2022.csv,She Loves You - Mono / Remastered,She Loves You ,6nEkxYIEnrbYH7h1hJ8Xn6,2.348666667
She Loves You ,https://open.spotify.com/embed/track/6nEkxYIEnrbYH7h1hJ8Xn6,1,The Beatles,21,Evening,2022,0,She Loves You - Mono / Remastered -- The Beatles,Spotify Listening History 2019 - 2022.csv,She Loves You - Mono / Remastered,She Loves You ,6nEkxYIEnrbYH7h1hJ8Xn6,2.348666667
She Loves You ,https://open.spotify.com/embed/track/6nEkxYIEnrbYH7h1hJ8Xn6,1,The Beatles,10,Morning,2019,0,She Loves You - Mono / Remastered -- The Beatles,Spotify Listening History 2019 - 2022.csv,She Loves You - Mono / Remastered,She Loves You ,6nEkxYIEnrbYH7h1hJ8Xn6,2.348666667
She Loves You ,https://open.spotify.com/embed/track/6nEkxYIEnrbYH7h1hJ8Xn6,1,The Beatles,18,Evening,2019,0,She Loves You - Mono / Remastered -- The Beatles,Spotify Listening History 2019 - 2022.csv,She Loves You - Mono / Remastered,She Loves You ,6nEkxYIEnrbYH7h1hJ8Xn6,2.348666667
She Loves You ,https://open.spotify.com/embed/track/6nEkxYIEnrbYH7h1hJ8Xn6,1,The Beatles,17,Afternoon,2019,0,She Loves You - Mono / Remastered -- The Beatles,Spotify Listening History 2019 - 2022.csv,She Loves You - Mono / Remastered,She Loves You ,6nEkxYIEnrbYH7h1hJ8Xn6,2.348666667
She Loves You ,https://open.spotify.com/embed/track/6nEkxYIEnrbYH7h1hJ8Xn6,1,The Beatles,13,Afternoon,2022,0,She Loves You - Mono / Remastered -- The Beatles,Spotify Listening History 2019 - 2022.csv,She Loves You - Mono / Remastered,She Loves You ,6nEkxYIEnrbYH7h1hJ8Xn6,2.348666667
She Loves You ,https://open.spotify.com/embed/track/6nEkxYIEnrbYH7h1hJ8Xn6,1,The Beatles,19,Evening,2019,0,She Loves You - Mono / Remastered -- The Beatles,Spotify Listening History 2019 - 2022.csv,She Loves You - Mono / Remastered,She Loves You ,6nEkxYIEnrbYH7h1hJ8Xn6,2.348666667
She Loves You ,https://open.spotify.com/embed/track/6nEkxYIEnrbYH7h1hJ8Xn6,1,The Beatles,14,Afternoon,2019,0,She Loves You - Mono / Remastered -- The Beatles,Spotify Listening History 2019 - 2022.csv,She Loves You - Mono / Remastered,She Loves You ,6nEkxYIEnrbYH7h1hJ8Xn6,4.0536
She Loves You ,https://open.spotify.com/embed/track/6nEkxYIEnrbYH7h1hJ8Xn6,1,The Beatles,16,Afternoon,2019,0,She Loves You - Mono / Remastered -- The Beatles,Spotify Listening History 2019 - 2022.csv,She Loves You - Mono / Remastered,She Loves You ,6nEkxYIEnrbYH7h1hJ8Xn6,2.348666667
Nothing's Gonna Hurt You Baby,https://open.spotify.com/embed/track/64m76xtJ3QHVrajSkMMzAo,EP I.,Cigarettes After Sex,0,Night,2021,0,Nothing's Gonna Hurt You Baby -- Cigarettes After Sex,Spotify Listening History 2019 - 2022.csv,Nothing's Gonna Hurt You Baby,Nothing's Gonna Hurt You Baby,7cs7MLtAWvsdf3w5kBvfK2,4.77155
Nothing's Gonna Hurt You Baby,https://open.spotify.com/embed/track/64m76xtJ3QHVrajSkMMzAo,EP I.,Cigarettes After Sex,1,Night,2021,0,Nothing's Gonna Hurt You Baby -- Cigarettes After Sex,Spotify Listening History 2019 - 2022.csv,Nothing's Gonna Hurt You Baby,Nothing's Gonna Hurt You Baby,7cs7MLtAWvsdf3w5kBvfK2,6.059316667
Nothing's Gonna Hurt You Baby,https://open.spotify.com/embed/track/64m76xtJ3QHVrajSkMMzAo,EP I.,Cigarettes After Sex,10,Morning,2021,0,Nothing's Gonna Hurt You Baby -- Cigarettes After Sex,Spotify Listening History 2019 - 2022.csv,Nothing's Gonna Hurt You Baby,Nothing's Gonna Hurt You Baby,7cs7MLtAWvsdf3w5kBvfK2,4.77155
Nothing's Gonna Hurt You Baby,https://open.spotify.com/embed/track/64m76xtJ3QHVrajSkMMzAo,EP I.,Cigarettes After Sex,1,Night,2021,0,Nothing's Gonna Hurt You Baby -- Cigarettes After Sex,Spotify Listening History 2019 - 2022.csv,Nothing's Gonna Hurt You Baby,Nothing's Gonna Hurt You Baby,7cs7MLtAWvsdf3w5kBvfK2,4.77155
Nothing's Gonna Hurt You Baby,https://open.spotify.com/embed/track/64m76xtJ3QHVrajSkMMzAo,EP I.,Cigarettes After Sex,1,Night,2021,0,Nothing's Gonna Hurt You Baby -- Cigarettes After Sex,Spotify Listening History 2019 - 2022.csv,Nothing's Gonna Hurt You Baby,Nothing's Gonna Hurt You Baby,7cs7MLtAWvsdf3w5kBvfK2,4.77155
Nothing's Gonna Hurt You Baby,https://open.spotify.com/embed/track/64m76xtJ3QHVrajSkMMzAo,EP I.,Cigarettes After Sex,17,Afternoon,2021,0,Nothing's Gonna Hurt You Baby -- Cigarettes After Sex,Spotify Listening History 2019 - 2022.csv,Nothing's Gonna Hurt You Baby,Nothing's Gonna Hurt You Baby,7cs7MLtAWvsdf3w5kBvfK2,4.77155
Nothing's Gonna Hurt You Baby,https://open.spotify.com/embed/track/64m76xtJ3QHVrajSkMMzAo,EP I.,Cigarettes After Sex,11,Morning,2021,0,Nothing's Gonna Hurt You Baby -- Cigarettes After Sex,Spotify Listening History 2019 - 2022.csv,Nothing's Gonna Hurt You Baby,Nothing's Gonna Hurt You Baby,7cs7MLtAWvsdf3w5kBvfK2,4.77155
Nothing's Gonna Hurt You Baby,https://open.spotify.com/embed/track/64m76xtJ3QHVrajSkMMzAo,EP I.,Cigarettes After Sex,21,Evening,2021,0,Nothing's Gonna Hurt You Baby -- Cigarettes After Sex,Spotify Listening History 2019 - 2022.csv,Nothing's Gonna Hurt You Baby,Nothing's Gonna Hurt You Baby,7cs7MLtAWvsdf3w5kBvfK2,1.908866667
Nothing's Gonna Hurt You Baby,https://open.spotify.com/embed/track/64m76xtJ3QHVrajSkMMzAo,EP I.,Cigarettes After Sex,12,Afternoon,2021,0,Nothing's Gonna Hurt You Baby -- Cigarettes After Sex,Spotify Listening History 2019 - 2022.csv,Nothing's Gonna Hurt You Baby,Nothing's Gonna Hurt You Baby,7cs7MLtAWvsdf3w5kBvfK2,3.710266667
Nothing's Gonna Hurt You Baby,https://open.spotify.com/embed/track/64m76xtJ3QHVrajSkMMzAo,EP I.,Cigarettes After Sex,16,Afternoon,2021,0,Nothing's Gonna Hurt You Baby -- Cigarettes After Sex,Spotify Listening History 2019 - 2022.csv,Nothing's Gonna Hurt You Baby,Nothing's Gonna Hurt You Baby,7cs7MLtAWvsdf3w5kBvfK2,1.63655
Nothing's Gonna Hurt You Baby,https://open.spotify.com/embed/track/64m76xtJ3QHVrajSkMMzAo,EP I.,Cigarettes After Sex,9,Morning,2021,0,Nothing's Gonna Hurt You Baby -- Cigarettes After Sex,Spotify Listening History 2019 - 2022.csv,Nothing's Gonna Hurt You Baby,Nothing's Gonna Hurt You Baby,7cs7MLtAWvsdf3w5kBvfK2,4.484216667
Nothing's Gonna Hurt You Baby,https://open.spotify.com/embed/track/64m76xtJ3QHVrajSkMMzAo,EP I.,Cigarettes After Sex,9,Morning,2021,0,Nothing's Gonna Hurt You Baby -- Cigarettes After Sex,Spotify Listening History 2019 - 2022.csv,Nothing's Gonna Hurt You Baby,Nothing's Gonna Hurt You Baby,7cs7MLtAWvsdf3w5kBvfK2,3.4103
Nothing's Gonna Hurt You Baby,https://open.spotify.com/embed/track/64m76xtJ3QHVrajSkMMzAo,EP I.,Cigarettes After Sex,14,Afternoon,2021,0,Nothing's Gonna Hurt You Baby -- Cigarettes After Sex,Spotify Listening History 2019 - 2022.csv,Nothing's Gonna Hurt You Baby,Nothing's Gonna Hurt You Baby,7cs7MLtAWvsdf3w5kBvfK2,4.77155
Nothing's Gonna Hurt You Baby,https://open.spotify.com/embed/track/64m76xtJ3QHVrajSkMMzAo,EP I.,Cigarettes After Sex,20,Evening,2021,0,Nothing's Gonna Hurt You Baby -- Cigarettes After Sex,Spotify Listening History 2019 - 2022.csv,Nothing's Gonna Hurt You Baby,Nothing's Gonna Hurt You Baby,7cs7MLtAWvsdf3w5kBvfK2,1.284833333
Nothing's Gonna Hurt You Baby,https://open.spotify.com/embed/track/64m76xtJ3QHVrajSkMMzAo,EP I.,Cigarettes After Sex,14,Afternoon,2021,0,Nothing's Gonna Hurt You Baby -- Cigarettes After Sex,Spotify Listening History 2019 - 2022.csv,Nothing's Gonna Hurt You Baby,Nothing's Gonna Hurt You Baby,7cs7MLtAWvsdf3w5kBvfK2,3.784166667
Nothing's Gonna Hurt You Baby,https://open.spotify.com/embed/track/64m76xtJ3QHVrajSkMMzAo,EP I.,Cigarettes After Sex,0,Night,2021,0,Nothing's Gonna Hurt You Baby -- Cigarettes After Sex,Spotify Listening History 2019 - 2022.csv,Nothing's Gonna Hurt You Baby,Nothing's Gonna Hurt You Baby,7cs7MLtAWvsdf3w5kBvfK2,4.527283333
Nothing's Gonna Hurt You Baby,https://open.spotify.com/embed/track/64m76xtJ3QHVrajSkMMzAo,EP I.,Cigarettes After Sex,18,Evening,2021,0,Nothing's Gonna Hurt You Baby -- Cigarettes After Sex,Spotify Listening History 2019 - 2022.csv,Nothing's Gonna Hurt You Baby,Nothing's Gonna Hurt You Baby,7cs7MLtAWvsdf3w5kBvfK2,2.638916667
Nothing's Gonna Hurt You Baby,https://open.spotify.com/embed/track/64m76xtJ3QHVrajSkMMzAo,EP I.,Cigarettes After Sex,1,Night,2021,0,Nothing's Gonna Hurt You Baby -- Cigarettes After Sex,Spotify Listening History 2019 - 2022.csv,Nothing's Gonna Hurt You Baby,Nothing's Gonna Hurt You Baby,7cs7MLtAWvsdf3w5kBvfK2,4.77155
Nothing's Gonna Hurt You Baby,https://open.spotify.com/embed/track/64m76xtJ3QHVrajSkMMzAo,EP I.,Cigarettes After Sex,11,Morning,2022,0,Nothing's Gonna Hurt You Baby -- Cigarettes After Sex,Spotify Listening History 2019 - 2022.csv,Nothing's Gonna Hurt You Baby,Nothing's Gonna Hurt You Baby,7cs7MLtAWvsdf3w5kBvfK2,4.77155
Nothing's Gonna Hurt You Baby,https://open.spotify.com/embed/track/64m76xtJ3QHVrajSkMMzAo,EP I.,Cigarettes After Sex,15,Afternoon,2022,0,Nothing's Gonna Hurt You Baby -- Cigarettes After Sex,Spotify Listening History 2019 - 2022.csv,Nothing's Gonna Hurt You Baby,Nothing's Gonna Hurt You Baby,7cs7MLtAWvsdf3w5kBvfK2,4.77155
Nothing's Gonna Hurt You Baby,https://open.spotify.com/embed/track/64m76xtJ3QHVrajSkMMzAo,EP I.,Cigarettes After Sex,16,Afternoon,2019,0,Nothing's Gonna Hurt You Baby -- Cigarettes After Sex,Spotify Listening History 2019 - 2022.csv,Nothing's Gonna Hurt You Baby,Nothing's Gonna Hurt You Baby,64m76xtJ3QHVrajSkMMzAo,4.77155
Nothing's Gonna Hurt You Baby,https://open.spotify.com/embed/track/64m76xtJ3QHVrajSkMMzAo,EP I.,Cigarettes After Sex,16,Afternoon,2019,0,Nothing's Gonna Hurt You Baby -- Cigarettes After Sex,Spotify Listening History 2019 - 2022.csv,Nothing's Gonna Hurt You Baby,Nothing's Gonna Hurt You Baby,64m76xtJ3QHVrajSkMMzAo,4.77155
Nothing's Gonna Hurt You Baby,https://open.spotify.com/embed/track/64m76xtJ3QHVrajSkMMzAo,EP I.,Cigarettes After Sex,21,Evening,2019,0,Nothing's Gonna Hurt You Baby -- Cigarettes After Sex,Spotify Listening History 2019 - 2022.csv,Nothing's Gonna Hurt You Baby,Nothing's Gonna Hurt You Baby,64m76xtJ3QHVrajSkMMzAo,4.77155
Nothing's Gonna Hurt You Baby,https://open.spotify.com/embed/track/64m76xtJ3QHVrajSkMMzAo,EP I.,Cigarettes After Sex,12,Afternoon,2019,0,Nothing's Gonna Hurt You Baby -- Cigarettes After Sex,Spotify Listening History 2019 - 2022.csv,Nothing's Gonna Hurt You Baby,Nothing's Gonna Hurt You Baby,64m76xtJ3QHVrajSkMMzAo,4.77155
Nothing's Gonna Hurt You Baby,https://open.spotify.com/embed/track/64m76xtJ3QHVrajSkMMzAo,EP I.,Cigarettes After Sex,8,Morning,2019,0,Nothing's Gonna Hurt You Baby -- Cigarettes After Sex,Spotify Listening History 2019 - 2022.csv,Nothing's Gonna Hurt You Baby,Nothing's Gonna Hurt You Baby,64m76xtJ3QHVrajSkMMzAo,4.77155
Nothing's Gonna Hurt You Baby,https://open.spotify.com/embed/track/64m76xtJ3QHVrajSkMMzAo,EP I.,Cigarettes After Sex,9,Morning,2022,0,Nothing's Gonna Hurt You Baby -- Cigarettes After Sex,Spotify Listening History 2019 - 2022.csv,Nothing's Gonna Hurt You Baby,Nothing's Gonna Hurt You Baby,7cs7MLtAWvsdf3w5kBvfK2,4.77155
Nothing's Gonna Hurt You Baby,https://open.spotify.com/embed/track/64m76xtJ3QHVrajSkMMzAo,EP I.,Cigarettes After Sex,12,Afternoon,2020,0,Nothing's Gonna Hurt You Baby -- Cigarettes After Sex,Spotify Listening History 2019 - 2022.csv,Nothing's Gonna Hurt You Baby,Nothing's Gonna Hurt You Baby,64m76xtJ3QHVrajSkMMzAo,2.512766667
Nothing's Gonna Hurt You Baby,https://open.spotify.com/embed/track/64m76xtJ3QHVrajSkMMzAo,EP I.,Cigarettes After Sex,8,Morning,2020,0,Nothing's Gonna Hurt You Baby -- Cigarettes After Sex,Spotify Listening History 2019 - 2022.csv,Nothing's Gonna Hurt You Baby,Nothing's Gonna Hurt You Baby,64m76xtJ3QHVrajSkMMzAo,2.681083333
Nothing's Gonna Hurt You Baby,https://open.spotify.com/embed/track/64m76xtJ3QHVrajSkMMzAo,EP I.,Cigarettes After Sex,6,Morning,2019,0,Nothing's Gonna Hurt You Baby -- Cigarettes After Sex,Spotify Listening History 2019 - 2022.csv,Nothing's Gonna Hurt You Baby,Nothing's Gonna Hurt You Baby,64m76xtJ3QHVrajSkMMzAo,4.77155
Nothing's Gonna Hurt You Baby,https://open.spotify.com/embed/track/64m76xtJ3QHVrajSkMMzAo,EP I.,Cigarettes After Sex,10,Morning,2019,0,Nothing's Gonna Hurt You Baby -- Cigarettes After Sex,Spotify Listening History 2019 - 2022.csv,Nothing's Gonna Hurt You Baby,Nothing's Gonna Hurt You Baby,64m76xtJ3QHVrajSkMMzAo,4.77155
Nothing's Gonna Hurt You Baby,https://open.spotify.com/embed/track/64m76xtJ3QHVrajSkMMzAo,EP I.,Cigarettes After Sex,10,Morning,2022,0,Nothing's Gonna Hurt You Baby -- Cigarettes After Sex,Spotify Listening History 2019 - 2022.csv,Nothing's Gonna Hurt You Baby,Nothing's Gonna Hurt You Baby,7cs7MLtAWvsdf3w5kBvfK2,1.516766667
Nothing's Gonna Hurt You Baby,https://open.spotify.com/embed/track/64m76xtJ3QHVrajSkMMzAo,EP I.,Cigarettes After Sex,12,Afternoon,2022,0,Nothing's Gonna Hurt You Baby -- Cigarettes After Sex,Spotify Listening History 2019 - 2022.csv,Nothing's Gonna Hurt You Baby,Nothing's Gonna Hurt You Baby,7cs7MLtAWvsdf3w5kBvfK2,4.77155
Nothing's Gonna Hurt You Baby,https://open.spotify.com/embed/track/64m76xtJ3QHVrajSkMMzAo,EP I.,Cigarettes After Sex,22,Evening,2022,0,Nothing's Gonna Hurt You Baby -- Cigarettes After Sex,Spotify Listening History 2019 - 2022.csv,Nothing's Gonna Hurt You Baby,Nothing's Gonna Hurt You Baby,7cs7MLtAWvsdf3w5kBvfK2,4.77155
Nothing's Gonna Hurt You Baby,https://open.spotify.com/embed/track/64m76xtJ3QHVrajSkMMzAo,EP I.,Cigarettes After Sex,19,Evening,2019,0,Nothing's Gonna Hurt You Baby -- Cigarettes After Sex,Spotify Listening History 2019 - 2022.csv,Nothing's Gonna Hurt You Baby,Nothing's Gonna Hurt You Baby,64m76xtJ3QHVrajSkMMzAo,8.414516667
Nothing's Gonna Hurt You Baby,https://open.spotify.com/embed/track/64m76xtJ3QHVrajSkMMzAo,EP I.,Cigarettes After Sex,12,Afternoon,2022,0,Nothing's Gonna Hurt You Baby -- Cigarettes After Sex,Spotify Listening History 2019 - 2022.csv,Nothing's Gonna Hurt You Baby,Nothing's Gonna Hurt You Baby,7cs7MLtAWvsdf3w5kBvfK2,6.1966
Nothing's Gonna Hurt You Baby,https://open.spotify.com/embed/track/64m76xtJ3QHVrajSkMMzAo,EP I.,Cigarettes After Sex,13,Afternoon,2019,0,Nothing's Gonna Hurt You Baby -- Cigarettes After Sex,Spotify Listening History 2019 - 2022.csv,Nothing's Gonna Hurt You Baby,Nothing's Gonna Hurt You Baby,64m76xtJ3QHVrajSkMMzAo,4.77155
Nothing's Gonna Hurt You Baby,https://open.spotify.com/embed/track/64m76xtJ3QHVrajSkMMzAo,EP I.,Cigarettes After Sex,11,Morning,2019,0,Nothing's Gonna Hurt You Baby -- Cigarettes After Sex,Spotify Listening History 2019 - 2022.csv,Nothing's Gonna Hurt You Baby,Nothing's Gonna Hurt You Baby,64m76xtJ3QHVrajSkMMzAo,4.77155
Nothing's Gonna Hurt You Baby,https://open.spotify.com/embed/track/64m76xtJ3QHVrajSkMMzAo,EP I.,Cigarettes After Sex,18,Evening,2021,0,Nothing's Gonna Hurt You Baby -- Cigarettes After Sex,Spotify Listening History 2019 - 2022.csv,Nothing's Gonna Hurt You Baby,Nothing's Gonna Hurt You Baby,7cs7MLtAWvsdf3w5kBvfK2,4.77155
Nothing's Gonna Hurt You Baby,https://open.spotify.com/embed/track/64m76xtJ3QHVrajSkMMzAo,EP I.,Cigarettes After Sex,13,Afternoon,2021,0,Nothing's Gonna Hurt You Baby -- Cigarettes After Sex,Spotify Listening History 2019 - 2022.csv,Nothing's Gonna Hurt You Baby,Nothing's Gonna Hurt You Baby,7cs7MLtAWvsdf3w5kBvfK2,4.77155
Nothing's Gonna Hurt You Baby,https://open.spotify.com/embed/track/64m76xtJ3QHVrajSkMMzAo,EP I.,Cigarettes After Sex,3,Night,2020,0,Nothing's Gonna Hurt You Baby -- Cigarettes After Sex,Spotify Listening History 2019 - 2022.csv,Nothing's Gonna Hurt You Baby,Nothing's Gonna Hurt You Baby,64m76xtJ3QHVrajSkMMzAo,4.77155
Nothing's Gonna Hurt You Baby,https://open.spotify.com/embed/track/64m76xtJ3QHVrajSkMMzAo,EP I.,Cigarettes After Sex,0,Night,2019,0,Nothing's Gonna Hurt You Baby -- Cigarettes After Sex,Spotify Listening History 2019 - 2022.csv,Nothing's Gonna Hurt You Baby,Nothing's Gonna Hurt You Baby,64m76xtJ3QHVrajSkMMzAo,4.77155
Nothing's Gonna Hurt You Baby,https://open.spotify.com/embed/track/64m76xtJ3QHVrajSkMMzAo,EP I.,Cigarettes After Sex,0,Night,2020,0,Nothing's Gonna Hurt You Baby -- Cigarettes After Sex,Spotify Listening History 2019 - 2022.csv,Nothing's Gonna Hurt You Baby,Nothing's Gonna Hurt You Baby,64m76xtJ3QHVrajSkMMzAo,4.77155
Nothing's Gonna Hurt You Baby,https://open.spotify.com/embed/track/64m76xtJ3QHVrajSkMMzAo,EP I.,Cigarettes After Sex,2,Night,2020,0,Nothing's Gonna Hurt You Baby -- Cigarettes After Sex,Spotify Listening History 2019 - 2022.csv,Nothing's Gonna Hurt You Baby,Nothing's Gonna Hurt You Baby,64m76xtJ3QHVrajSkMMzAo,4.77155
Nothing's Gonna Hurt You Baby,https://open.spotify.com/embed/track/64m76xtJ3QHVrajSkMMzAo,EP I.,Cigarettes After Sex,23,Evening,2020,0,Nothing's Gonna Hurt You Baby -- Cigarettes After Sex,Spotify Listening History 2019 - 2022.csv,Nothing's Gonna Hurt You Baby,Nothing's Gonna Hurt You Baby,64m76xtJ3QHVrajSkMMzAo,4.77155
Nothing's Gonna Hurt You Baby,https://open.spotify.com/embed/track/64m76xtJ3QHVrajSkMMzAo,EP I.,Cigarettes After Sex,23,Evening,2020,0,Nothing's Gonna Hurt You Baby -- Cigarettes After Sex,Spotify Listening History 2019 - 2022.csv,Nothing's Gonna Hurt You Baby,Nothing's Gonna Hurt You Baby,64m76xtJ3QHVrajSkMMzAo,4.754566667
Nothing's Gonna Hurt You Baby,https://open.spotify.com/embed/track/64m76xtJ3QHVrajSkMMzAo,EP I.,Cigarettes After Sex,11,Morning,2021,0,Nothing's Gonna Hurt You Baby -- Cigarettes After Sex,Spotify Listening History 2019 - 2022.csv,Nothing's Gonna Hurt You Baby,Nothing's Gonna Hurt You Baby,7cs7MLtAWvsdf3w5kBvfK2,4.77155
Nothing's Gonna Hurt You Baby,https://open.spotify.com/embed/track/64m76xtJ3QHVrajSkMMzAo,EP I.,Cigarettes After Sex,2,Night,2020,0,Nothing's Gonna Hurt You Baby -- Cigarettes After Sex,Spotify Listening History 2019 - 2022.csv,Nothing's Gonna Hurt You Baby,Nothing's Gonna Hurt You Baby,64m76xtJ3QHVrajSkMMzAo,4.77155
Nothing's Gonna Hurt You Baby,https://open.spotify.com/embed/track/64m76xtJ3QHVrajSkMMzAo,EP I.,Cigarettes After Sex,23,Evening,2020,0,Nothing's Gonna Hurt You Baby -- Cigarettes After Sex,Spotify Listening History 2019 - 2022.csv,Nothing's Gonna Hurt You Baby,Nothing's Gonna Hurt You Baby,64m76xtJ3QHVrajSkMMzAo,4.77155
Nothing's Gonna Hurt You Baby,https://open.spotify.com/embed/track/64m76xtJ3QHVrajSkMMzAo,EP I.,Cigarettes After Sex,12,Afternoon,2022,0,Nothing's Gonna Hurt You Baby -- Cigarettes After Sex,Spotify Listening History 2019 - 2022.csv,Nothing's Gonna Hurt You Baby,Nothing's Gonna Hurt You Baby,7cs7MLtAWvsdf3w5kBvfK2,2.122833333
Nothing's Gonna Hurt You Baby,https://open.spotify.com/embed/track/64m76xtJ3QHVrajSkMMzAo,EP I.,Cigarettes After Sex,14,Afternoon,2020,0,Nothing's Gonna Hurt You Baby -- Cigarettes After Sex,Spotify Listening History 2019 - 2022.csv,Nothing's Gonna Hurt You Baby,Nothing's Gonna Hurt You Baby,64m76xtJ3QHVrajSkMMzAo,4.77155
Nothing's Gonna Hurt You Baby,https://open.spotify.com/embed/track/64m76xtJ3QHVrajSkMMzAo,EP I.,Cigarettes After Sex,2,Night,2020,0,Nothing's Gonna Hurt You Baby -- Cigarettes After Sex,Spotify Listening History 2019 - 2022.csv,Nothing's Gonna Hurt You Baby,Nothing's Gonna Hurt You Baby,64m76xtJ3QHVrajSkMMzAo,4.77155
Nothing's Gonna Hurt You Baby,https://open.spotify.com/embed/track/64m76xtJ3QHVrajSkMMzAo,EP I.,Cigarettes After Sex,1,Night,2020,0,Nothing's Gonna Hurt You Baby -- Cigarettes After Sex,Spotify Listening History 2019 - 2022.csv,Nothing's Gonna Hurt You Baby,Nothing's Gonna Hurt You Baby,64m76xtJ3QHVrajSkMMzAo,4.77155
Nothing's Gonna Hurt You Baby,https://open.spotify.com/embed/track/64m76xtJ3QHVrajSkMMzAo,EP I.,Cigarettes After Sex,23,Evening,2020,0,Nothing's Gonna Hurt You Baby -- Cigarettes After Sex,Spotify Listening History 2019 - 2022.csv,Nothing's Gonna Hurt You Baby,Nothing's Gonna Hurt You Baby,64m76xtJ3QHVrajSkMMzAo,4.77155
Nothing's Gonna Hurt You Baby,https://open.spotify.com/embed/track/64m76xtJ3QHVrajSkMMzAo,EP I.,Cigarettes After Sex,20,Evening,2020,0,Nothing's Gonna Hurt You Baby -- Cigarettes After Sex,Spotify Listening History 2019 - 2022.csv,Nothing's Gonna Hurt You Baby,Nothing's Gonna Hurt You Baby,64m76xtJ3QHVrajSkMMzAo,4.77155
Nothing's Gonna Hurt You Baby,https://open.spotify.com/embed/track/64m76xtJ3QHVrajSkMMzAo,EP I.,Cigarettes After Sex,11,Morning,2021,0,Nothing's Gonna Hurt You Baby -- Cigarettes After Sex,Spotify Listening History 2019 - 2022.csv,Nothing's Gonna Hurt You Baby,Nothing's Gonna Hurt You Baby,7cs7MLtAWvsdf3w5kBvfK2,4.77155
Nothing's Gonna Hurt You Baby,https://open.spotify.com/embed/track/64m76xtJ3QHVrajSkMMzAo,EP I.,Cigarettes After Sex,2,Night,2020,0,Nothing's Gonna Hurt You Baby -- Cigarettes After Sex,Spotify Listening History 2019 - 2022.csv,Nothing's Gonna Hurt You Baby,Nothing's Gonna Hurt You Baby,64m76xtJ3QHVrajSkMMzAo,4.77155
Nothing's Gonna Hurt You Baby,https://open.spotify.com/embed/track/64m76xtJ3QHVrajSkMMzAo,EP I.,Cigarettes After Sex,9,Morning,2021,0,Nothing's Gonna Hurt You Baby -- Cigarettes After Sex,Spotify Listening History 2019 - 2022.csv,Nothing's Gonna Hurt You Baby,Nothing's Gonna Hurt You Baby,7cs7MLtAWvsdf3w5kBvfK2,3.958883333
Nothing's Gonna Hurt You Baby,https://open.spotify.com/embed/track/64m76xtJ3QHVrajSkMMzAo,EP I.,Cigarettes After Sex,12,Afternoon,2020,0,Nothing's Gonna Hurt You Baby -- Cigarettes After Sex,Spotify Listening History 2019 - 2022.csv,Nothing's Gonna Hurt You Baby,Nothing's Gonna Hurt You Baby,7cs7MLtAWvsdf3w5kBvfK2,4.2375
Nothing's Gonna Hurt You Baby,https://open.spotify.com/embed/track/64m76xtJ3QHVrajSkMMzAo,EP I.,Cigarettes After Sex,6,Morning,2020,0,Nothing's Gonna Hurt You Baby -- Cigarettes After Sex,Spotify Listening History 2019 - 2022.csv,Nothing's Gonna Hurt You Baby,Nothing's Gonna Hurt You Baby,64m76xtJ3QHVrajSkMMzAo,4.114183333
Nothing's Gonna Hurt You Baby,https://open.spotify.com/embed/track/64m76xtJ3QHVrajSkMMzAo,EP I.,Cigarettes After Sex,6,Morning,2020,0,Nothing's Gonna Hurt You Baby -- Cigarettes After Sex,Spotify Listening History 2019 - 2022.csv,Nothing's Gonna Hurt You Baby,Nothing's Gonna Hurt You Baby,64m76xtJ3QHVrajSkMMzAo,2.439666667
Nothing's Gonna Hurt You Baby,https://open.spotify.com/embed/track/64m76xtJ3QHVrajSkMMzAo,EP I.,Cigarettes After Sex,5,Night,2019,0,Nothing's Gonna Hurt You Baby -- Cigarettes After Sex,Spotify Listening History 2019 - 2022.csv,Nothing's Gonna Hurt You Baby,Nothing's Gonna Hurt You Baby,64m76xtJ3QHVrajSkMMzAo,4.77155
Nothing's Gonna Hurt You Baby,https://open.spotify.com/embed/track/64m76xtJ3QHVrajSkMMzAo,EP I.,Cigarettes After Sex,23,Evening,2019,0,Nothing's Gonna Hurt You Baby -- Cigarettes After Sex,Spotify Listening History 2019 - 2022.csv,Nothing's Gonna Hurt You Baby,Nothing's Gonna Hurt You Baby,64m76xtJ3QHVrajSkMMzAo,4.77155
Nothing's Gonna Hurt You Baby,https://open.spotify.com/embed/track/64m76xtJ3QHVrajSkMMzAo,EP I.,Cigarettes After Sex,9,Morning,2021,0,Nothing's Gonna Hurt You Baby -- Cigarettes After Sex,Spotify Listening History 2019 - 2022.csv,Nothing's Gonna Hurt You Baby,Nothing's Gonna Hurt You Baby,7cs7MLtAWvsdf3w5kBvfK2,3.470216667
Nothing's Gonna Hurt You Baby,https://open.spotify.com/embed/track/64m76xtJ3QHVrajSkMMzAo,EP I.,Cigarettes After Sex,23,Evening,2019,0,Nothing's Gonna Hurt You Baby -- Cigarettes After Sex,Spotify Listening History 2019 - 2022.csv,Nothing's Gonna Hurt You Baby,Nothing's Gonna Hurt You Baby,64m76xtJ3QHVrajSkMMzAo,4.77155
Nothing's Gonna Hurt You Baby,https://open.spotify.com/embed/track/64m76xtJ3QHVrajSkMMzAo,EP I.,Cigarettes After Sex,2,Night,2020,0,Nothing's Gonna Hurt You Baby -- Cigarettes After Sex,Spotify Listening History 2019 - 2022.csv,Nothing's Gonna Hurt You Baby,Nothing's Gonna Hurt You Baby,64m76xtJ3QHVrajSkMMzAo,4.77155
Nothing's Gonna Hurt You Baby,https://open.spotify.com/embed/track/64m76xtJ3QHVrajSkMMzAo,EP I.,Cigarettes After Sex,11,Morning,2019,0,Nothing's Gonna Hurt You Baby -- Cigarettes After Sex,Spotify Listening History 2019 - 2022.csv,Nothing's Gonna Hurt You Baby,Nothing's Gonna Hurt You Baby,64m76xtJ3QHVrajSkMMzAo,4.77155
Nothing's Gonna Hurt You Baby,https://open.spotify.com/embed/track/64m76xtJ3QHVrajSkMMzAo,EP I.,Cigarettes After Sex,3,Night,2020,0,Nothing's Gonna Hurt You Baby -- Cigarettes After Sex,Spotify Listening History 2019 - 2022.csv,Nothing's Gonna Hurt You Baby,Nothing's Gonna Hurt You Baby,64m76xtJ3QHVrajSkMMzAo,4.77155
Nothing's Gonna Hurt You Baby,https://open.spotify.com/embed/track/64m76xtJ3QHVrajSkMMzAo,EP I.,Cigarettes After Sex,2,Night,2020,0,Nothing's Gonna Hurt You Baby -- Cigarettes After Sex,Spotify Listening History 2019 - 2022.csv,Nothing's Gonna Hurt You Baby,Nothing's Gonna Hurt You Baby,64m76xtJ3QHVrajSkMMzAo,5.61635
Nothing's Gonna Hurt You Baby,https://open.spotify.com/embed/track/64m76xtJ3QHVrajSkMMzAo,EP I.,Cigarettes After Sex,12,Afternoon,2019,0,Nothing's Gonna Hurt You Baby -- Cigarettes After Sex,Spotify Listening History 2019 - 2022.csv,Nothing's Gonna Hurt You Baby,Nothing's Gonna Hurt You Baby,64m76xtJ3QHVrajSkMMzAo,4.77155
Nothing's Gonna Hurt You Baby,https://open.spotify.com/embed/track/64m76xtJ3QHVrajSkMMzAo,EP I.,Cigarettes After Sex,17,Afternoon,2019,0,Nothing's Gonna Hurt You Baby -- Cigarettes After Sex,Spotify Listening History 2019 - 2022.csv,Nothing's Gonna Hurt You Baby,Nothing's Gonna Hurt You Baby,64m76xtJ3QHVrajSkMMzAo,3.042583333
Nothing's Gonna Hurt You Baby,https://open.spotify.com/embed/track/64m76xtJ3QHVrajSkMMzAo,EP I.,Cigarettes After Sex,16,Afternoon,2021,0,Nothing's Gonna Hurt You Baby -- Cigarettes After Sex,Spotify Listening History 2019 - 2022.csv,Nothing's Gonna Hurt You Baby,Nothing's Gonna Hurt You Baby,7cs7MLtAWvsdf3w5kBvfK2,4.77155
Nothing's Gonna Hurt You Baby,https://open.spotify.com/embed/track/64m76xtJ3QHVrajSkMMzAo,EP I.,Cigarettes After Sex,15,Afternoon,2019,0,Nothing's Gonna Hurt You Baby -- Cigarettes After Sex,Spotify Listening History 2019 - 2022.csv,Nothing's Gonna Hurt You Baby,Nothing's Gonna Hurt You Baby,64m76xtJ3QHVrajSkMMzAo,4.77155
Nothing's Gonna Hurt You Baby,https://open.spotify.com/embed/track/64m76xtJ3QHVrajSkMMzAo,EP I.,Cigarettes After Sex,20,Evening,2019,0,Nothing's Gonna Hurt You Baby -- Cigarettes After Sex,Spotify Listening History 2019 - 2022.csv,Nothing's Gonna Hurt You Baby,Nothing's Gonna Hurt You Baby,64m76xtJ3QHVrajSkMMzAo,1.545666667
Nothing's Gonna Hurt You Baby,https://open.spotify.com/embed/track/64m76xtJ3QHVrajSkMMzAo,EP I.,Cigarettes After Sex,2,Night,2020,0,Nothing's Gonna Hurt You Baby -- Cigarettes After Sex,Spotify Listening History 2019 - 2022.csv,Nothing's Gonna Hurt You Baby,Nothing's Gonna Hurt You Baby,64m76xtJ3QHVrajSkMMzAo,4.77155
Nothing's Gonna Hurt You Baby,https://open.spotify.com/embed/track/64m76xtJ3QHVrajSkMMzAo,EP I.,Cigarettes After Sex,13,Afternoon,2019,0,Nothing's Gonna Hurt You Baby -- Cigarettes After Sex,Spotify Listening History 2019 - 2022.csv,Nothing's Gonna Hurt You Baby,Nothing's Gonna Hurt You Baby,64m76xtJ3QHVrajSkMMzAo,2.8669
Nothing's Gonna Hurt You Baby,https://open.spotify.com/embed/track/64m76xtJ3QHVrajSkMMzAo,EP I.,Cigarettes After Sex,15,Afternoon,2019,0,Nothing's Gonna Hurt You Baby -- Cigarettes After Sex,Spotify Listening History 2019 - 2022.csv,Nothing's Gonna Hurt You Baby,Nothing's Gonna Hurt You Baby,64m76xtJ3QHVrajSkMMzAo,3.647066667
Nothing's Gonna Hurt You Baby,https://open.spotify.com/embed/track/64m76xtJ3QHVrajSkMMzAo,EP I.,Cigarettes After Sex,13,Afternoon,2019,0,Nothing's Gonna Hurt You Baby -- Cigarettes After Sex,Spotify Listening History 2019 - 2022.csv,Nothing's Gonna Hurt You Baby,Nothing's Gonna Hurt You Baby,64m76xtJ3QHVrajSkMMzAo,7.05885
Nothing's Gonna Hurt You Baby,https://open.spotify.com/embed/track/64m76xtJ3QHVrajSkMMzAo,EP I.,Cigarettes After Sex,18,Evening,2019,0,Nothing's Gonna Hurt You Baby -- Cigarettes After Sex,Spotify Listening History 2019 - 2022.csv,Nothing's Gonna Hurt You Baby,Nothing's Gonna Hurt You Baby,64m76xtJ3QHVrajSkMMzAo,2.822383333
Nothing's Gonna Hurt You Baby,https://open.spotify.com/embed/track/64m76xtJ3QHVrajSkMMzAo,EP I.,Cigarettes After Sex,0,Night,2019,0,Nothing's Gonna Hurt You Baby -- Cigarettes After Sex,Spotify Listening History 2019 - 2022.csv,Nothing's Gonna Hurt You Baby,Nothing's Gonna Hurt You Baby,64m76xtJ3QHVrajSkMMzAo,3.283683333
Nothing's Gonna Hurt You Baby,https://open.spotify.com/embed/track/64m76xtJ3QHVrajSkMMzAo,EP I.,Cigarettes After Sex,16,Afternoon,2019,0,Nothing's Gonna Hurt You Baby -- Cigarettes After Sex,Spotify Listening History 2019 - 2022.csv,Nothing's Gonna Hurt You Baby,Nothing's Gonna Hurt You Baby,64m76xtJ3QHVrajSkMMzAo,2.790083333
Nothing's Gonna Hurt You Baby,https://open.spotify.com/embed/track/64m76xtJ3QHVrajSkMMzAo,EP I.,Cigarettes After Sex,11,Morning,2021,0,Nothing's Gonna Hurt You Baby -- Cigarettes After Sex,Spotify Listening History 2019 - 2022.csv,Nothing's Gonna Hurt You Baby,Nothing's Gonna Hurt You Baby,7cs7MLtAWvsdf3w5kBvfK2,2.408533333
Nothing's Gonna Hurt You Baby,https://open.spotify.com/embed/track/64m76xtJ3QHVrajSkMMzAo,EP I.,Cigarettes After Sex,1,Night,2020,0,Nothing's Gonna Hurt You Baby -- Cigarettes After Sex,Spotify Listening History 2019 - 2022.csv,Nothing's Gonna Hurt You Baby,Nothing's Gonna Hurt You Baby,64m76xtJ3QHVrajSkMMzAo,4.77155
Nothing's Gonna Hurt You Baby,https://open.spotify.com/embed/track/64m76xtJ3QHVrajSkMMzAo,EP I.,Cigarettes After Sex,23,Evening,2020,0,Nothing's Gonna Hurt You Baby -- Cigarettes After Sex,Spotify Listening History 2019 - 2022.csv,Nothing's Gonna Hurt You Baby,Nothing's Gonna Hurt You Baby,64m76xtJ3QHVrajSkMMzAo,4.77155
Nothing's Gonna Hurt You Baby,https://open.spotify.com/embed/track/64m76xtJ3QHVrajSkMMzAo,EP I.,Cigarettes After Sex,23,Evening,2019,0,Nothing's Gonna Hurt You Baby -- Cigarettes After Sex,Spotify Listening History 2019 - 2022.csv,Nothing's Gonna Hurt You Baby,Nothing's Gonna Hurt You Baby,64m76xtJ3QHVrajSkMMzAo,3.878883333
Nothing's Gonna Hurt You Baby,https://open.spotify.com/embed/track/64m76xtJ3QHVrajSkMMzAo,EP I.,Cigarettes After Sex,18,Evening,2019,0,Nothing's Gonna Hurt You Baby -- Cigarettes After Sex,Spotify Listening History 2019 - 2022.csv,Nothing's Gonna Hurt You Baby,Nothing's Gonna Hurt You Baby,64m76xtJ3QHVrajSkMMzAo,4.77155
Nothing's Gonna Hurt You Baby,https://open.spotify.com/embed/track/64m76xtJ3QHVrajSkMMzAo,EP I.,Cigarettes After Sex,0,Night,2020,0,Nothing's Gonna Hurt You Baby -- Cigarettes After Sex,Spotify Listening History 2019 - 2022.csv,Nothing's Gonna Hurt You Baby,Nothing's Gonna Hurt You Baby,64m76xtJ3QHVrajSkMMzAo,4.77155
Nothing's Gonna Hurt You Baby,https://open.spotify.com/embed/track/64m76xtJ3QHVrajSkMMzAo,EP I.,Cigarettes After Sex,11,Morning,2019,0,Nothing's Gonna Hurt You Baby -- Cigarettes After Sex,Spotify Listening History 2019 - 2022.csv,Nothing's Gonna Hurt You Baby,Nothing's Gonna Hurt You Baby,64m76xtJ3QHVrajSkMMzAo,4.77155
Nothing's Gonna Hurt You Baby,https://open.spotify.com/embed/track/64m76xtJ3QHVrajSkMMzAo,EP I.,Cigarettes After Sex,0,Night,2020,0,Nothing's Gonna Hurt You Baby -- Cigarettes After Sex,Spotify Listening History 2019 - 2022.csv,Nothing's Gonna Hurt You Baby,Nothing's Gonna Hurt You Baby,64m76xtJ3QHVrajSkMMzAo,4.77155
Nothing's Gonna Hurt You Baby,https://open.spotify.com/embed/track/64m76xtJ3QHVrajSkMMzAo,EP I.,Cigarettes After Sex,0,Night,2020,0,Nothing's Gonna Hurt You Baby -- Cigarettes After Sex,Spotify Listening History 2019 - 2022.csv,Nothing's Gonna Hurt You Baby,Nothing's Gonna Hurt You Baby,64m76xtJ3QHVrajSkMMzAo,4.77155
Nothing's Gonna Hurt You Baby,https://open.spotify.com/embed/track/64m76xtJ3QHVrajSkMMzAo,EP I.,Cigarettes After Sex,0,Night,2020,0,Nothing's Gonna Hurt You Baby -- Cigarettes After Sex,Spotify Listening History 2019 - 2022.csv,Nothing's Gonna Hurt You Baby,Nothing's Gonna Hurt You Baby,64m76xtJ3QHVrajSkMMzAo,4.77155
Nothing's Gonna Hurt You Baby,https://open.spotify.com/embed/track/64m76xtJ3QHVrajSkMMzAo,EP I.,Cigarettes After Sex,11,Morning,2020,0,Nothing's Gonna Hurt You Baby -- Cigarettes After Sex,Spotify Listening History 2019 - 2022.csv,Nothing's Gonna Hurt You Baby,Nothing's Gonna Hurt You Baby,64m76xtJ3QHVrajSkMMzAo,4.2571
Nothing's Gonna Hurt You Baby,https://open.spotify.com/embed/track/64m76xtJ3QHVrajSkMMzAo,EP I.,Cigarettes After Sex,1,Night,2019,0,Nothing's Gonna Hurt You Baby -- Cigarettes After Sex,Spotify Listening History 2019 - 2022.csv,Nothing's Gonna Hurt You Baby,Nothing's Gonna Hurt You Baby,64m76xtJ3QHVrajSkMMzAo,1.759283333
Nothing's Gonna Hurt You Baby,https://open.spotify.com/embed/track/64m76xtJ3QHVrajSkMMzAo,EP I.,Cigarettes After Sex,16,Afternoon,2021,0,Nothing's Gonna Hurt You Baby -- Cigarettes After Sex,Spotify Listening History 2019 - 2022.csv,Nothing's Gonna Hurt You Baby,Nothing's Gonna Hurt You Baby,7cs7MLtAWvsdf3w5kBvfK2,4.77155
Nothing's Gonna Hurt You Baby,https://open.spotify.com/embed/track/64m76xtJ3QHVrajSkMMzAo,EP I.,Cigarettes After Sex,17,Afternoon,2019,0,Nothing's Gonna Hurt You Baby -- Cigarettes After Sex,Spotify Listening History 2019 - 2022.csv,Nothing's Gonna Hurt You Baby,Nothing's Gonna Hurt You Baby,64m76xtJ3QHVrajSkMMzAo,1.849466667
Nothing's Gonna Hurt You Baby,https://open.spotify.com/embed/track/64m76xtJ3QHVrajSkMMzAo,EP I.,Cigarettes After Sex,15,Afternoon,2019,0,Nothing's Gonna Hurt You Baby -- Cigarettes After Sex,Spotify Listening History 2019 - 2022.csv,Nothing's Gonna Hurt You Baby,Nothing's Gonna Hurt You Baby,64m76xtJ3QHVrajSkMMzAo,2.1401
Nothing's Gonna Hurt You Baby,https://open.spotify.com/embed/track/64m76xtJ3QHVrajSkMMzAo,EP I.,Cigarettes After Sex,22,Evening,2020,0,Nothing's Gonna Hurt You Baby -- Cigarettes After Sex,Spotify Listening History 2019 - 2022.csv,Nothing's Gonna Hurt You Baby,Nothing's Gonna Hurt You Baby,64m76xtJ3QHVrajSkMMzAo,4.77155
Nothing's Gonna Hurt You Baby,https://open.spotify.com/embed/track/64m76xtJ3QHVrajSkMMzAo,EP I.,Cigarettes After Sex,15,Afternoon,2019,0,Nothing's Gonna Hurt You Baby -- Cigarettes After Sex,Spotify Listening History 2019 - 2022.csv,Nothing's Gonna Hurt You Baby,Nothing's Gonna Hurt You Baby,64m76xtJ3QHVrajSkMMzAo,1.943883333
Nothing's Gonna Hurt You Baby,https://open.spotify.com/embed/track/64m76xtJ3QHVrajSkMMzAo,EP I.,Cigarettes After Sex,0,Night,2021,0,Nothing's Gonna Hurt You Baby -- Cigarettes After Sex,Spotify Listening History 2019 - 2022.csv,Nothing's Gonna Hurt You Baby,Nothing's Gonna Hurt You Baby,7cs7MLtAWvsdf3w5kBvfK2,1.847466667
Nothing's Gonna Hurt You Baby,https://open.spotify.com/embed/track/64m76xtJ3QHVrajSkMMzAo,EP I.,Cigarettes After Sex,23,Evening,2020,0,Nothing's Gonna Hurt You Baby -- Cigarettes After Sex,Spotify Listening History 2019 - 2022.csv,Nothing's Gonna Hurt You Baby,Nothing's Gonna Hurt You Baby,64m76xtJ3QHVrajSkMMzAo,4.77155
Nothing's Gonna Hurt You Baby,https://open.spotify.com/embed/track/64m76xtJ3QHVrajSkMMzAo,EP I.,Cigarettes After Sex,17,Afternoon,2019,0,Nothing's Gonna Hurt You Baby -- Cigarettes After Sex,Spotify Listening History 2019 - 2022.csv,Nothing's Gonna Hurt You Baby,Nothing's Gonna Hurt You Baby,64m76xtJ3QHVrajSkMMzAo,4.77155
Nothing's Gonna Hurt You Baby,https://open.spotify.com/embed/track/64m76xtJ3QHVrajSkMMzAo,EP I.,Cigarettes After Sex,12,Afternoon,2019,0,Nothing's Gonna Hurt You Baby -- Cigarettes After Sex,Spotify Listening History 2019 - 2022.csv,Nothing's Gonna Hurt You Baby,Nothing's Gonna Hurt You Baby,64m76xtJ3QHVrajSkMMzAo,4.77155
Nothing's Gonna Hurt You Baby,https://open.spotify.com/embed/track/64m76xtJ3QHVrajSkMMzAo,EP I.,Cigarettes After Sex,11,Morning,2019,0,Nothing's Gonna Hurt You Baby -- Cigarettes After Sex,Spotify Listening History 2019 - 2022.csv,Nothing's Gonna Hurt You Baby,Nothing's Gonna Hurt You Baby,64m76xtJ3QHVrajSkMMzAo,2.379266667
Nothing's Gonna Hurt You Baby,https://open.spotify.com/embed/track/64m76xtJ3QHVrajSkMMzAo,EP I.,Cigarettes After Sex,11,Morning,2021,0,Nothing's Gonna Hurt You Baby -- Cigarettes After Sex,Spotify Listening History 2019 - 2022.csv,Nothing's Gonna Hurt You Baby,Nothing's Gonna Hurt You Baby,7cs7MLtAWvsdf3w5kBvfK2,4.77155
Nothing's Gonna Hurt You Baby,https://open.spotify.com/embed/track/64m76xtJ3QHVrajSkMMzAo,EP I.,Cigarettes After Sex,0,Night,2020,0,Nothing's Gonna Hurt You Baby -- Cigarettes After Sex,Spotify Listening History 2019 - 2022.csv,Nothing's Gonna Hurt You Baby,Nothing's Gonna Hurt You Baby,64m76xtJ3QHVrajSkMMzAo,4.77155
Nothing's Gonna Hurt You Baby,https://open.spotify.com/embed/track/64m76xtJ3QHVrajSkMMzAo,EP I.,Cigarettes After Sex,12,Afternoon,2019,0,Nothing's Gonna Hurt You Baby -- Cigarettes After Sex,Spotify Listening History 2019 - 2022.csv,Nothing's Gonna Hurt You Baby,Nothing's Gonna Hurt You Baby,64m76xtJ3QHVrajSkMMzAo,4.503116667
Nothing's Gonna Hurt You Baby,https://open.spotify.com/embed/track/64m76xtJ3QHVrajSkMMzAo,EP I.,Cigarettes After Sex,12,Afternoon,2019,0,Nothing's Gonna Hurt You Baby -- Cigarettes After Sex,Spotify Listening History 2019 - 2022.csv,Nothing's Gonna Hurt You Baby,Nothing's Gonna Hurt You Baby,64m76xtJ3QHVrajSkMMzAo,2.404533333
Nothing's Gonna Hurt You Baby,https://open.spotify.com/embed/track/64m76xtJ3QHVrajSkMMzAo,EP I.,Cigarettes After Sex,10,Morning,2019,0,Nothing's Gonna Hurt You Baby -- Cigarettes After Sex,Spotify Listening History 2019 - 2022.csv,Nothing's Gonna Hurt You Baby,Nothing's Gonna Hurt You Baby,64m76xtJ3QHVrajSkMMzAo,2.425133333
Nothing's Gonna Hurt You Baby,https://open.spotify.com/embed/track/64m76xtJ3QHVrajSkMMzAo,EP I.,Cigarettes After Sex,21,Evening,2019,0,Nothing's Gonna Hurt You Baby -- Cigarettes After Sex,Spotify Listening History 2019 - 2022.csv,Nothing's Gonna Hurt You Baby,Nothing's Gonna Hurt You Baby,64m76xtJ3QHVrajSkMMzAo,4.77155
Nothing's Gonna Hurt You Baby,https://open.spotify.com/embed/track/64m76xtJ3QHVrajSkMMzAo,EP I.,Cigarettes After Sex,16,Afternoon,2019,0,Nothing's Gonna Hurt You Baby -- Cigarettes After Sex,Spotify Listening History 2019 - 2022.csv,Nothing's Gonna Hurt You Baby,Nothing's Gonna Hurt You Baby,64m76xtJ3QHVrajSkMMzAo,4.77155
Nothing's Gonna Hurt You Baby,https://open.spotify.com/embed/track/64m76xtJ3QHVrajSkMMzAo,EP I.,Cigarettes After Sex,1,Night,2019,0,Nothing's Gonna Hurt You Baby -- Cigarettes After Sex,Spotify Listening History 2019 - 2022.csv,Nothing's Gonna Hurt You Baby,Nothing's Gonna Hurt You Baby,64m76xtJ3QHVrajSkMMzAo,3.4381
Nothing's Gonna Hurt You Baby,https://open.spotify.com/embed/track/64m76xtJ3QHVrajSkMMzAo,EP I.,Cigarettes After Sex,12,Afternoon,2020,0,Nothing's Gonna Hurt You Baby -- Cigarettes After Sex,Spotify Listening History 2019 - 2022.csv,Nothing's Gonna Hurt You Baby,Nothing's Gonna Hurt You Baby,64m76xtJ3QHVrajSkMMzAo,2.512766667
Nothing's Gonna Hurt You Baby,https://open.spotify.com/embed/track/64m76xtJ3QHVrajSkMMzAo,EP I.,Cigarettes After Sex,8,Morning,2019,0,Nothing's Gonna Hurt You Baby -- Cigarettes After Sex,Spotify Listening History 2019 - 2022.csv,Nothing's Gonna Hurt You Baby,Nothing's Gonna Hurt You Baby,64m76xtJ3QHVrajSkMMzAo,4.4381
Nothing's Gonna Hurt You Baby,https://open.spotify.com/embed/track/64m76xtJ3QHVrajSkMMzAo,EP I.,Cigarettes After Sex,13,Afternoon,2019,0,Nothing's Gonna Hurt You Baby -- Cigarettes After Sex,Spotify Listening History 2019 - 2022.csv,Nothing's Gonna Hurt You Baby,Nothing's Gonna Hurt You Baby,64m76xtJ3QHVrajSkMMzAo,4.77155
Nothing's Gonna Hurt You Baby,https://open.spotify.com/embed/track/64m76xtJ3QHVrajSkMMzAo,EP I.,Cigarettes After Sex,13,Afternoon,2020,0,Nothing's Gonna Hurt You Baby -- Cigarettes After Sex,Spotify Listening History 2019 - 2022.csv,Nothing's Gonna Hurt You Baby,Nothing's Gonna Hurt You Baby,64m76xtJ3QHVrajSkMMzAo,4.643366667
Nothing's Gonna Hurt You Baby,https://open.spotify.com/embed/track/64m76xtJ3QHVrajSkMMzAo,EP I.,Cigarettes After Sex,11,Morning,2019,0,Nothing's Gonna Hurt You Baby -- Cigarettes After Sex,Spotify Listening History 2019 - 2022.csv,Nothing's Gonna Hurt You Baby,Nothing's Gonna Hurt You Baby,64m76xtJ3QHVrajSkMMzAo,4.4261
Nothing's Gonna Hurt You Baby,https://open.spotify.com/embed/track/64m76xtJ3QHVrajSkMMzAo,EP I.,Cigarettes After Sex,20,Evening,2020,0,Nothing's Gonna Hurt You Baby -- Cigarettes After Sex,Spotify Listening History 2019 - 2022.csv,Nothing's Gonna Hurt You Baby,Nothing's Gonna Hurt You Baby,64m76xtJ3QHVrajSkMMzAo,4.77155
Nothing's Gonna Hurt You Baby,https://open.spotify.com/embed/track/64m76xtJ3QHVrajSkMMzAo,EP I.,Cigarettes After Sex,13,Afternoon,2020,0,Nothing's Gonna Hurt You Baby -- Cigarettes After Sex,Spotify Listening History 2019 - 2022.csv,Nothing's Gonna Hurt You Baby,Nothing's Gonna Hurt You Baby,64m76xtJ3QHVrajSkMMzAo,4.77155
Nothing's Gonna Hurt You Baby,https://open.spotify.com/embed/track/64m76xtJ3QHVrajSkMMzAo,EP I.,Cigarettes After Sex,8,Morning,2022,0,Nothing's Gonna Hurt You Baby -- Cigarettes After Sex,Spotify Listening History 2019 - 2022.csv,Nothing's Gonna Hurt You Baby,Nothing's Gonna Hurt You Baby,7cs7MLtAWvsdf3w5kBvfK2,4.77155
Nothing's Gonna Hurt You Baby,https://open.spotify.com/embed/track/64m76xtJ3QHVrajSkMMzAo,EP I.,Cigarettes After Sex,2,Night,2020,0,Nothing's Gonna Hurt You Baby -- Cigarettes After Sex,Spotify Listening History 2019 - 2022.csv,Nothing's Gonna Hurt You Baby,Nothing's Gonna Hurt You Baby,64m76xtJ3QHVrajSkMMzAo,4.77155
Nothing's Gonna Hurt You Baby,https://open.spotify.com/embed/track/64m76xtJ3QHVrajSkMMzAo,EP I.,Cigarettes After Sex,20,Evening,2019,0,Nothing's Gonna Hurt You Baby -- Cigarettes After Sex,Spotify Listening History 2019 - 2022.csv,Nothing's Gonna Hurt You Baby,Nothing's Gonna Hurt You Baby,64m76xtJ3QHVrajSkMMzAo,4.77155
Nothing's Gonna Hurt You Baby,https://open.spotify.com/embed/track/64m76xtJ3QHVrajSkMMzAo,EP I.,Cigarettes After Sex,17,Afternoon,2019,0,Nothing's Gonna Hurt You Baby -- Cigarettes After Sex,Spotify Listening History 2019 - 2022.csv,Nothing's Gonna Hurt You Baby,Nothing's Gonna Hurt You Baby,64m76xtJ3QHVrajSkMMzAo,2.368433333
Nothing's Gonna Hurt You Baby,https://open.spotify.com/embed/track/64m76xtJ3QHVrajSkMMzAo,EP I.,Cigarettes After Sex,11,Morning,2019,0,Nothing's Gonna Hurt You Baby -- Cigarettes After Sex,Spotify Listening History 2019 - 2022.csv,Nothing's Gonna Hurt You Baby,Nothing's Gonna Hurt You Baby,64m76xtJ3QHVrajSkMMzAo,2.454333333
Nothing's Gonna Hurt You Baby,https://open.spotify.com/embed/track/64m76xtJ3QHVrajSkMMzAo,EP I.,Cigarettes After Sex,19,Evening,2019,0,Nothing's Gonna Hurt You Baby -- Cigarettes After Sex,Spotify Listening History 2019 - 2022.csv,Nothing's Gonna Hurt You Baby,Nothing's Gonna Hurt You Baby,64m76xtJ3QHVrajSkMMzAo,3.94275
Nothing's Gonna Hurt You Baby,https://open.spotify.com/embed/track/64m76xtJ3QHVrajSkMMzAo,EP I.,Cigarettes After Sex,0,Night,2021,0,Nothing's Gonna Hurt You Baby -- Cigarettes After Sex,Spotify Listening History 2019 - 2022.csv,Nothing's Gonna Hurt You Baby,Nothing's Gonna Hurt You Baby,7cs7MLtAWvsdf3w5kBvfK2,4.77155
Nothing's Gonna Hurt You Baby,https://open.spotify.com/embed/track/64m76xtJ3QHVrajSkMMzAo,EP I.,Cigarettes After Sex,9,Morning,2020,0,Nothing's Gonna Hurt You Baby -- Cigarettes After Sex,Spotify Listening History 2019 - 2022.csv,Nothing's Gonna Hurt You Baby,Nothing's Gonna Hurt You Baby,64m76xtJ3QHVrajSkMMzAo,4.77155
Nothing's Gonna Hurt You Baby,https://open.spotify.com/embed/track/64m76xtJ3QHVrajSkMMzAo,EP I.,Cigarettes After Sex,16,Afternoon,2019,0,Nothing's Gonna Hurt You Baby -- Cigarettes After Sex,Spotify Listening History 2019 - 2022.csv,Nothing's Gonna Hurt You Baby,Nothing's Gonna Hurt You Baby,64m76xtJ3QHVrajSkMMzAo,2.9648
Nothing's Gonna Hurt You Baby,https://open.spotify.com/embed/track/64m76xtJ3QHVrajSkMMzAo,EP I.,Cigarettes After Sex,12,Afternoon,2022,0,Nothing's Gonna Hurt You Baby -- Cigarettes After Sex,Spotify Listening History 2019 - 2022.csv,Nothing's Gonna Hurt You Baby,Nothing's Gonna Hurt You Baby,7cs7MLtAWvsdf3w5kBvfK2,4.77155
Nothing's Gonna Hurt You Baby,https://open.spotify.com/embed/track/64m76xtJ3QHVrajSkMMzAo,EP I.,Cigarettes After Sex,15,Afternoon,2019,0,Nothing's Gonna Hurt You Baby -- Cigarettes After Sex,Spotify Listening History 2019 - 2022.csv,Nothing's Gonna Hurt You Baby,Nothing's Gonna Hurt You Baby,64m76xtJ3QHVrajSkMMzAo,4.77155
Nothing's Gonna Hurt You Baby,https://open.spotify.com/embed/track/64m76xtJ3QHVrajSkMMzAo,EP I.,Cigarettes After Sex,10,Morning,2019,0,Nothing's Gonna Hurt You Baby -- Cigarettes After Sex,Spotify Listening History 2019 - 2022.csv,Nothing's Gonna Hurt You Baby,Nothing's Gonna Hurt You Baby,64m76xtJ3QHVrajSkMMzAo,4.039483333
Nothing's Gonna Hurt You Baby,https://open.spotify.com/embed/track/64m76xtJ3QHVrajSkMMzAo,EP I.,Cigarettes After Sex,11,Morning,2020,0,Nothing's Gonna Hurt You Baby -- Cigarettes After Sex,Spotify Listening History 2019 - 2022.csv,Nothing's Gonna Hurt You Baby,Nothing's Gonna Hurt You Baby,64m76xtJ3QHVrajSkMMzAo,2.416216667
Nothing's Gonna Hurt You Baby,https://open.spotify.com/embed/track/64m76xtJ3QHVrajSkMMzAo,EP I.,Cigarettes After Sex,17,Afternoon,2019,0,Nothing's Gonna Hurt You Baby -- Cigarettes After Sex,Spotify Listening History 2019 - 2022.csv,Nothing's Gonna Hurt You Baby,Nothing's Gonna Hurt You Baby,64m76xtJ3QHVrajSkMMzAo,4.77155
Nothing's Gonna Hurt You Baby,https://open.spotify.com/embed/track/64m76xtJ3QHVrajSkMMzAo,EP I.,Cigarettes After Sex,9,Morning,2019,0,Nothing's Gonna Hurt You Baby -- Cigarettes After Sex,Spotify Listening History 2019 - 2022.csv,Nothing's Gonna Hurt You Baby,Nothing's Gonna Hurt You Baby,64m76xtJ3QHVrajSkMMzAo,9.467016667
Nothing's Gonna Hurt You Baby,https://open.spotify.com/embed/track/64m76xtJ3QHVrajSkMMzAo,EP I.,Cigarettes After Sex,13,Afternoon,2020,0,Nothing's Gonna Hurt You Baby -- Cigarettes After Sex,Spotify Listening History 2019 - 2022.csv,Nothing's Gonna Hurt You Baby,Nothing's Gonna Hurt You Baby,64m76xtJ3QHVrajSkMMzAo,4.3049
Nothing's Gonna Hurt You Baby,https://open.spotify.com/embed/track/64m76xtJ3QHVrajSkMMzAo,EP I.,Cigarettes After Sex,13,Afternoon,2020,0,Nothing's Gonna Hurt You Baby -- Cigarettes After Sex,Spotify Listening History 2019 - 2022.csv,Nothing's Gonna Hurt You Baby,Nothing's Gonna Hurt You Baby,64m76xtJ3QHVrajSkMMzAo,4.3049
Nothing's Gonna Hurt You Baby,https://open.spotify.com/embed/track/64m76xtJ3QHVrajSkMMzAo,EP I.,Cigarettes After Sex,9,Morning,2019,0,Nothing's Gonna Hurt You Baby -- Cigarettes After Sex,Spotify Listening History 2019 - 2022.csv,Nothing's Gonna Hurt You Baby,Nothing's Gonna Hurt You Baby,64m76xtJ3QHVrajSkMMzAo,4.0685
Nothing's Gonna Hurt You Baby,https://open.spotify.com/embed/track/64m76xtJ3QHVrajSkMMzAo,EP I.,Cigarettes After Sex,8,Morning,2022,0,Nothing's Gonna Hurt You Baby -- Cigarettes After Sex,Spotify Listening History 2019 - 2022.csv,Nothing's Gonna Hurt You Baby,Nothing's Gonna Hurt You Baby,7cs7MLtAWvsdf3w5kBvfK2,3.46415
Nothing's Gonna Hurt You Baby,https://open.spotify.com/embed/track/64m76xtJ3QHVrajSkMMzAo,EP I.,Cigarettes After Sex,19,Evening,2019,0,Nothing's Gonna Hurt You Baby -- Cigarettes After Sex,Spotify Listening History 2019 - 2022.csv,Nothing's Gonna Hurt You Baby,Nothing's Gonna Hurt You Baby,64m76xtJ3QHVrajSkMMzAo,4.77155
Nothing's Gonna Hurt You Baby,https://open.spotify.com/embed/track/64m76xtJ3QHVrajSkMMzAo,EP I.,Cigarettes After Sex,10,Morning,2020,0,Nothing's Gonna Hurt You Baby -- Cigarettes After Sex,Spotify Listening History 2019 - 2022.csv,Nothing's Gonna Hurt You Baby,Nothing's Gonna Hurt You Baby,64m76xtJ3QHVrajSkMMzAo,1.807483333
Nothing's Gonna Hurt You Baby,https://open.spotify.com/embed/track/64m76xtJ3QHVrajSkMMzAo,EP I.,Cigarettes After Sex,21,Evening,2020,0,Nothing's Gonna Hurt You Baby -- Cigarettes After Sex,Spotify Listening History 2019 - 2022.csv,Nothing's Gonna Hurt You Baby,Nothing's Gonna Hurt You Baby,64m76xtJ3QHVrajSkMMzAo,4.77155
Nothing's Gonna Hurt You Baby,https://open.spotify.com/embed/track/64m76xtJ3QHVrajSkMMzAo,EP I.,Cigarettes After Sex,15,Afternoon,2019,0,Nothing's Gonna Hurt You Baby -- Cigarettes After Sex,Spotify Listening History 2019 - 2022.csv,Nothing's Gonna Hurt You Baby,Nothing's Gonna Hurt You Baby,64m76xtJ3QHVrajSkMMzAo,4.77155
Nothing's Gonna Hurt You Baby,https://open.spotify.com/embed/track/64m76xtJ3QHVrajSkMMzAo,EP I.,Cigarettes After Sex,20,Evening,2021,0,Nothing's Gonna Hurt You Baby -- Cigarettes After Sex,Spotify Listening History 2019 - 2022.csv,Nothing's Gonna Hurt You Baby,Nothing's Gonna Hurt You Baby,7cs7MLtAWvsdf3w5kBvfK2,4.77155
Nothing's Gonna Hurt You Baby,https://open.spotify.com/embed/track/64m76xtJ3QHVrajSkMMzAo,EP I.,Cigarettes After Sex,7,Morning,2022,0,Nothing's Gonna Hurt You Baby -- Cigarettes After Sex,Spotify Listening History 2019 - 2022.csv,Nothing's Gonna Hurt You Baby,Nothing's Gonna Hurt You Baby,7cs7MLtAWvsdf3w5kBvfK2,4.77155
Nothing's Gonna Hurt You Baby,https://open.spotify.com/embed/track/64m76xtJ3QHVrajSkMMzAo,EP I.,Cigarettes After Sex,9,Morning,2022,0,Nothing's Gonna Hurt You Baby -- Cigarettes After Sex,Spotify Listening History 2019 - 2022.csv,Nothing's Gonna Hurt You Baby,Nothing's Gonna Hurt You Baby,7cs7MLtAWvsdf3w5kBvfK2,4.77155
Nothing's Gonna Hurt You Baby,https://open.spotify.com/embed/track/64m76xtJ3QHVrajSkMMzAo,EP I.,Cigarettes After Sex,7,Morning,2020,0,Nothing's Gonna Hurt You Baby -- Cigarettes After Sex,Spotify Listening History 2019 - 2022.csv,Nothing's Gonna Hurt You Baby,Nothing's Gonna Hurt You Baby,64m76xtJ3QHVrajSkMMzAo,3.735566667
Nothing's Gonna Hurt You Baby,https://open.spotify.com/embed/track/64m76xtJ3QHVrajSkMMzAo,EP I.,Cigarettes After Sex,20,Evening,2019,0,Nothing's Gonna Hurt You Baby -- Cigarettes After Sex,Spotify Listening History 2019 - 2022.csv,Nothing's Gonna Hurt You Baby,Nothing's Gonna Hurt You Baby,64m76xtJ3QHVrajSkMMzAo,4.77155
Nothing's Gonna Hurt You Baby,https://open.spotify.com/embed/track/64m76xtJ3QHVrajSkMMzAo,EP I.,Cigarettes After Sex,7,Morning,2022,0,Nothing's Gonna Hurt You Baby -- Cigarettes After Sex,Spotify Listening History 2019 - 2022.csv,Nothing's Gonna Hurt You Baby,Nothing's Gonna Hurt You Baby,7cs7MLtAWvsdf3w5kBvfK2,1.861916667
Nothing's Gonna Hurt You Baby,https://open.spotify.com/embed/track/64m76xtJ3QHVrajSkMMzAo,EP I.,Cigarettes After Sex,21,Evening,2019,0,Nothing's Gonna Hurt You Baby -- Cigarettes After Sex,Spotify Listening History 2019 - 2022.csv,Nothing's Gonna Hurt You Baby,Nothing's Gonna Hurt You Baby,64m76xtJ3QHVrajSkMMzAo,6.766916667
Nothing's Gonna Hurt You Baby,https://open.spotify.com/embed/track/64m76xtJ3QHVrajSkMMzAo,EP I.,Cigarettes After Sex,19,Evening,2019,0,Nothing's Gonna Hurt You Baby -- Cigarettes After Sex,Spotify Listening History 2019 - 2022.csv,Nothing's Gonna Hurt You Baby,Nothing's Gonna Hurt You Baby,64m76xtJ3QHVrajSkMMzAo,6.958866667
Nothing's Gonna Hurt You Baby,https://open.spotify.com/embed/track/64m76xtJ3QHVrajSkMMzAo,EP I.,Cigarettes After Sex,17,Afternoon,2019,0,Nothing's Gonna Hurt You Baby -- Cigarettes After Sex,Spotify Listening History 2019 - 2022.csv,Nothing's Gonna Hurt You Baby,Nothing's Gonna Hurt You Baby,64m76xtJ3QHVrajSkMMzAo,4.77155
Nothing's Gonna Hurt You Baby,https://open.spotify.com/embed/track/64m76xtJ3QHVrajSkMMzAo,EP I.,Cigarettes After Sex,21,Evening,2019,0,Nothing's Gonna Hurt You Baby -- Cigarettes After Sex,Spotify Listening History 2019 - 2022.csv,Nothing's Gonna Hurt You Baby,Nothing's Gonna Hurt You Baby,64m76xtJ3QHVrajSkMMzAo,4.77155
Nothing's Gonna Hurt You Baby,https://open.spotify.com/embed/track/64m76xtJ3QHVrajSkMMzAo,EP I.,Cigarettes After Sex,1,Night,2022,0,Nothing's Gonna Hurt You Baby -- Cigarettes After Sex,Spotify Listening History 2019 - 2022.csv,Nothing's Gonna Hurt You Baby,Nothing's Gonna Hurt You Baby,7cs7MLtAWvsdf3w5kBvfK2,3.475183333
Nothing's Gonna Hurt You Baby,https://open.spotify.com/embed/track/64m76xtJ3QHVrajSkMMzAo,EP I.,Cigarettes After Sex,10,Morning,2019,0,Nothing's Gonna Hurt You Baby -- Cigarettes After Sex,Spotify Listening History 2019 - 2022.csv,Nothing's Gonna Hurt You Baby,Nothing's Gonna Hurt You Baby,64m76xtJ3QHVrajSkMMzAo,3.4021
Nothing's Gonna Hurt You Baby,https://open.spotify.com/embed/track/64m76xtJ3QHVrajSkMMzAo,EP I.,Cigarettes After Sex,21,Evening,2019,0,Nothing's Gonna Hurt You Baby -- Cigarettes After Sex,Spotify Listening History 2019 - 2022.csv,Nothing's Gonna Hurt You Baby,Nothing's Gonna Hurt You Baby,64m76xtJ3QHVrajSkMMzAo,4.77155
Nothing's Gonna Hurt You Baby,https://open.spotify.com/embed/track/64m76xtJ3QHVrajSkMMzAo,EP I.,Cigarettes After Sex,21,Evening,2022,0,Nothing's Gonna Hurt You Baby -- Cigarettes After Sex,Spotify Listening History 2019 - 2022.csv,Nothing's Gonna Hurt You Baby,Nothing's Gonna Hurt You Baby,7cs7MLtAWvsdf3w5kBvfK2,3.815516667
Nothing's Gonna Hurt You Baby,https://open.spotify.com/embed/track/64m76xtJ3QHVrajSkMMzAo,EP I.,Cigarettes After Sex,14,Afternoon,2019,0,Nothing's Gonna Hurt You Baby -- Cigarettes After Sex,Spotify Listening History 2019 - 2022.csv,Nothing's Gonna Hurt You Baby,Nothing's Gonna Hurt You Baby,64m76xtJ3QHVrajSkMMzAo,4.77155
Nothing's Gonna Hurt You Baby,https://open.spotify.com/embed/track/64m76xtJ3QHVrajSkMMzAo,EP I.,Cigarettes After Sex,8,Morning,2020,0,Nothing's Gonna Hurt You Baby -- Cigarettes After Sex,Spotify Listening History 2019 - 2022.csv,Nothing's Gonna Hurt You Baby,Nothing's Gonna Hurt You Baby,64m76xtJ3QHVrajSkMMzAo,4.77155
Nothing's Gonna Hurt You Baby,https://open.spotify.com/embed/track/64m76xtJ3QHVrajSkMMzAo,EP I.,Cigarettes After Sex,13,Afternoon,2019,0,Nothing's Gonna Hurt You Baby -- Cigarettes After Sex,Spotify Listening History 2019 - 2022.csv,Nothing's Gonna Hurt You Baby,Nothing's Gonna Hurt You Baby,64m76xtJ3QHVrajSkMMzAo,2.819283333
Nothing's Gonna Hurt You Baby,https://open.spotify.com/embed/track/64m76xtJ3QHVrajSkMMzAo,EP I.,Cigarettes After Sex,9,Morning,2022,0,Nothing's Gonna Hurt You Baby -- Cigarettes After Sex,Spotify Listening History 2019 - 2022.csv,Nothing's Gonna Hurt You Baby,Nothing's Gonna Hurt You Baby,7cs7MLtAWvsdf3w5kBvfK2,4.239183333
Nothing's Gonna Hurt You Baby,https://open.spotify.com/embed/track/64m76xtJ3QHVrajSkMMzAo,EP I.,Cigarettes After Sex,18,Evening,2020,0,Nothing's Gonna Hurt You Baby -- Cigarettes After Sex,Spotify Listening History 2019 - 2022.csv,Nothing's Gonna Hurt You Baby,Nothing's Gonna Hurt You Baby,64m76xtJ3QHVrajSkMMzAo,4.77155
Nothing's Gonna Hurt You Baby,https://open.spotify.com/embed/track/64m76xtJ3QHVrajSkMMzAo,EP I.,Cigarettes After Sex,15,Afternoon,2019,0,Nothing's Gonna Hurt You Baby -- Cigarettes After Sex,Spotify Listening History 2019 - 2022.csv,Nothing's Gonna Hurt You Baby,Nothing's Gonna Hurt You Baby,64m76xtJ3QHVrajSkMMzAo,7.507783333
Nothing's Gonna Hurt You Baby,https://open.spotify.com/embed/track/64m76xtJ3QHVrajSkMMzAo,EP I.,Cigarettes After Sex,5,Night,2019,0,Nothing's Gonna Hurt You Baby -- Cigarettes After Sex,Spotify Listening History 2019 - 2022.csv,Nothing's Gonna Hurt You Baby,Nothing's Gonna Hurt You Baby,64m76xtJ3QHVrajSkMMzAo,4.49305
Nothing's Gonna Hurt You Baby,https://open.spotify.com/embed/track/64m76xtJ3QHVrajSkMMzAo,EP I.,Cigarettes After Sex,19,Evening,2019,0,Nothing's Gonna Hurt You Baby -- Cigarettes After Sex,Spotify Listening History 2019 - 2022.csv,Nothing's Gonna Hurt You Baby,Nothing's Gonna Hurt You Baby,64m76xtJ3QHVrajSkMMzAo,4.464416667
Nothing's Gonna Hurt You Baby,https://open.spotify.com/embed/track/64m76xtJ3QHVrajSkMMzAo,EP I.,Cigarettes After Sex,14,Afternoon,2022,0,Nothing's Gonna Hurt You Baby -- Cigarettes After Sex,Spotify Listening History 2019 - 2022.csv,Nothing's Gonna Hurt You Baby,Nothing's Gonna Hurt You Baby,7cs7MLtAWvsdf3w5kBvfK2,4.77155
Nothing's Gonna Hurt You Baby,https://open.spotify.com/embed/track/64m76xtJ3QHVrajSkMMzAo,EP I.,Cigarettes After Sex,13,Afternoon,2019,0,Nothing's Gonna Hurt You Baby -- Cigarettes After Sex,Spotify Listening History 2019 - 2022.csv,Nothing's Gonna Hurt You Baby,Nothing's Gonna Hurt You Baby,64m76xtJ3QHVrajSkMMzAo,1.058433333
Nothing's Gonna Hurt You Baby,https://open.spotify.com/embed/track/64m76xtJ3QHVrajSkMMzAo,EP I.,Cigarettes After Sex,0,Night,2020,0,Nothing's Gonna Hurt You Baby -- Cigarettes After Sex,Spotify Listening History 2019 - 2022.csv,Nothing's Gonna Hurt You Baby,Nothing's Gonna Hurt You Baby,64m76xtJ3QHVrajSkMMzAo,4.77155
Nothing's Gonna Hurt You Baby,https://open.spotify.com/embed/track/64m76xtJ3QHVrajSkMMzAo,EP I.,Cigarettes After Sex,13,Afternoon,2022,0,Nothing's Gonna Hurt You Baby -- Cigarettes After Sex,Spotify Listening History 2019 - 2022.csv,Nothing's Gonna Hurt You Baby,Nothing's Gonna Hurt You Baby,7cs7MLtAWvsdf3w5kBvfK2,4.77155
Nothing's Gonna Hurt You Baby,https://open.spotify.com/embed/track/64m76xtJ3QHVrajSkMMzAo,EP I.,Cigarettes After Sex,8,Morning,2019,0,Nothing's Gonna Hurt You Baby -- Cigarettes After Sex,Spotify Listening History 2019 - 2022.csv,Nothing's Gonna Hurt You Baby,Nothing's Gonna Hurt You Baby,64m76xtJ3QHVrajSkMMzAo,4.68985
Nothing's Gonna Hurt You Baby,https://open.spotify.com/embed/track/64m76xtJ3QHVrajSkMMzAo,EP I.,Cigarettes After Sex,8,Morning,2019,0,Nothing's Gonna Hurt You Baby -- Cigarettes After Sex,Spotify Listening History 2019 - 2022.csv,Nothing's Gonna Hurt You Baby,Nothing's Gonna Hurt You Baby,64m76xtJ3QHVrajSkMMzAo,4.687683333
Nothing's Gonna Hurt You Baby,https://open.spotify.com/embed/track/64m76xtJ3QHVrajSkMMzAo,EP I.,Cigarettes After Sex,8,Morning,2022,0,Nothing's Gonna Hurt You Baby -- Cigarettes After Sex,Spotify Listening History 2019 - 2022.csv,Nothing's Gonna Hurt You Baby,Nothing's Gonna Hurt You Baby,7cs7MLtAWvsdf3w5kBvfK2,4.77155
Nothing's Gonna Hurt You Baby,https://open.spotify.com/embed/track/64m76xtJ3QHVrajSkMMzAo,EP I.,Cigarettes After Sex,15,Afternoon,2019,0,Nothing's Gonna Hurt You Baby -- Cigarettes After Sex,Spotify Listening History 2019 - 2022.csv,Nothing's Gonna Hurt You Baby,Nothing's Gonna Hurt You Baby,64m76xtJ3QHVrajSkMMzAo,2.537966667
Nothing's Gonna Hurt You Baby,https://open.spotify.com/embed/track/64m76xtJ3QHVrajSkMMzAo,EP I.,Cigarettes After Sex,11,Morning,2020,0,Nothing's Gonna Hurt You Baby -- Cigarettes After Sex,Spotify Listening History 2019 - 2022.csv,Nothing's Gonna Hurt You Baby,Nothing's Gonna Hurt You Baby,64m76xtJ3QHVrajSkMMzAo,4.0244
Nothing's Gonna Hurt You Baby,https://open.spotify.com/embed/track/64m76xtJ3QHVrajSkMMzAo,EP I.,Cigarettes After Sex,10,Morning,2019,0,Nothing's Gonna Hurt You Baby -- Cigarettes After Sex,Spotify Listening History 2019 - 2022.csv,Nothing's Gonna Hurt You Baby,Nothing's Gonna Hurt You Baby,64m76xtJ3QHVrajSkMMzAo,3.341283333
Nothing's Gonna Hurt You Baby,https://open.spotify.com/embed/track/64m76xtJ3QHVrajSkMMzAo,EP I.,Cigarettes After Sex,0,Night,2022,0,Nothing's Gonna Hurt You Baby -- Cigarettes After Sex,Spotify Listening History 2019 - 2022.csv,Nothing's Gonna Hurt You Baby,Nothing's Gonna Hurt You Baby,7cs7MLtAWvsdf3w5kBvfK2,4.77155
Nothing's Gonna Hurt You Baby,https://open.spotify.com/embed/track/64m76xtJ3QHVrajSkMMzAo,EP I.,Cigarettes After Sex,23,Evening,2019,0,Nothing's Gonna Hurt You Baby -- Cigarettes After Sex,Spotify Listening History 2019 - 2022.csv,Nothing's Gonna Hurt You Baby,Nothing's Gonna Hurt You Baby,64m76xtJ3QHVrajSkMMzAo,6.603016667
Nothing's Gonna Hurt You Baby,https://open.spotify.com/embed/track/64m76xtJ3QHVrajSkMMzAo,EP I.,Cigarettes After Sex,0,Night,2022,0,Nothing's Gonna Hurt You Baby -- Cigarettes After Sex,Spotify Listening History 2019 - 2022.csv,Nothing's Gonna Hurt You Baby,Nothing's Gonna Hurt You Baby,7cs7MLtAWvsdf3w5kBvfK2,2.4487
Nothing's Gonna Hurt You Baby,https://open.spotify.com/embed/track/64m76xtJ3QHVrajSkMMzAo,EP I.,Cigarettes After Sex,1,Night,2019,0,Nothing's Gonna Hurt You Baby -- Cigarettes After Sex,Spotify Listening History 2019 - 2022.csv,Nothing's Gonna Hurt You Baby,Nothing's Gonna Hurt You Baby,64m76xtJ3QHVrajSkMMzAo,4.77155
Nothing's Gonna Hurt You Baby,https://open.spotify.com/embed/track/64m76xtJ3QHVrajSkMMzAo,EP I.,Cigarettes After Sex,16,Afternoon,2022,0,Nothing's Gonna Hurt You Baby -- Cigarettes After Sex,Spotify Listening History 2019 - 2022.csv,Nothing's Gonna Hurt You Baby,Nothing's Gonna Hurt You Baby,7cs7MLtAWvsdf3w5kBvfK2,4.77155
Nothing's Gonna Hurt You Baby,https://open.spotify.com/embed/track/64m76xtJ3QHVrajSkMMzAo,EP I.,Cigarettes After Sex,0,Night,2019,0,Nothing's Gonna Hurt You Baby -- Cigarettes After Sex,Spotify Listening History 2019 - 2022.csv,Nothing's Gonna Hurt You Baby,Nothing's Gonna Hurt You Baby,64m76xtJ3QHVrajSkMMzAo,6.820616667
Nothing's Gonna Hurt You Baby,https://open.spotify.com/embed/track/64m76xtJ3QHVrajSkMMzAo,EP I.,Cigarettes After Sex,10,Morning,2019,0,Nothing's Gonna Hurt You Baby -- Cigarettes After Sex,Spotify Listening History 2019 - 2022.csv,Nothing's Gonna Hurt You Baby,Nothing's Gonna Hurt You Baby,64m76xtJ3QHVrajSkMMzAo,2.484133333
Nothing's Gonna Hurt You Baby,https://open.spotify.com/embed/track/64m76xtJ3QHVrajSkMMzAo,EP I.,Cigarettes After Sex,14,Afternoon,2022,0,Nothing's Gonna Hurt You Baby -- Cigarettes After Sex,Spotify Listening History 2019 - 2022.csv,Nothing's Gonna Hurt You Baby,Nothing's Gonna Hurt You Baby,7cs7MLtAWvsdf3w5kBvfK2,1.045016667
Nothing's Gonna Hurt You Baby,https://open.spotify.com/embed/track/64m76xtJ3QHVrajSkMMzAo,EP I.,Cigarettes After Sex,10,Morning,2021,0,Nothing's Gonna Hurt You Baby -- Cigarettes After Sex,Spotify Listening History 2019 - 2022.csv,Nothing's Gonna Hurt You Baby,Nothing's Gonna Hurt You Baby,7cs7MLtAWvsdf3w5kBvfK2,1.27115
Nothing's Gonna Hurt You Baby,https://open.spotify.com/embed/track/64m76xtJ3QHVrajSkMMzAo,EP I.,Cigarettes After Sex,7,Morning,2022,0,Nothing's Gonna Hurt You Baby -- Cigarettes After Sex,Spotify Listening History 2019 - 2022.csv,Nothing's Gonna Hurt You Baby,Nothing's Gonna Hurt You Baby,7cs7MLtAWvsdf3w5kBvfK2,3.8147
Nothing's Gonna Hurt You Baby,https://open.spotify.com/embed/track/64m76xtJ3QHVrajSkMMzAo,EP I.,Cigarettes After Sex,10,Morning,2021,0,Nothing's Gonna Hurt You Baby -- Cigarettes After Sex,Spotify Listening History 2019 - 2022.csv,Nothing's Gonna Hurt You Baby,Nothing's Gonna Hurt You Baby,7cs7MLtAWvsdf3w5kBvfK2,3.280583333
Nothing's Gonna Hurt You Baby,https://open.spotify.com/embed/track/64m76xtJ3QHVrajSkMMzAo,EP I.,Cigarettes After Sex,17,Afternoon,2019,0,Nothing's Gonna Hurt You Baby -- Cigarettes After Sex,Spotify Listening History 2019 - 2022.csv,Nothing's Gonna Hurt You Baby,Nothing's Gonna Hurt You Baby,64m76xtJ3QHVrajSkMMzAo,4.77155
Nothing's Gonna Hurt You Baby,https://open.spotify.com/embed/track/64m76xtJ3QHVrajSkMMzAo,EP I.,Cigarettes After Sex,23,Evening,2021,0,Nothing's Gonna Hurt You Baby -- Cigarettes After Sex,Spotify Listening History 2019 - 2022.csv,Nothing's Gonna Hurt You Baby,Nothing's Gonna Hurt You Baby,7cs7MLtAWvsdf3w5kBvfK2,4.77155
Nothing's Gonna Hurt You Baby,https://open.spotify.com/embed/track/64m76xtJ3QHVrajSkMMzAo,EP I.,Cigarettes After Sex,14,Afternoon,2019,0,Nothing's Gonna Hurt You Baby -- Cigarettes After Sex,Spotify Listening History 2019 - 2022.csv,Nothing's Gonna Hurt You Baby,Nothing's Gonna Hurt You Baby,64m76xtJ3QHVrajSkMMzAo,4.183833333
Nothing's Gonna Hurt You Baby,https://open.spotify.com/embed/track/64m76xtJ3QHVrajSkMMzAo,EP I.,Cigarettes After Sex,13,Afternoon,2019,0,Nothing's Gonna Hurt You Baby -- Cigarettes After Sex,Spotify Listening History 2019 - 2022.csv,Nothing's Gonna Hurt You Baby,Nothing's Gonna Hurt You Baby,64m76xtJ3QHVrajSkMMzAo,4.77155
Nothing's Gonna Hurt You Baby,https://open.spotify.com/embed/track/64m76xtJ3QHVrajSkMMzAo,EP I.,Cigarettes After Sex,13,Afternoon,2019,0,Nothing's Gonna Hurt You Baby -- Cigarettes After Sex,Spotify Listening History 2019 - 2022.csv,Nothing's Gonna Hurt You Baby,Nothing's Gonna Hurt You Baby,64m76xtJ3QHVrajSkMMzAo,7.968183333
Nothing's Gonna Hurt You Baby,https://open.spotify.com/embed/track/64m76xtJ3QHVrajSkMMzAo,EP I.,Cigarettes After Sex,14,Afternoon,2019,0,Nothing's Gonna Hurt You Baby -- Cigarettes After Sex,Spotify Listening History 2019 - 2022.csv,Nothing's Gonna Hurt You Baby,Nothing's Gonna Hurt You Baby,64m76xtJ3QHVrajSkMMzAo,7.227833333
Nothing's Gonna Hurt You Baby,https://open.spotify.com/embed/track/64m76xtJ3QHVrajSkMMzAo,EP I.,Cigarettes After Sex,13,Afternoon,2019,0,Nothing's Gonna Hurt You Baby -- Cigarettes After Sex,Spotify Listening History 2019 - 2022.csv,Nothing's Gonna Hurt You Baby,Nothing's Gonna Hurt You Baby,64m76xtJ3QHVrajSkMMzAo,4.77155
